{"_id":{"$oid":"51db6f72bd3543afa3000001"},"commit_id":"1bc1c0dad0b56e3cbd9115282ecf63a74b4e5469","created_at":"2013-03-06T23:03:59Z","updated_at":"2013-03-06T23:03:59Z","repo":"the_silver_searcher","issue_id":170,"user":{"login":"ggreer","id":200121},"owner":"ggreer","id":3271731}
{"_id":{"$oid":"51db6f72bd3543afa3000002"},"commit_id":"1bc1c0dad0b56e3cbd9115282ecf63a74b4e5469","created_at":"2013-03-06T23:04:54Z","updated_at":"2013-03-06T23:04:54Z","repo":"the_silver_searcher","issue_id":170,"user":{"login":"ggreer","id":200121},"owner":"ggreer","id":3271746}
{"_id":{"$oid":"51d907cbbd3543a949000001"},"commit_id":"0694ff69bd68aaec960c8f0df75b60ae23cf6411","created_at":"2012-02-18T00:23:48Z","updated_at":"2012-02-18T16:40:03Z","repo":"the_silver_searcher","user":{"login":"ggreer","id":200121},"owner":"ggreer","id":464199}
{"_id":{"$oid":"51d907cbbd3543a949000002"},"commit_id":"0694ff69bd68aaec960c8f0df75b60ae23cf6411","created_at":"2012-02-18T16:40:49Z","updated_at":"2012-02-18T16:40:49Z","repo":"the_silver_searcher","user":{"login":"igalic","id":497249},"owner":"ggreer","id":464888}
{"_id":{"$oid":"51d907cbbd3543a949000003"},"commit_id":"0694ff69bd68aaec960c8f0df75b60ae23cf6411","created_at":"2012-02-25T00:22:29Z","updated_at":"2012-02-25T00:22:29Z","repo":"the_silver_searcher","user":{"login":"ggreer","id":200121},"owner":"ggreer","id":488068}
{"_id":{"$oid":"51d5bd0dbd3543fa01000001"},"commit_id":"f5cedd7320ba5a1817f71c65a797a13c2b9d4250","created_at":"2012-03-10T06:33:39Z","updated_at":"2012-03-10T06:36:53Z","repo":"the_silver_searcher","user":{"login":"ggreer","id":200121},"owner":"ggreer","id":542351}
{"_id":{"$oid":"51195ecebd35435c29000096"},"commit_id":"b498a1ff80078d69d166863c2b73ab96778557aa","created_at":"2012-03-14T08:32:54Z","updated_at":"2012-03-14T08:32:54Z","repo":"the_silver_searcher","user":{"login":"ggreer","id":200121},"owner":"ggreer","id":556145}
{"_id":{"$oid":"51195ecebd35435c29000097"},"commit_id":"b498a1ff80078d69d166863c2b73ab96778557aa","created_at":"2012-03-14T18:56:10Z","updated_at":"2012-03-14T18:56:10Z","repo":"the_silver_searcher","user":{"login":"packetcollision","id":55787},"owner":"ggreer","id":559059}
{"_id":{"$oid":"51195ecebd35435c29000098"},"commit_id":"b498a1ff80078d69d166863c2b73ab96778557aa","created_at":"2012-03-16T00:39:58Z","updated_at":"2012-03-16T00:39:58Z","repo":"the_silver_searcher","user":{"login":"ggreer","id":200121},"owner":"ggreer","id":566286}
{"_id":{"$oid":"51da874bbd3543b510000001"},"commit_id":"c289a0de5825d3caac279e193c5d2f2ef34f6e12","created_at":"2012-03-21T02:48:39Z","updated_at":"2012-03-21T02:48:39Z","repo":"the_silver_searcher","user":{"login":"ggreer","id":200121},"owner":"ggreer","id":583644}
{"_id":{"$oid":"51dc69f8bd35433ea1000001"},"commit_id":"3eab836655b5e6f774f9f92e49ac3d06d7e24beb","created_at":"2012-09-04T16:49:46Z","updated_at":"2012-09-23T19:17:50Z","repo":"the_silver_searcher","user":{"login":"ggreer","id":200121},"owner":"ggreer","id":1524754}
{"_id":{"$oid":"51dc69f8bd35433ea1000002"},"commit_id":"3eab836655b5e6f774f9f92e49ac3d06d7e24beb","created_at":"2012-09-04T17:00:05Z","updated_at":"2012-09-23T19:17:50Z","repo":"the_silver_searcher","user":{"login":"ggreer","id":200121},"owner":"ggreer","id":1524888}
{"_id":{"$oid":"51dc69f8bd35433ea1000003"},"commit_id":"3eab836655b5e6f774f9f92e49ac3d06d7e24beb","created_at":"2012-09-04T19:01:09Z","updated_at":"2012-09-23T19:17:51Z","repo":"the_silver_searcher","user":{"login":"gjtorikian","id":64050},"owner":"ggreer","id":1526419}
{"_id":{"$oid":"51d3a855bd35437fc9000001"},"commit_id":"1a1c3fce7b87ecc4ff4b9a9b8b0ecc5c9c010bf9","created_at":"2012-09-19T22:46:23Z","updated_at":"2012-09-19T22:46:23Z","repo":"the_silver_searcher","user":{"login":"ggreer","id":200121},"owner":"ggreer","id":1645928}
{"_id":{"$oid":"51d47c86bd3543f768000001"},"commit_id":"579af6d24ab6372e99c2cae7bad7060149d47319","created_at":"2012-09-24T00:41:04Z","updated_at":"2012-09-30T00:52:35Z","repo":"the_silver_searcher","user":{"login":"rphillips","id":1963},"owner":"ggreer","id":1669713}
{"_id":{"$oid":"51d47c86bd3543f768000002"},"commit_id":"579af6d24ab6372e99c2cae7bad7060149d47319","created_at":"2012-09-24T00:59:13Z","updated_at":"2012-09-30T00:52:35Z","repo":"the_silver_searcher","user":{"login":"elliot-forty-two","id":525550},"owner":"ggreer","id":1669730}
{"_id":{"$oid":"51d47c86bd3543f768000003"},"commit_id":"579af6d24ab6372e99c2cae7bad7060149d47319","created_at":"2012-09-24T01:38:18Z","updated_at":"2012-09-30T00:52:35Z","repo":"the_silver_searcher","user":{"login":"elliot-forty-two","id":525550},"owner":"ggreer","id":1669813}
{"_id":{"$oid":"51d47c86bd3543f768000004"},"commit_id":"579af6d24ab6372e99c2cae7bad7060149d47319","created_at":"2012-09-24T11:16:05Z","updated_at":"2012-09-30T00:52:35Z","repo":"the_silver_searcher","user":{"login":"elliot-forty-two","id":525550},"owner":"ggreer","id":1672022}
{"_id":{"$oid":"51d47c86bd3543f768000005"},"commit_id":"579af6d24ab6372e99c2cae7bad7060149d47319","created_at":"2012-09-24T20:21:23Z","updated_at":"2012-09-30T00:52:35Z","repo":"the_silver_searcher","user":{"login":"ggreer","id":200121},"owner":"ggreer","id":1677378}
{"_id":{"$oid":"51d47c86bd3543f768000006"},"commit_id":"579af6d24ab6372e99c2cae7bad7060149d47319","created_at":"2012-09-24T20:21:43Z","updated_at":"2012-09-30T00:52:35Z","repo":"the_silver_searcher","user":{"login":"ggreer","id":200121},"owner":"ggreer","id":1677383}
{"_id":{"$oid":"51d47c86bd3543f768000007"},"commit_id":"579af6d24ab6372e99c2cae7bad7060149d47319","created_at":"2012-09-24T22:10:56Z","updated_at":"2012-09-30T00:52:35Z","repo":"the_silver_searcher","user":{"login":"elliot-forty-two","id":525550},"owner":"ggreer","id":1678463}
{"_id":{"$oid":"51d47c86bd3543f768000008"},"commit_id":"579af6d24ab6372e99c2cae7bad7060149d47319","created_at":"2012-09-24T22:13:23Z","updated_at":"2012-09-30T00:52:35Z","repo":"the_silver_searcher","user":{"login":"elliot-forty-two","id":525550},"owner":"ggreer","id":1678484}
{"_id":{"$oid":"51d47c86bd3543f768000009"},"commit_id":"579af6d24ab6372e99c2cae7bad7060149d47319","created_at":"2012-09-24T22:27:27Z","updated_at":"2012-09-30T00:52:35Z","repo":"the_silver_searcher","user":{"login":"ggreer","id":200121},"owner":"ggreer","id":1678601}
{"_id":{"$oid":"51d47c86bd3543f76800000a"},"commit_id":"579af6d24ab6372e99c2cae7bad7060149d47319","created_at":"2012-09-24T22:33:05Z","updated_at":"2012-09-30T00:52:35Z","repo":"the_silver_searcher","user":{"login":"elliot-forty-two","id":525550},"owner":"ggreer","id":1678641}
{"_id":{"$oid":"51d47c86bd3543f76800000b"},"commit_id":"579af6d24ab6372e99c2cae7bad7060149d47319","created_at":"2012-09-24T22:57:47Z","updated_at":"2012-09-30T00:52:35Z","repo":"the_silver_searcher","user":{"login":"ggreer","id":200121},"owner":"ggreer","id":1678817}
{"_id":{"$oid":"51d47c86bd3543f76800000c"},"commit_id":"579af6d24ab6372e99c2cae7bad7060149d47319","created_at":"2012-09-24T23:12:02Z","updated_at":"2012-09-30T00:52:35Z","repo":"the_silver_searcher","user":{"login":"elliot-forty-two","id":525550},"owner":"ggreer","id":1678923}
{"_id":{"$oid":"51d47c86bd3543f76800000d"},"commit_id":"579af6d24ab6372e99c2cae7bad7060149d47319","created_at":"2012-09-24T23:26:49Z","updated_at":"2012-09-30T00:52:35Z","repo":"the_silver_searcher","user":{"login":"ggreer","id":200121},"owner":"ggreer","id":1679016}
{"_id":{"$oid":"51d47c86bd3543f76800000e"},"commit_id":"579af6d24ab6372e99c2cae7bad7060149d47319","created_at":"2012-09-24T23:30:31Z","updated_at":"2012-09-30T00:52:35Z","repo":"the_silver_searcher","user":{"login":"ggreer","id":200121},"owner":"ggreer","id":1679039}
{"_id":{"$oid":"51d47c86bd3543f76800000f"},"commit_id":"579af6d24ab6372e99c2cae7bad7060149d47319","created_at":"2012-09-28T06:12:18Z","updated_at":"2012-09-30T00:52:35Z","repo":"the_silver_searcher","user":{"login":"ggreer","id":200121},"owner":"ggreer","id":1714862}
{"_id":{"$oid":"51d47c86bd3543f768000010"},"commit_id":"579af6d24ab6372e99c2cae7bad7060149d47319","created_at":"2012-09-28T06:14:25Z","updated_at":"2012-09-30T00:52:35Z","repo":"the_silver_searcher","user":{"login":"ggreer","id":200121},"owner":"ggreer","id":1714869}
{"_id":{"$oid":"51d47c86bd3543f768000011"},"commit_id":"579af6d24ab6372e99c2cae7bad7060149d47319","created_at":"2012-09-28T06:15:01Z","updated_at":"2012-09-30T00:52:35Z","repo":"the_silver_searcher","user":{"login":"ggreer","id":200121},"owner":"ggreer","id":1714875}
{"_id":{"$oid":"51d47c86bd3543f768000012"},"commit_id":"579af6d24ab6372e99c2cae7bad7060149d47319","created_at":"2012-09-28T06:20:35Z","updated_at":"2012-09-30T00:52:35Z","repo":"the_silver_searcher","user":{"login":"ggreer","id":200121},"owner":"ggreer","id":1714888}
{"_id":{"$oid":"51d47c86bd3543f768000013"},"commit_id":"579af6d24ab6372e99c2cae7bad7060149d47319","created_at":"2012-09-28T08:20:04Z","updated_at":"2012-09-30T00:52:35Z","repo":"the_silver_searcher","user":{"login":"elliot-forty-two","id":525550},"owner":"ggreer","id":1715452}
{"_id":{"$oid":"51d47c86bd3543f768000014"},"commit_id":"579af6d24ab6372e99c2cae7bad7060149d47319","created_at":"2012-09-28T08:21:39Z","updated_at":"2012-09-30T00:52:35Z","repo":"the_silver_searcher","user":{"login":"elliot-forty-two","id":525550},"owner":"ggreer","id":1715461}
{"_id":{"$oid":"51d47c86bd3543f768000015"},"commit_id":"579af6d24ab6372e99c2cae7bad7060149d47319","created_at":"2012-09-29T18:37:39Z","updated_at":"2012-09-30T00:52:35Z","repo":"the_silver_searcher","user":{"login":"ggreer","id":200121},"owner":"ggreer","id":1723750}
{"_id":{"$oid":"51d47c86bd3543f768000016"},"commit_id":"579af6d24ab6372e99c2cae7bad7060149d47319","created_at":"2012-09-30T00:53:19Z","updated_at":"2012-09-30T00:53:19Z","repo":"the_silver_searcher","user":{"login":"elliot-forty-two","id":525550},"owner":"ggreer","id":1724117}
{"_id":{"$oid":"51d47c86bd3543f768000017"},"commit_id":"579af6d24ab6372e99c2cae7bad7060149d47319","created_at":"2012-09-30T00:54:20Z","updated_at":"2012-09-30T00:54:20Z","repo":"the_silver_searcher","user":{"login":"elliot-forty-two","id":525550},"owner":"ggreer","id":1724118}
{"_id":{"$oid":"51d47c86bd3543f768000018"},"commit_id":"579af6d24ab6372e99c2cae7bad7060149d47319","created_at":"2012-09-30T03:59:44Z","updated_at":"2012-09-30T03:59:44Z","repo":"the_silver_searcher","user":{"login":"ggreer","id":200121},"owner":"ggreer","id":1724205}
{"_id":{"$oid":"51d4cfcbbd35434e85000001"},"commit_id":"420e7e92c7d294318fa40aa7a6931f1bbc883962","created_at":"2012-10-01T20:24:46Z","updated_at":"2012-10-02T06:43:44Z","repo":"the_silver_searcher","user":{"login":"ggreer","id":200121},"owner":"ggreer","id":1732461}
{"_id":{"$oid":"51d4cfcbbd35434e85000002"},"commit_id":"420e7e92c7d294318fa40aa7a6931f1bbc883962","created_at":"2012-10-01T20:27:30Z","updated_at":"2012-10-02T06:43:44Z","repo":"the_silver_searcher","user":{"login":"c4rlo","id":435950},"owner":"ggreer","id":1732499}
{"_id":{"$oid":"51d4cfcbbd35434e85000003"},"commit_id":"420e7e92c7d294318fa40aa7a6931f1bbc883962","created_at":"2012-10-01T20:30:09Z","updated_at":"2012-10-02T06:43:44Z","repo":"the_silver_searcher","user":{"login":"ggreer","id":200121},"owner":"ggreer","id":1732534}
{"_id":{"$oid":"51195ea3bd35435c29000079"},"commit_id":"7713f941f583b98db89d7791ad4ab0451258f43a","created_at":"2012-10-14T00:45:04Z","updated_at":"2012-10-14T11:07:10Z","repo":"the_silver_searcher","user":{"login":"ggreer","id":200121},"owner":"ggreer","id":1836666}
{"_id":{"$oid":"51195ea3bd35435c2900007a"},"commit_id":"7713f941f583b98db89d7791ad4ab0451258f43a","created_at":"2012-10-15T18:54:45Z","updated_at":"2012-10-15T19:00:34Z","repo":"the_silver_searcher","user":{"login":"ggreer","id":200121},"owner":"ggreer","id":1845764}
{"_id":{"$oid":"51195ea2bd35435c29000077"},"commit_id":"250ba4a2f1d9977404f73a1ccb2e4777433b139a","created_at":"2012-10-12T20:35:17Z","updated_at":"2012-10-14T10:29:14Z","repo":"the_silver_searcher","user":{"login":"ggreer","id":200121},"owner":"ggreer","id":1833702}
{"_id":{"$oid":"51195ea2bd35435c29000078"},"commit_id":"250ba4a2f1d9977404f73a1ccb2e4777433b139a","created_at":"2012-10-12T21:50:34Z","updated_at":"2012-10-14T10:29:14Z","repo":"the_silver_searcher","user":{"login":"ggreer","id":200121},"owner":"ggreer","id":1834297}
{"_id":{"$oid":"51195e43bd35435c2900005b"},"commit_id":"27ad186507773485b392a248d61cf44e3a218dc5","created_at":"2012-11-17T20:56:16Z","updated_at":"2012-11-17T20:56:16Z","repo":"the_silver_searcher","user":{"login":"ggreer","id":200121},"owner":"ggreer","id":2160234}
{"_id":{"$oid":"51195e43bd35435c2900005c"},"commit_id":"27ad186507773485b392a248d61cf44e3a218dc5","created_at":"2012-11-17T21:00:30Z","updated_at":"2012-11-17T21:00:30Z","repo":"the_silver_searcher","user":{"login":"AndrewRadev","id":124255},"owner":"ggreer","id":2160239}
{"_id":{"$oid":"51195e43bd35435c2900005d"},"commit_id":"27ad186507773485b392a248d61cf44e3a218dc5","created_at":"2012-11-17T21:04:32Z","updated_at":"2012-11-17T21:04:32Z","repo":"the_silver_searcher","user":{"login":"ggreer","id":200121},"owner":"ggreer","id":2160244}
{"_id":{"$oid":"51195e43bd35435c2900005e"},"commit_id":"27ad186507773485b392a248d61cf44e3a218dc5","created_at":"2012-11-17T21:12:38Z","updated_at":"2012-11-17T21:12:38Z","repo":"the_silver_searcher","user":{"login":"AndrewRadev","id":124255},"owner":"ggreer","id":2160252}
{"_id":{"$oid":"51d993fbbd35439060000001"},"commit_id":"570bae199fe291481821ecf16929fcf175182060","created_at":"2012-12-22T20:42:21Z","updated_at":"2012-12-23T10:41:40Z","repo":"the_silver_searcher","user":{"login":"ggreer","id":200121},"owner":"ggreer","id":2495363}
{"_id":{"$oid":"51d6ebafbd35433139000001"},"commit_id":"34cec74cc3574bdd004e75348930425ed633666f","created_at":"2013-01-22T07:19:55Z","updated_at":"2013-01-22T18:36:07Z","repo":"the_silver_searcher","user":{"login":"ggreer","id":200121},"owner":"ggreer","id":2722352}
{"_id":{"$oid":"51d6ebafbd35433139000002"},"commit_id":"34cec74cc3574bdd004e75348930425ed633666f","created_at":"2013-01-22T07:23:17Z","updated_at":"2013-01-22T18:36:07Z","repo":"the_silver_searcher","user":{"login":"ggreer","id":200121},"owner":"ggreer","id":2722379}
{"_id":{"$oid":"51d6ebafbd35433139000003"},"commit_id":"34cec74cc3574bdd004e75348930425ed633666f","created_at":"2013-02-06T20:25:19Z","updated_at":"2013-02-06T20:25:19Z","repo":"the_silver_searcher","user":{"login":"ggreer","id":200121},"owner":"ggreer","id":2916672}
{"_id":{"$oid":"54b9e6b2bd3543143d002705"},"commit_id":"1bc1c0dad0b56e3cbd9115282ecf63a74b4e5469","created_at":"2013-03-06T23:03:59Z","updated_at":"2013-03-06T23:03:59Z","repo":"the_silver_searcher","user":{"login":"ggreer","id":200121},"owner":"ggreer","id":3271731}
{"_id":{"$oid":"54b9e6b2bd3543143d002706"},"commit_id":"1bc1c0dad0b56e3cbd9115282ecf63a74b4e5469","created_at":"2013-03-06T23:04:54Z","updated_at":"2013-03-06T23:04:54Z","repo":"the_silver_searcher","user":{"login":"ggreer","id":200121},"owner":"ggreer","id":3271746}
{"_id":{"$oid":"51dbf00cbd35434c03000001"},"commit_id":"101b122504e9bdb3547c279d339224442ea981b1","created_at":"2013-03-11T00:35:35Z","updated_at":"2013-03-11T00:35:35Z","repo":"the_silver_searcher","user":{"login":"ggreer","id":200121},"owner":"ggreer","id":3311256}
{"_id":{"$oid":"5207f0cebd354302e5000072"},"commit_id":"88ed0a429a0feb894e92cbe8e5b51d39a0b51c93","created_at":"2013-08-11T20:14:48Z","updated_at":"2013-08-11T20:14:48Z","repo":"the_silver_searcher","user":{"login":"samjsharpe","id":1733719},"owner":"ggreer","id":5700976}
{"_id":{"$oid":"5207f0e5bd354302b6000060"},"commit_id":"88ed0a429a0feb894e92cbe8e5b51d39a0b51c93","created_at":"2013-08-11T20:14:48Z","updated_at":"2013-08-11T20:14:48Z","repo":"the_silver_searcher","user":{"login":"samjsharpe","id":1733719},"owner":"ggreer","id":5700976}
{"_id":{"$oid":"5207f191bd354302f900009f"},"commit_id":"88ed0a429a0feb894e92cbe8e5b51d39a0b51c93","created_at":"2013-08-11T20:18:06Z","updated_at":"2013-08-11T20:18:06Z","repo":"the_silver_searcher","user":{"login":"samjsharpe","id":1733719},"owner":"ggreer","id":5700986}
{"_id":{"$oid":"53e82db9bd3543a320026cd0"},"commit_id":"afede5f0654b89bf5f5400155b3f5e033aeb6a42","created_at":"2014-08-11T02:43:02Z","updated_at":"2014-08-11T02:43:02Z","repo":"the_silver_searcher","user":{"login":"ggreer","id":200121},"owner":"ggreer","id":16036101}
{"_id":{"$oid":"53e82dc4bd3543a37c01af4c"},"commit_id":"afede5f0654b89bf5f5400155b3f5e033aeb6a42","created_at":"2014-08-11T02:43:13Z","updated_at":"2014-08-11T02:43:13Z","repo":"the_silver_searcher","user":{"login":"ggreer","id":200121},"owner":"ggreer","id":16036104}
{"_id":{"$oid":"524b2b97bd3543b9b8001050"},"commit_id":"42a3516092a09f941186b426a6fbdc513fac0fe1","created_at":"2013-10-01T20:07:47Z","updated_at":"2013-10-01T20:07:47Z","repo":"the_silver_searcher","user":{"login":"henrikhodne","id":24421},"owner":"ggreer","id":6697737}
{"_id":{"$oid":"52984894bd35436a570001fb"},"commit_id":"ccbfdb2d38c5864db20bb396cb2abf1f77582158","created_at":"2013-11-29T07:56:01Z","updated_at":"2013-11-29T07:56:01Z","repo":"the_silver_searcher","user":{"login":"ggreer","id":200121},"owner":"ggreer","id":7996331}
{"_id":{"$oid":"53e816babd3543a47601632f"},"commit_id":"5732cee4ff1839d8c2df3ee963a45d518d76f26f","created_at":"2014-08-11T01:04:57Z","updated_at":"2014-08-11T01:04:57Z","repo":"the_silver_searcher","user":{"login":"ggreer","id":200121},"owner":"ggreer","id":16034871}
{"_id":{"$oid":"541e974bbd354307a6013b8c"},"commit_id":"9bd5284fc2f03f17b18beaf1621e0851b9d0d833","created_at":"2014-09-04T23:51:19Z","updated_at":"2014-09-15T12:50:00Z","repo":"the_silver_searcher","user":{"login":"ggreer","id":200121},"owner":"ggreer","id":17150204}
{"_id":{"$oid":"548d351cbd35430f2b0110b1"},"commit_id":"0ce410943d49e98c4fd124305b27818907e19bb1","created_at":"2014-12-14T06:58:29Z","updated_at":"2014-12-14T06:58:29Z","repo":"the_silver_searcher","user":{"login":"ggreer","id":200121},"owner":"ggreer","id":21794265}
{"_id":{"$oid":"54a35fcdbd35432cac0202e0"},"commit_id":"4941038cdae79a9ed0f7945275dd0cdd4af933f5","created_at":"2014-12-31T02:30:32Z","updated_at":"2014-12-31T02:30:32Z","repo":"the_silver_searcher","user":{"login":"ggreer","id":200121},"owner":"ggreer","id":22373100}
{"_id":{"$oid":"54a360a9bd3543209501eeaa"},"commit_id":"4941038cdae79a9ed0f7945275dd0cdd4af933f5","created_at":"2014-12-31T02:34:07Z","updated_at":"2014-12-31T02:34:07Z","repo":"the_silver_searcher","user":{"login":"ggreer","id":200121},"owner":"ggreer","id":22373138}
{"_id":{"$oid":"54bc1316bd3543ed7201860d"},"commit_id":"8daa0c58de3bdd97c87166f4bf9cd24357c7a143","created_at":"2015-01-18T20:09:50Z","updated_at":"2015-01-18T20:09:50Z","repo":"the_silver_searcher","user":{"login":"ggreer","id":200121},"owner":"ggreer","id":23136418}
{"_id":{"$oid":"54bc13babd354301eb0196a0"},"commit_id":"8daa0c58de3bdd97c87166f4bf9cd24357c7a143","created_at":"2015-01-18T20:12:31Z","updated_at":"2015-01-18T20:12:31Z","repo":"the_silver_searcher","user":{"login":"ggreer","id":200121},"owner":"ggreer","id":23136433}
{"_id":{"$oid":"54bc1423bd3543ed98017cb0"},"commit_id":"8daa0c58de3bdd97c87166f4bf9cd24357c7a143","created_at":"2015-01-18T20:14:20Z","updated_at":"2015-01-18T20:14:20Z","repo":"the_silver_searcher","user":{"login":"ggreer","id":200121},"owner":"ggreer","id":23136443}
{"_id":{"$oid":"54bc4d97bd3543ed980186cd"},"commit_id":"8daa0c58de3bdd97c87166f4bf9cd24357c7a143","created_at":"2015-01-19T00:19:33Z","updated_at":"2015-01-19T00:19:33Z","repo":"the_silver_searcher","user":{"login":"umanwizard","id":1893159},"owner":"ggreer","id":23138680}
{"_id":{"$oid":"54bc4da4bd3543ec52015c56"},"commit_id":"8daa0c58de3bdd97c87166f4bf9cd24357c7a143","created_at":"2015-01-19T00:19:45Z","updated_at":"2015-01-19T00:19:45Z","repo":"the_silver_searcher","user":{"login":"umanwizard","id":1893159},"owner":"ggreer","id":23138685}
{"_id":{"$oid":"54bc535bbd3543edcd02b8f9"},"commit_id":"8daa0c58de3bdd97c87166f4bf9cd24357c7a143","created_at":"2015-01-19T00:44:04Z","updated_at":"2015-01-19T00:44:04Z","repo":"the_silver_searcher","user":{"login":"umanwizard","id":1893159},"owner":"ggreer","id":23138971}
{"_id":{"$oid":"54bc5fc5bd3543ebc30130fb"},"commit_id":"2ffa1289322ba269512ed2c1dda855f0e2dba9ec","created_at":"2015-01-19T00:46:37Z","updated_at":"2015-01-19T00:58:03Z","repo":"the_silver_searcher","user":{"login":"umanwizard","id":1893159},"owner":"ggreer","id":23139008}
{"_id":{"$oid":"54bc5fa6bd3543ec52016016"},"commit_id":"2ffa1289322ba269512ed2c1dda855f0e2dba9ec","created_at":"2015-01-19T01:36:34Z","updated_at":"2015-01-19T01:36:34Z","repo":"the_silver_searcher","user":{"login":"ggreer","id":200121},"owner":"ggreer","id":23139647}
{"_id":{"$oid":"54bc6025bd3543ee2101a8dd"},"commit_id":"2ffa1289322ba269512ed2c1dda855f0e2dba9ec","created_at":"2015-01-19T01:38:43Z","updated_at":"2015-01-19T01:38:43Z","repo":"the_silver_searcher","user":{"login":"ggreer","id":200121},"owner":"ggreer","id":23139699}
{"_id":{"$oid":"5518925dbd35437f10004144"},"commit_id":"8dbab2a03b0a8df4387138d9ba5db68bdead183f","created_at":"2015-03-30T00:01:26Z","updated_at":"2015-03-30T00:01:26Z","repo":"the_silver_searcher","user":{"login":"ggreer","id":200121},"owner":"ggreer","id":27361051}
{"_id":{"$oid":"55189321bd35438fdb0041a4"},"commit_id":"8dbab2a03b0a8df4387138d9ba5db68bdead183f","created_at":"2015-03-30T00:04:41Z","updated_at":"2015-03-30T00:04:41Z","repo":"the_silver_searcher","user":{"login":"ggreer","id":200121},"owner":"ggreer","id":27361102}
{"_id":{"$oid":"551893f5bd35437d9200417d"},"commit_id":"8dbab2a03b0a8df4387138d9ba5db68bdead183f","created_at":"2015-03-30T00:08:17Z","updated_at":"2015-03-30T00:08:17Z","repo":"the_silver_searcher","user":{"login":"avih","id":2164962},"owner":"ggreer","id":27361157}
{"_id":{"$oid":"55189436bd354382ff003f7b"},"commit_id":"8dbab2a03b0a8df4387138d9ba5db68bdead183f","created_at":"2015-03-30T00:09:20Z","updated_at":"2015-03-30T00:09:20Z","repo":"the_silver_searcher","user":{"login":"ggreer","id":200121},"owner":"ggreer","id":27361175}
{"_id":{"$oid":"5518958abd35438e8a004109"},"commit_id":"8dbab2a03b0a8df4387138d9ba5db68bdead183f","created_at":"2015-03-30T00:14:51Z","updated_at":"2015-03-30T00:14:51Z","repo":"the_silver_searcher","user":{"login":"avih","id":2164962},"owner":"ggreer","id":27361238}
{"_id":{"$oid":"55189720bd354394c400425f"},"commit_id":"8dbab2a03b0a8df4387138d9ba5db68bdead183f","created_at":"2015-03-30T00:21:44Z","updated_at":"2015-03-30T00:21:44Z","repo":"the_silver_searcher","user":{"login":"avih","id":2164962},"owner":"ggreer","id":27361310}
{"_id":{"$oid":"5518a23bbd35437db2003fc9"},"commit_id":"8dbab2a03b0a8df4387138d9ba5db68bdead183f","created_at":"2015-03-30T01:09:13Z","updated_at":"2015-03-30T01:09:13Z","repo":"the_silver_searcher","user":{"login":"ggreer","id":200121},"owner":"ggreer","id":27362077}
{"_id":{"$oid":"5518a768bd35438f4a0041cf"},"commit_id":"8dbab2a03b0a8df4387138d9ba5db68bdead183f","created_at":"2015-03-30T01:31:17Z","updated_at":"2015-03-30T01:31:17Z","repo":"the_silver_searcher","user":{"login":"avih","id":2164962},"owner":"ggreer","id":27362451}
{"_id":{"$oid":"5586e257bd3543459d000cff"},"commit_id":"8df53cac8766f99ec22ba92e25a7acb58f441175","created_at":"2015-06-20T07:18:15Z","updated_at":"2015-06-20T07:18:15Z","repo":"the_silver_searcher","user":{"login":"ggreer","id":200121},"owner":"ggreer","id":32882980}
