{"_id":{"$oid":"544ab281bd3543a0a4054148"},"repo":"the_silver_searcher","owner":"ggreer","login":"bjpbakker","id":605641}
{"_id":{"$oid":"532901cbbd354386670094a4"},"repo":"the_silver_searcher","owner":"ggreer","login":"btipling","id":249641}
{"_id":{"$oid":"5022d013e5ddf27b2f01b19f"},"repo":"the_silver_searcher","owner":"ggreer","login":"ggreer","id":200121}
{"_id":{"$oid":"5022d013e5ddf27b2f01b1a2"},"repo":"the_silver_searcher","owner":"ggreer","login":"hotspots","id":2066443}
{"_id":{"$oid":"532901cbbd354386670094a5"},"repo":"the_silver_searcher","owner":"ggreer","login":"kans","id":986627}
{"_id":{"$oid":"5022d013e5ddf27b2f01b1a1"},"repo":"the_silver_searcher","owner":"ggreer","login":"pquerna","id":110123}
{"_id":{"$oid":"5022d013e5ddf27b2f01b1a0"},"repo":"the_silver_searcher","owner":"ggreer","login":"rphillips","id":1963}
{"_id":{"$oid":"542525e9bd35436a6702a2b4"},"repo":"the_silver_searcher","owner":"ggreer","login":"theospears","id":116179}
