{"_id":{"$oid":"53bc184bbd354379bb00145f"},"repo":"django","owner":"django","name":"bug"}
{"_id":{"$oid":"53bc184bbd354379bb001460"},"repo":"django","owner":"django","name":"duplicate"}
{"_id":{"$oid":"53bc184bbd354379bb001461"},"repo":"django","owner":"django","name":"enhancement"}
{"_id":{"$oid":"53bc184bbd354379bb001462"},"repo":"django","owner":"django","name":"invalid"}
{"_id":{"$oid":"53bc184bbd354379bb001463"},"repo":"django","owner":"django","name":"question"}
{"_id":{"$oid":"53bc184bbd354379bb001464"},"repo":"django","owner":"django","name":"wontfix"}
