{"_id":{"$oid":"51a88946bd3543c87f000aaf"},"commit_id":"ad5361ae243b3fc7913126725188708001ab7383","created_at":"2011-09-20T09:52:00Z","updated_at":"2011-09-20T09:52:00Z","repo":"redis","user":{"login":"fronx","id":4192},"owner":"antirez","id":132027}
{"_id":{"$oid":"51dbb80dbd3543557c000001"},"commit_id":"2662a7407e3b0c013c4aa2332443fac02cbb992a","created_at":"2012-10-22T15:48:44Z","updated_at":"2012-10-22T15:48:44Z","repo":"redis","user":{"login":"ChrisLundquist","id":181256},"owner":"antirez","id":1905227}
{"_id":{"$oid":"51dd290abd3543406c000002"},"commit_id":"2662a7407e3b0c013c4aa2332443fac02cbb992a","created_at":"2012-10-22T15:53:27Z","updated_at":"2012-10-22T15:53:27Z","repo":"redis","user":{"login":"ChrisLundquist","id":181256},"owner":"antirez","id":1905300}
{"_id":{"$oid":"51dbb80dbd3543557c000003"},"commit_id":"2662a7407e3b0c013c4aa2332443fac02cbb992a","created_at":"2013-07-08T13:34:51Z","updated_at":"2013-07-08T13:34:51Z","repo":"redis","user":{"login":"antirez","id":65632},"owner":"antirez","id":5063866}
{"_id":{"$oid":"51a87230bd3543c87f00077f"},"commit_id":"78cd5a387d009174b39b5cfcb997c1e99ed7fd22","created_at":"2012-11-15T21:20:57Z","updated_at":"2012-11-16T16:00:24Z","repo":"redis","user":{"login":"kstephens","id":14147},"owner":"antirez","id":2144939}
{"_id":{"$oid":"51db9662bd3543cb03000001"},"commit_id":"2468846d2adff8dab41563e7cecc0e61bc2050ee","created_at":"2013-03-15T00:01:54Z","updated_at":"2013-03-15T00:01:54Z","repo":"redis","user":{"login":"0x20h","id":309633},"owner":"antirez","id":3384492}
{"_id":{"$oid":"51db9662bd3543cb03000002"},"commit_id":"2468846d2adff8dab41563e7cecc0e61bc2050ee","created_at":"2013-03-15T00:02:34Z","updated_at":"2013-03-15T00:02:34Z","repo":"redis","user":{"login":"0x20h","id":309633},"owner":"antirez","id":3384501}
{"_id":{"$oid":"51db9662bd3543cb03000003"},"commit_id":"2468846d2adff8dab41563e7cecc0e61bc2050ee","created_at":"2013-03-15T00:05:17Z","updated_at":"2013-03-15T00:05:17Z","repo":"redis","user":{"login":"0x20h","id":309633},"owner":"antirez","id":3384523}
{"_id":{"$oid":"51a873e1bd3543c87f00083b"},"commit_id":"208584df7e9263e1caa3fd7c33884ab07605a13a","created_at":"2013-01-20T06:13:16Z","updated_at":"2013-01-20T21:15:50Z","repo":"redis","user":{"login":"bwright","id":424333},"owner":"antirez","id":2706759}
{"_id":{"$oid":"51a873e1bd3543c87f00083c"},"commit_id":"208584df7e9263e1caa3fd7c33884ab07605a13a","created_at":"2013-01-20T06:16:29Z","updated_at":"2013-01-20T21:15:50Z","repo":"redis","user":{"login":"bwright","id":424333},"owner":"antirez","id":2706764}
{"_id":{"$oid":"51a873e1bd3543c87f00083d"},"commit_id":"208584df7e9263e1caa3fd7c33884ab07605a13a","created_at":"2013-01-20T06:16:41Z","updated_at":"2013-01-20T21:15:51Z","repo":"redis","user":{"login":"bwright","id":424333},"owner":"antirez","id":2706765}
{"_id":{"$oid":"51a873e1bd3543c87f00083e"},"commit_id":"208584df7e9263e1caa3fd7c33884ab07605a13a","created_at":"2013-01-20T06:16:52Z","updated_at":"2013-01-20T21:15:51Z","repo":"redis","user":{"login":"bwright","id":424333},"owner":"antirez","id":2706766}
{"_id":{"$oid":"51a873e1bd3543c87f00083f"},"commit_id":"208584df7e9263e1caa3fd7c33884ab07605a13a","created_at":"2013-01-20T06:17:31Z","updated_at":"2013-01-20T21:15:51Z","repo":"redis","user":{"login":"bwright","id":424333},"owner":"antirez","id":2706767}
{"_id":{"$oid":"51a873e1bd3543c87f000840"},"commit_id":"208584df7e9263e1caa3fd7c33884ab07605a13a","created_at":"2013-01-20T06:18:19Z","updated_at":"2013-01-20T21:15:51Z","repo":"redis","user":{"login":"bwright","id":424333},"owner":"antirez","id":2706768}
{"_id":{"$oid":"51a873e1bd3543c87f000841"},"commit_id":"208584df7e9263e1caa3fd7c33884ab07605a13a","created_at":"2013-01-20T20:49:13Z","updated_at":"2013-01-20T21:15:51Z","repo":"redis","user":{"login":"ccding","id":1221778},"owner":"antirez","id":2707915}
{"_id":{"$oid":"51a873e1bd3543c87f000842"},"commit_id":"208584df7e9263e1caa3fd7c33884ab07605a13a","created_at":"2013-01-20T20:52:11Z","updated_at":"2013-01-20T21:15:51Z","repo":"redis","user":{"login":"ccding","id":1221778},"owner":"antirez","id":2707919}
{"_id":{"$oid":"556717bdbd35430b25018943"},"commit_id":"0de21441117bc045e7bc5c6ede05a1c3921b7d53","created_at":"2015-05-28T13:27:22Z","updated_at":"2015-05-28T13:27:22Z","repo":"redis","user":{"login":"inkel","id":108421},"owner":"antirez","id":31232234}
{"_id":{"$oid":"51efe2a0bd3543f148000086"},"commit_id":"1e7cff23b34041f2be8a208841ae398091683790","created_at":"2013-07-24T14:19:49Z","updated_at":"2013-07-24T14:19:49Z","repo":"redis","user":{"login":"kaoshijuan","id":1445159},"owner":"antirez","id":5372489}
{"_id":{"$oid":"53b1ccabbd3543ad56030c8c"},"commit_id":"a7cacca0714768c39a47645ad2a56fd4047d21f8","created_at":"2014-06-30T20:46:31Z","updated_at":"2014-06-30T20:46:31Z","repo":"redis","user":{"login":"sstewartgallus","id":4070335},"owner":"antirez","id":14374634}
{"_id":{"$oid":"52ad1bbdbd3543170501fa4c"},"commit_id":"2f01442ac50f92537ba00d5929b8bf73e86ced0b","created_at":"2013-12-15T03:02:13Z","updated_at":"2013-12-15T03:02:13Z","repo":"redis","user":{"login":"leoromanovsky","id":57361},"owner":"antirez","id":8353829}
{"_id":{"$oid":"532202d3bd3543c88a018bec"},"commit_id":"e55155a2d6ee1dfa92f76730bc14d32f8c141049","created_at":"2014-03-13T19:11:10Z","updated_at":"2014-03-13T19:11:10Z","repo":"redis","user":{"login":"badboy","id":2129},"owner":"antirez","id":10580938}
{"_id":{"$oid":"537597cabd3543dcfc007325"},"commit_id":"97821f8342ec70d69f5b126029f7750dd90e3b81","created_at":"2014-05-15T21:31:11Z","updated_at":"2014-05-15T21:31:11Z","repo":"redis","user":{"login":"integrii","id":98695},"owner":"antirez","id":12714678}
{"_id":{"$oid":"5375983ebd3543dcfc007386"},"commit_id":"97821f8342ec70d69f5b126029f7750dd90e3b81","created_at":"2014-05-15T21:32:33Z","updated_at":"2014-05-15T21:32:33Z","repo":"redis","user":{"login":"integrii","id":98695},"owner":"antirez","id":12714737}
{"_id":{"$oid":"53ef4fc4bd3543a458033995"},"commit_id":"48b2d477f53be58b8078120508613e83b61a1f28","created_at":"2014-08-16T12:33:46Z","updated_at":"2014-08-16T12:33:46Z","repo":"redis","user":{"login":"charsyam","id":439301},"owner":"antirez","id":16324597}
{"_id":{"$oid":"53f1202dbd3543a464040051"},"commit_id":"086e0146f6da123bbbb8a93ffdcd5579b1977860","created_at":"2014-08-17T21:35:37Z","updated_at":"2014-08-17T21:35:37Z","repo":"redis","user":{"login":"paddybyers","id":1137574},"owner":"antirez","id":16332275}
{"_id":{"$oid":"541fe7f4bd354374e3007eb7"},"commit_id":"f68951d5c3d35e35d490b4232334a28d8560fd6b","created_at":"2014-09-16T10:20:57Z","updated_at":"2014-09-16T10:53:53Z","repo":"redis","user":{"login":"flyingmutant","id":73059},"owner":"antirez","id":17593212}
{"_id":{"$oid":"54495c5ebd35439fc9047e67"},"commit_id":"a72ecdf4eaf5c0af3a2fd926e24e7ffd99d00100","created_at":"2014-10-23T19:51:52Z","updated_at":"2014-10-23T19:51:52Z","repo":"redis","user":{"login":"badboy","id":2129},"owner":"antirez","id":19302930}
{"_id":{"$oid":"54564e86bd3543e3a400c308"},"commit_id":"bea45da07aff43e9694a14317dc555bef4e39ef6","created_at":"2014-11-02T15:32:12Z","updated_at":"2014-11-02T15:32:12Z","repo":"redis","user":{"login":"badboy","id":2129},"owner":"antirez","id":19712603}
{"_id":{"$oid":"54574893bd3543e36e00e569"},"commit_id":"bea45da07aff43e9694a14317dc555bef4e39ef6","created_at":"2014-11-03T09:19:10Z","updated_at":"2014-11-03T09:19:10Z","repo":"redis","user":{"login":"sunheehnus","id":2889804},"owner":"antirez","id":19723467}
{"_id":{"$oid":"546d962ebd3543c1720194b0"},"commit_id":"99bab4a664d8b9977190e815bf088f2e4fd01361","created_at":"2014-11-20T07:19:42Z","updated_at":"2014-11-20T07:19:42Z","repo":"redis","user":{"login":"badboy","id":2129},"owner":"antirez","id":20630692}
{"_id":{"$oid":"54878dacbd3543904200138a"},"commit_id":"dab04ed23ef0a38458da5790a0bc2474d79aabe7","created_at":"2014-11-20T07:19:42Z","updated_at":"2014-11-28T22:35:08Z","repo":"redis","user":{"login":"badboy","id":2129},"owner":"antirez","id":20630692}
{"_id":{"$oid":"546d964bbd3543c19301a0c5"},"commit_id":"99bab4a664d8b9977190e815bf088f2e4fd01361","created_at":"2014-11-20T07:20:27Z","updated_at":"2014-11-20T07:20:27Z","repo":"redis","user":{"login":"badboy","id":2129},"owner":"antirez","id":20630710}
{"_id":{"$oid":"54878da2bd354390620012d3"},"commit_id":"dab04ed23ef0a38458da5790a0bc2474d79aabe7","created_at":"2014-11-20T07:20:27Z","updated_at":"2014-11-28T22:35:08Z","repo":"redis","user":{"login":"badboy","id":2129},"owner":"antirez","id":20630710}
{"_id":{"$oid":"546d9897bd3543c04001844a"},"commit_id":"99bab4a664d8b9977190e815bf088f2e4fd01361","created_at":"2014-11-20T07:23:04Z","updated_at":"2014-11-20T07:23:04Z","repo":"redis","user":{"login":"badboy","id":2129},"owner":"antirez","id":20630787}
{"_id":{"$oid":"54878da7bd354390400010df"},"commit_id":"dab04ed23ef0a38458da5790a0bc2474d79aabe7","created_at":"2014-11-20T07:23:04Z","updated_at":"2014-11-28T22:35:08Z","repo":"redis","user":{"login":"badboy","id":2129},"owner":"antirez","id":20630787}
{"_id":{"$oid":"546d9732bd3543c172019511"},"commit_id":"99bab4a664d8b9977190e815bf088f2e4fd01361","created_at":"2014-11-20T07:24:26Z","updated_at":"2014-11-20T07:24:26Z","repo":"redis","user":{"login":"badboy","id":2129},"owner":"antirez","id":20630832}
{"_id":{"$oid":"54878dc0bd35439079001766"},"commit_id":"dab04ed23ef0a38458da5790a0bc2474d79aabe7","created_at":"2014-11-20T07:24:26Z","updated_at":"2014-11-28T22:35:08Z","repo":"redis","user":{"login":"badboy","id":2129},"owner":"antirez","id":20630832}
{"_id":{"$oid":"546d9780bd3543c04c016b69"},"commit_id":"99bab4a664d8b9977190e815bf088f2e4fd01361","created_at":"2014-11-20T07:25:36Z","updated_at":"2014-11-20T07:25:36Z","repo":"redis","user":{"login":"badboy","id":2129},"owner":"antirez","id":20630858}
{"_id":{"$oid":"54878db4bd3543906900165b"},"commit_id":"dab04ed23ef0a38458da5790a0bc2474d79aabe7","created_at":"2014-11-20T07:25:36Z","updated_at":"2014-11-28T22:35:08Z","repo":"redis","user":{"login":"badboy","id":2129},"owner":"antirez","id":20630858}
{"_id":{"$oid":"546d978abd3543c124018448"},"commit_id":"99bab4a664d8b9977190e815bf088f2e4fd01361","created_at":"2014-11-20T07:25:51Z","updated_at":"2014-11-20T07:25:51Z","repo":"redis","user":{"login":"badboy","id":2129},"owner":"antirez","id":20630865}
{"_id":{"$oid":"54878db5bd354390e5000882"},"commit_id":"dab04ed23ef0a38458da5790a0bc2474d79aabe7","created_at":"2014-11-20T07:25:51Z","updated_at":"2014-11-28T22:35:08Z","repo":"redis","user":{"login":"badboy","id":2129},"owner":"antirez","id":20630865}
{"_id":{"$oid":"546d97dfbd3543c172019559"},"commit_id":"99bab4a664d8b9977190e815bf088f2e4fd01361","created_at":"2014-11-20T07:27:19Z","updated_at":"2014-11-20T07:27:19Z","repo":"redis","user":{"login":"badboy","id":2129},"owner":"antirez","id":20630897}
{"_id":{"$oid":"54878db3bd354390300012ba"},"commit_id":"dab04ed23ef0a38458da5790a0bc2474d79aabe7","created_at":"2014-11-20T07:27:19Z","updated_at":"2014-11-28T22:35:08Z","repo":"redis","user":{"login":"badboy","id":2129},"owner":"antirez","id":20630897}
{"_id":{"$oid":"546e1e85bd3543c0e402ddbf"},"commit_id":"38f2a2b1504f656fb283b6eca1845ad5daf63e88","created_at":"2014-11-20T17:00:55Z","updated_at":"2014-11-20T17:00:55Z","repo":"redis","user":{"login":"mattsta","id":15594},"owner":"antirez","id":20660386}
{"_id":{"$oid":"54879513bd3543903e00103c"},"commit_id":"dab04ed23ef0a38458da5790a0bc2474d79aabe7","created_at":"2014-11-20T17:00:55Z","updated_at":"2014-11-28T22:35:08Z","repo":"redis","user":{"login":"mattsta","id":15594},"owner":"antirez","id":20660386}
{"_id":{"$oid":"546e1ee5bd3543c04c0184ab"},"commit_id":"38f2a2b1504f656fb283b6eca1845ad5daf63e88","created_at":"2014-11-20T17:02:36Z","updated_at":"2014-11-20T17:02:36Z","repo":"redis","user":{"login":"mattsta","id":15594},"owner":"antirez","id":20660500}
{"_id":{"$oid":"54879526bd3543905f001933"},"commit_id":"dab04ed23ef0a38458da5790a0bc2474d79aabe7","created_at":"2014-11-20T17:02:36Z","updated_at":"2014-11-28T22:35:08Z","repo":"redis","user":{"login":"mattsta","id":15594},"owner":"antirez","id":20660500}
{"_id":{"$oid":"546e20acbd3543c0d801a79f"},"commit_id":"38f2a2b1504f656fb283b6eca1845ad5daf63e88","created_at":"2014-11-20T17:10:38Z","updated_at":"2014-11-20T17:10:38Z","repo":"redis","user":{"login":"mattsta","id":15594},"owner":"antirez","id":20661067}
{"_id":{"$oid":"54879a41bd3543905b001810"},"commit_id":"dab04ed23ef0a38458da5790a0bc2474d79aabe7","created_at":"2014-11-20T17:10:38Z","updated_at":"2014-11-28T22:35:08Z","repo":"redis","user":{"login":"mattsta","id":15594},"owner":"antirez","id":20661067}
{"_id":{"$oid":"546e20c3bd3543bff0019986"},"commit_id":"38f2a2b1504f656fb283b6eca1845ad5daf63e88","created_at":"2014-11-20T17:11:09Z","updated_at":"2014-11-20T17:11:09Z","repo":"redis","user":{"login":"mattsta","id":15594},"owner":"antirez","id":20661116}
{"_id":{"$oid":"5487959ebd3543903b001af1"},"commit_id":"dab04ed23ef0a38458da5790a0bc2474d79aabe7","created_at":"2014-11-20T17:11:09Z","updated_at":"2014-11-28T22:35:08Z","repo":"redis","user":{"login":"mattsta","id":15594},"owner":"antirez","id":20661116}
{"_id":{"$oid":"546e212ebd3543c040019ca6"},"commit_id":"38f2a2b1504f656fb283b6eca1845ad5daf63e88","created_at":"2014-11-20T17:12:53Z","updated_at":"2014-11-20T17:12:53Z","repo":"redis","user":{"login":"mattsta","id":15594},"owner":"antirez","id":20661232}
{"_id":{"$oid":"548795e7bd3543903e001151"},"commit_id":"dab04ed23ef0a38458da5790a0bc2474d79aabe7","created_at":"2014-11-20T17:12:53Z","updated_at":"2014-11-28T22:35:08Z","repo":"redis","user":{"login":"mattsta","id":15594},"owner":"antirez","id":20661232}
{"_id":{"$oid":"546e2195bd3543c08c01bbfa"},"commit_id":"38f2a2b1504f656fb283b6eca1845ad5daf63e88","created_at":"2014-11-20T17:14:42Z","updated_at":"2014-11-20T17:14:42Z","repo":"redis","user":{"login":"badboy","id":2129},"owner":"antirez","id":20661337}
{"_id":{"$oid":"5487963dbd3543903e0011e8"},"commit_id":"dab04ed23ef0a38458da5790a0bc2474d79aabe7","created_at":"2014-11-20T17:14:42Z","updated_at":"2014-11-28T22:35:08Z","repo":"redis","user":{"login":"badboy","id":2129},"owner":"antirez","id":20661337}
{"_id":{"$oid":"546e21f1bd3543c040019cdd"},"commit_id":"38f2a2b1504f656fb283b6eca1845ad5daf63e88","created_at":"2014-11-20T17:16:20Z","updated_at":"2014-11-20T17:16:20Z","repo":"redis","user":{"login":"badboy","id":2129},"owner":"antirez","id":20661482}
{"_id":{"$oid":"54879673bd3543903b001b5d"},"commit_id":"dab04ed23ef0a38458da5790a0bc2474d79aabe7","created_at":"2014-11-20T17:16:20Z","updated_at":"2014-11-28T22:35:08Z","repo":"redis","user":{"login":"badboy","id":2129},"owner":"antirez","id":20661482}
{"_id":{"$oid":"546e2208bd3543c17201af53"},"commit_id":"38f2a2b1504f656fb283b6eca1845ad5daf63e88","created_at":"2014-11-20T17:16:43Z","updated_at":"2014-11-20T17:16:43Z","repo":"redis","user":{"login":"badboy","id":2129},"owner":"antirez","id":20661513}
{"_id":{"$oid":"54879686bd3543903e00122d"},"commit_id":"dab04ed23ef0a38458da5790a0bc2474d79aabe7","created_at":"2014-11-20T17:16:43Z","updated_at":"2014-11-28T22:35:08Z","repo":"redis","user":{"login":"badboy","id":2129},"owner":"antirez","id":20661513}
{"_id":{"$oid":"546e2270bd3543c1fc01bb50"},"commit_id":"38f2a2b1504f656fb283b6eca1845ad5daf63e88","created_at":"2014-11-20T17:18:07Z","updated_at":"2014-11-20T17:18:07Z","repo":"redis","user":{"login":"mattsta","id":15594},"owner":"antirez","id":20661603}
{"_id":{"$oid":"548796c0bd3543903b001bb9"},"commit_id":"dab04ed23ef0a38458da5790a0bc2474d79aabe7","created_at":"2014-11-20T17:18:07Z","updated_at":"2014-11-28T22:35:08Z","repo":"redis","user":{"login":"mattsta","id":15594},"owner":"antirez","id":20661603}
{"_id":{"$oid":"546f3fd0bd3543c0d801dac1"},"commit_id":"576957530981eea6b2fdcf22723e7317333c8de9","created_at":"2014-11-21T13:35:50Z","updated_at":"2014-11-21T13:35:50Z","repo":"redis","user":{"login":"sunheehnus","id":2889804},"owner":"antirez","id":20714633}
{"_id":{"$oid":"5487a74fbd35439041001e7c"},"commit_id":"dab04ed23ef0a38458da5790a0bc2474d79aabe7","created_at":"2014-11-21T13:35:50Z","updated_at":"2014-11-28T22:35:08Z","repo":"redis","user":{"login":"sunheehnus","id":2889804},"owner":"antirez","id":20714633}
{"_id":{"$oid":"5470a675bd3543c1ea02786d"},"commit_id":"3bd37feb13b5defdc5c3edff39c117cd2a1e6e6b","created_at":"2014-11-22T15:05:19Z","updated_at":"2014-11-22T15:05:19Z","repo":"redis","user":{"login":"sunheehnus","id":2889804},"owner":"antirez","id":20757598}
{"_id":{"$oid":"5487b607bd354390c40015cc"},"commit_id":"dab04ed23ef0a38458da5790a0bc2474d79aabe7","created_at":"2014-11-22T15:05:19Z","updated_at":"2014-11-28T22:35:08Z","repo":"redis","user":{"login":"sunheehnus","id":2889804},"owner":"antirez","id":20757598}
{"_id":{"$oid":"5470ad8dbd3543c145021887"},"commit_id":"3bd37feb13b5defdc5c3edff39c117cd2a1e6e6b","created_at":"2014-11-22T15:36:40Z","updated_at":"2014-11-22T15:36:40Z","repo":"redis","user":{"login":"mattsta","id":15594},"owner":"antirez","id":20757776}
{"_id":{"$oid":"5487b631bd354390630026df"},"commit_id":"dab04ed23ef0a38458da5790a0bc2474d79aabe7","created_at":"2014-11-22T15:36:40Z","updated_at":"2014-11-28T22:35:08Z","repo":"redis","user":{"login":"mattsta","id":15594},"owner":"antirez","id":20757776}
{"_id":{"$oid":"547132a7bd3543c0fe022adc"},"commit_id":"cdcef25c1531d89bbf10eb6f4c8c1a98c01cbde3","created_at":"2014-11-23T01:03:50Z","updated_at":"2014-11-23T01:03:50Z","repo":"redis","user":{"login":"sunheehnus","id":2889804},"owner":"antirez","id":20761217}
{"_id":{"$oid":"5471408bbd3543bff00216d2"},"commit_id":"cdcef25c1531d89bbf10eb6f4c8c1a98c01cbde3","created_at":"2014-11-23T02:02:27Z","updated_at":"2014-11-23T02:02:27Z","repo":"redis","user":{"login":"sunheehnus","id":2889804},"owner":"antirez","id":20761484}
{"_id":{"$oid":"5487b8b0bd3543903f002b6e"},"commit_id":"dab04ed23ef0a38458da5790a0bc2474d79aabe7","created_at":"2014-11-23T02:02:27Z","updated_at":"2014-11-28T22:35:08Z","repo":"redis","user":{"login":"sunheehnus","id":2889804},"owner":"antirez","id":20761484}
{"_id":{"$oid":"5471491abd3543c12402247c"},"commit_id":"cdcef25c1531d89bbf10eb6f4c8c1a98c01cbde3","created_at":"2014-11-23T02:40:10Z","updated_at":"2014-11-23T02:40:10Z","repo":"redis","user":{"login":"sunheehnus","id":2889804},"owner":"antirez","id":20761614}
{"_id":{"$oid":"5487b8d2bd354390670029f5"},"commit_id":"dab04ed23ef0a38458da5790a0bc2474d79aabe7","created_at":"2014-11-23T02:40:10Z","updated_at":"2014-11-28T22:35:08Z","repo":"redis","user":{"login":"sunheehnus","id":2889804},"owner":"antirez","id":20761614}
{"_id":{"$oid":"547149f1bd3543c040021715"},"commit_id":"cdcef25c1531d89bbf10eb6f4c8c1a98c01cbde3","created_at":"2014-11-23T02:43:54Z","updated_at":"2014-11-23T02:43:54Z","repo":"redis","user":{"login":"sunheehnus","id":2889804},"owner":"antirez","id":20761634}
{"_id":{"$oid":"547149f5bd3543c0fe022dbf"},"commit_id":"cdcef25c1531d89bbf10eb6f4c8c1a98c01cbde3","created_at":"2014-11-23T02:43:54Z","updated_at":"2014-11-23T02:43:54Z","repo":"redis","user":{"login":"sunheehnus","id":2889804},"owner":"antirez","id":20761634}
{"_id":{"$oid":"547149f8bd3543c1ea028c63"},"commit_id":"cdcef25c1531d89bbf10eb6f4c8c1a98c01cbde3","created_at":"2014-11-23T02:44:00Z","updated_at":"2014-11-23T02:44:00Z","repo":"redis","user":{"login":"sunheehnus","id":2889804},"owner":"antirez","id":20761635}
{"_id":{"$oid":"54714a23bd3543c04c020420"},"commit_id":"cdcef25c1531d89bbf10eb6f4c8c1a98c01cbde3","created_at":"2014-11-23T02:44:00Z","updated_at":"2014-11-23T02:44:00Z","repo":"redis","user":{"login":"sunheehnus","id":2889804},"owner":"antirez","id":20761635}
{"_id":{"$oid":"5487b8c6bd354390350026a7"},"commit_id":"dab04ed23ef0a38458da5790a0bc2474d79aabe7","created_at":"2014-11-23T02:44:00Z","updated_at":"2014-11-28T22:35:08Z","repo":"redis","user":{"login":"sunheehnus","id":2889804},"owner":"antirez","id":20761635}
{"_id":{"$oid":"5487b8c7bd3543906000249b"},"commit_id":"dab04ed23ef0a38458da5790a0bc2474d79aabe7","created_at":"2014-11-23T02:44:00Z","updated_at":"2014-11-28T22:35:08Z","repo":"redis","user":{"login":"sunheehnus","id":2889804},"owner":"antirez","id":20761635}
{"_id":{"$oid":"54714d97bd3543c1b4027573"},"commit_id":"cdcef25c1531d89bbf10eb6f4c8c1a98c01cbde3","created_at":"2014-11-23T02:59:01Z","updated_at":"2014-11-23T02:59:15Z","repo":"redis","user":{"login":"sunheehnus","id":2889804},"owner":"antirez","id":20761677}
{"_id":{"$oid":"54714dafbd3543c0d8022669"},"commit_id":"cdcef25c1531d89bbf10eb6f4c8c1a98c01cbde3","created_at":"2014-11-23T02:59:01Z","updated_at":"2014-11-23T02:59:45Z","repo":"redis","user":{"login":"sunheehnus","id":2889804},"owner":"antirez","id":20761677}
{"_id":{"$oid":"5487b8cbbd35439106002810"},"commit_id":"dab04ed23ef0a38458da5790a0bc2474d79aabe7","created_at":"2014-11-23T02:59:01Z","updated_at":"2014-11-28T22:35:08Z","repo":"redis","user":{"login":"sunheehnus","id":2889804},"owner":"antirez","id":20761677}
{"_id":{"$oid":"5487b8ccbd3543906000249c"},"commit_id":"dab04ed23ef0a38458da5790a0bc2474d79aabe7","created_at":"2014-11-23T02:59:01Z","updated_at":"2014-11-28T22:35:08Z","repo":"redis","user":{"login":"sunheehnus","id":2889804},"owner":"antirez","id":20761677}
{"_id":{"$oid":"5471589cbd3543c1c60219a9"},"commit_id":"cdcef25c1531d89bbf10eb6f4c8c1a98c01cbde3","created_at":"2014-11-23T03:46:24Z","updated_at":"2014-11-23T03:46:24Z","repo":"redis","user":{"login":"mattsta","id":15594},"owner":"antirez","id":20761843}
{"_id":{"$oid":"54715b19bd3543c06602bfed"},"commit_id":"cdcef25c1531d89bbf10eb6f4c8c1a98c01cbde3","created_at":"2014-11-23T03:46:24Z","updated_at":"2014-11-23T03:46:24Z","repo":"redis","user":{"login":"mattsta","id":15594},"owner":"antirez","id":20761843}
{"_id":{"$oid":"5487b8f6bd35439034002ca0"},"commit_id":"dab04ed23ef0a38458da5790a0bc2474d79aabe7","created_at":"2014-11-23T03:46:24Z","updated_at":"2014-11-28T22:35:08Z","repo":"redis","user":{"login":"mattsta","id":15594},"owner":"antirez","id":20761843}
{"_id":{"$oid":"5487b8f7bd3543905b002653"},"commit_id":"dab04ed23ef0a38458da5790a0bc2474d79aabe7","created_at":"2014-11-23T03:46:24Z","updated_at":"2014-11-28T22:35:08Z","repo":"redis","user":{"login":"mattsta","id":15594},"owner":"antirez","id":20761843}
{"_id":{"$oid":"54715f1bbd3543c0c40265d5"},"commit_id":"cdcef25c1531d89bbf10eb6f4c8c1a98c01cbde3","created_at":"2014-11-23T04:13:42Z","updated_at":"2014-11-23T04:13:42Z","repo":"redis","user":{"login":"mattsta","id":15594},"owner":"antirez","id":20761928}
{"_id":{"$oid":"54716438bd3543c1d2025388"},"commit_id":"69383bed4fb527de9f1a5b687d192d2d95bc499a","created_at":"2014-11-23T04:13:42Z","updated_at":"2014-11-23T04:34:39Z","repo":"redis","user":{"login":"mattsta","id":15594},"owner":"antirez","id":20761928}
{"_id":{"$oid":"5487b906bd3543903c002a06"},"commit_id":"dab04ed23ef0a38458da5790a0bc2474d79aabe7","created_at":"2014-11-23T04:13:42Z","updated_at":"2014-11-28T22:35:08Z","repo":"redis","user":{"login":"mattsta","id":15594},"owner":"antirez","id":20761928}
{"_id":{"$oid":"5487b90cbd3543906d002c7a"},"commit_id":"dab04ed23ef0a38458da5790a0bc2474d79aabe7","created_at":"2014-11-23T04:13:42Z","updated_at":"2014-11-28T22:35:08Z","repo":"redis","user":{"login":"mattsta","id":15594},"owner":"antirez","id":20761928}
{"_id":{"$oid":"5473406bbd3543c072024878"},"commit_id":"69383bed4fb527de9f1a5b687d192d2d95bc499a","created_at":"2014-11-23T06:00:57Z","updated_at":"2014-11-23T06:00:57Z","repo":"redis","user":{"login":"sunheehnus","id":2889804},"owner":"antirez","id":20762397}
{"_id":{"$oid":"54729f40bd3543c10a025dd4"},"commit_id":"69383bed4fb527de9f1a5b687d192d2d95bc499a","created_at":"2014-11-24T02:59:31Z","updated_at":"2014-11-24T02:59:31Z","repo":"redis","user":{"login":"sunheehnus","id":2889804},"owner":"antirez","id":20771521}
{"_id":{"$oid":"5487bd7bbd3543903d003088"},"commit_id":"dab04ed23ef0a38458da5790a0bc2474d79aabe7","created_at":"2014-11-24T02:59:31Z","updated_at":"2014-11-28T22:35:08Z","repo":"redis","user":{"login":"sunheehnus","id":2889804},"owner":"antirez","id":20771521}
{"_id":{"$oid":"5472a08cbd3543c06602fd2c"},"commit_id":"69383bed4fb527de9f1a5b687d192d2d95bc499a","created_at":"2014-11-24T03:03:46Z","updated_at":"2014-11-24T03:03:46Z","repo":"redis","user":{"login":"sunheehnus","id":2889804},"owner":"antirez","id":20771574}
{"_id":{"$oid":"5487bd7cbd3543903e001f52"},"commit_id":"dab04ed23ef0a38458da5790a0bc2474d79aabe7","created_at":"2014-11-24T03:03:46Z","updated_at":"2014-11-28T22:35:08Z","repo":"redis","user":{"login":"sunheehnus","id":2889804},"owner":"antirez","id":20771574}
{"_id":{"$oid":"5472b0b1bd3543c07202362f"},"commit_id":"69383bed4fb527de9f1a5b687d192d2d95bc499a","created_at":"2014-11-24T04:13:39Z","updated_at":"2014-11-24T04:13:39Z","repo":"redis","user":{"login":"mattsta","id":15594},"owner":"antirez","id":20772539}
{"_id":{"$oid":"5472b15dbd3543c145024ee0"},"commit_id":"69383bed4fb527de9f1a5b687d192d2d95bc499a","created_at":"2014-11-24T04:13:39Z","updated_at":"2014-11-24T04:13:39Z","repo":"redis","user":{"login":"mattsta","id":15594},"owner":"antirez","id":20772539}
{"_id":{"$oid":"5487c1bbbd35439032002b23"},"commit_id":"dab04ed23ef0a38458da5790a0bc2474d79aabe7","created_at":"2014-11-24T04:13:39Z","updated_at":"2014-11-28T22:35:08Z","repo":"redis","user":{"login":"mattsta","id":15594},"owner":"antirez","id":20772539}
{"_id":{"$oid":"5487c1cdbd3543903d00309c"},"commit_id":"dab04ed23ef0a38458da5790a0bc2474d79aabe7","created_at":"2014-11-24T04:13:39Z","updated_at":"2014-11-28T22:35:08Z","repo":"redis","user":{"login":"mattsta","id":15594},"owner":"antirez","id":20772539}
{"_id":{"$oid":"5472bb5ebd3543c04c029406"},"commit_id":"69383bed4fb527de9f1a5b687d192d2d95bc499a","created_at":"2014-11-24T04:25:04Z","updated_at":"2014-11-24T04:25:04Z","repo":"redis","user":{"login":"mattsta","id":15594},"owner":"antirez","id":20772688}
{"_id":{"$oid":"5487bdb5bd354390360026be"},"commit_id":"dab04ed23ef0a38458da5790a0bc2474d79aabe7","created_at":"2014-11-24T04:25:04Z","updated_at":"2014-11-28T22:35:08Z","repo":"redis","user":{"login":"mattsta","id":15594},"owner":"antirez","id":20772688}
{"_id":{"$oid":"5472b868bd3543c10a025f36"},"commit_id":"69383bed4fb527de9f1a5b687d192d2d95bc499a","created_at":"2014-11-24T04:47:03Z","updated_at":"2014-11-24T04:47:03Z","repo":"redis","user":{"login":"sunheehnus","id":2889804},"owner":"antirez","id":20772988}
{"_id":{"$oid":"5487bdd6bd35439031003031"},"commit_id":"dab04ed23ef0a38458da5790a0bc2474d79aabe7","created_at":"2014-11-24T04:47:03Z","updated_at":"2014-11-28T22:35:08Z","repo":"redis","user":{"login":"sunheehnus","id":2889804},"owner":"antirez","id":20772988}
{"_id":{"$oid":"5473406bbd3543c072024879"},"commit_id":"69383bed4fb527de9f1a5b687d192d2d95bc499a","created_at":"2014-11-24T05:00:06Z","updated_at":"2014-11-24T05:00:06Z","repo":"redis","user":{"login":"sunheehnus","id":2889804},"owner":"antirez","id":20773139}
{"_id":{"$oid":"5472cbfabd3543c0e4037f37"},"commit_id":"69383bed4fb527de9f1a5b687d192d2d95bc499a","created_at":"2014-11-24T06:10:55Z","updated_at":"2014-11-24T06:10:55Z","repo":"redis","user":{"login":"sunheehnus","id":2889804},"owner":"antirez","id":20774038}
{"_id":{"$oid":"5472cbfdbd3543c1d20282b8"},"commit_id":"69383bed4fb527de9f1a5b687d192d2d95bc499a","created_at":"2014-11-24T06:10:55Z","updated_at":"2014-11-24T06:10:55Z","repo":"redis","user":{"login":"sunheehnus","id":2889804},"owner":"antirez","id":20774038}
{"_id":{"$oid":"54732f4abd3543c1fc028688"},"commit_id":"69383bed4fb527de9f1a5b687d192d2d95bc499a","created_at":"2014-11-24T13:13:07Z","updated_at":"2014-11-24T13:13:07Z","repo":"redis","user":{"login":"sunheehnus","id":2889804},"owner":"antirez","id":20788337}
{"_id":{"$oid":"5487c3bcbd35439030002a08"},"commit_id":"dab04ed23ef0a38458da5790a0bc2474d79aabe7","created_at":"2014-11-24T13:13:07Z","updated_at":"2014-11-28T22:35:08Z","repo":"redis","user":{"login":"sunheehnus","id":2889804},"owner":"antirez","id":20788337}
{"_id":{"$oid":"5473347cbd3543c0fe0277a1"},"commit_id":"69383bed4fb527de9f1a5b687d192d2d95bc499a","created_at":"2014-11-24T13:36:43Z","updated_at":"2014-11-24T13:36:43Z","repo":"redis","user":{"login":"sunheehnus","id":2889804},"owner":"antirez","id":20789472}
{"_id":{"$oid":"5487c3e6bd354390f0001e3b"},"commit_id":"dab04ed23ef0a38458da5790a0bc2474d79aabe7","created_at":"2014-11-24T13:36:43Z","updated_at":"2014-11-28T22:35:08Z","repo":"redis","user":{"login":"sunheehnus","id":2889804},"owner":"antirez","id":20789472}
{"_id":{"$oid":"54733683bd3543c1c6025387"},"commit_id":"69383bed4fb527de9f1a5b687d192d2d95bc499a","created_at":"2014-11-24T13:45:07Z","updated_at":"2014-11-24T13:45:07Z","repo":"redis","user":{"login":"sunheehnus","id":2889804},"owner":"antirez","id":20789898}
{"_id":{"$oid":"5487c403bd3543903b002df5"},"commit_id":"dab04ed23ef0a38458da5790a0bc2474d79aabe7","created_at":"2014-11-24T13:45:07Z","updated_at":"2014-11-28T22:35:08Z","repo":"redis","user":{"login":"sunheehnus","id":2889804},"owner":"antirez","id":20789898}
{"_id":{"$oid":"54733893bd3543c08c027e61"},"commit_id":"69383bed4fb527de9f1a5b687d192d2d95bc499a","created_at":"2014-11-24T13:54:07Z","updated_at":"2014-11-24T13:54:07Z","repo":"redis","user":{"login":"badboy","id":2129},"owner":"antirez","id":20790376}
{"_id":{"$oid":"5487c419bd35439079002b3a"},"commit_id":"dab04ed23ef0a38458da5790a0bc2474d79aabe7","created_at":"2014-11-24T13:54:07Z","updated_at":"2014-11-28T22:35:08Z","repo":"redis","user":{"login":"badboy","id":2129},"owner":"antirez","id":20790376}
{"_id":{"$oid":"547380c7bd3543c01a0269cf"},"commit_id":"69383bed4fb527de9f1a5b687d192d2d95bc499a","created_at":"2014-11-24T18:40:35Z","updated_at":"2014-11-24T18:40:35Z","repo":"redis","user":{"login":"mattsta","id":15594},"owner":"antirez","id":20811484}
{"_id":{"$oid":"5487c7bbbd3543903a002db2"},"commit_id":"dab04ed23ef0a38458da5790a0bc2474d79aabe7","created_at":"2014-11-24T18:40:35Z","updated_at":"2014-11-28T22:35:08Z","repo":"redis","user":{"login":"mattsta","id":15594},"owner":"antirez","id":20811484}
{"_id":{"$oid":"5473814cbd3543c04c02a290"},"commit_id":"69383bed4fb527de9f1a5b687d192d2d95bc499a","created_at":"2014-11-24T18:52:22Z","updated_at":"2014-11-24T18:52:22Z","repo":"redis","user":{"login":"mattsta","id":15594},"owner":"antirez","id":20812342}
{"_id":{"$oid":"5487c7d4bd35439061002cd3"},"commit_id":"dab04ed23ef0a38458da5790a0bc2474d79aabe7","created_at":"2014-11-24T18:52:22Z","updated_at":"2014-11-28T22:35:08Z","repo":"redis","user":{"login":"mattsta","id":15594},"owner":"antirez","id":20812342}
{"_id":{"$oid":"54748ecabd3543c15802ae69"},"commit_id":"61fc018aa01dd1b3960adf6934249e751045d30b","created_at":"2014-11-25T14:14:04Z","updated_at":"2014-11-25T14:14:04Z","repo":"redis","user":{"login":"sunheehnus","id":2889804},"owner":"antirez","id":20864426}
{"_id":{"$oid":"5487d2dfbd35439044002a27"},"commit_id":"dab04ed23ef0a38458da5790a0bc2474d79aabe7","created_at":"2014-11-25T14:14:04Z","updated_at":"2014-11-28T22:35:08Z","repo":"redis","user":{"login":"sunheehnus","id":2889804},"owner":"antirez","id":20864426}
{"_id":{"$oid":"54b68185bd3543a95a000867"},"commit_id":"668be1d72282932890a028c6f45a009cd7042294","created_at":"2015-01-14T09:55:12Z","updated_at":"2015-01-14T10:27:28Z","repo":"redis","user":{"login":"badboy","id":2129},"owner":"antirez","id":22926582}
{"_id":{"$oid":"54b681d7bd3543aa8500090b"},"commit_id":"668be1d72282932890a028c6f45a009cd7042294","created_at":"2015-01-14T10:15:29Z","updated_at":"2015-01-14T10:27:28Z","repo":"redis","user":{"login":"HeartSaVioR","id":1317309},"owner":"antirez","id":22927532}
{"_id":{"$oid":"54be76c1bd3543e912003220"},"commit_id":"ae2a4109d45b816015c8ae96c86e9d4aa21ce46a","created_at":"2015-01-20T15:39:38Z","updated_at":"2015-01-20T15:39:38Z","repo":"redis","user":{"login":"charsyam","id":439301},"owner":"antirez","id":23229875}
{"_id":{"$oid":"54be7d4dbd3543ebd7002cd0"},"commit_id":"ae2a4109d45b816015c8ae96c86e9d4aa21ce46a","created_at":"2015-01-20T16:07:38Z","updated_at":"2015-01-20T16:07:38Z","repo":"redis","user":{"login":"oranagra","id":7045099},"owner":"antirez","id":23232214}
{"_id":{"$oid":"54d03640bd35438abf001095"},"commit_id":"9d2e49edecfa7221884f9a0c0f9cc1eaee6a33e7","created_at":"2015-02-03T02:45:15Z","updated_at":"2015-02-03T02:45:15Z","repo":"redis","user":{"login":"sunheehnus","id":2889804},"owner":"antirez","id":23979049}
{"_id":{"$oid":"54d070b3bd3543858b001844"},"commit_id":"9d2e49edecfa7221884f9a0c0f9cc1eaee6a33e7","created_at":"2015-02-03T06:54:29Z","updated_at":"2015-02-03T06:54:29Z","repo":"redis","user":{"login":"oranagra","id":7045099},"owner":"antirez","id":23985963}
{"_id":{"$oid":"54d0d97fbd3543817800291a"},"commit_id":"9d2e49edecfa7221884f9a0c0f9cc1eaee6a33e7","created_at":"2015-02-03T14:21:26Z","updated_at":"2015-02-03T14:21:26Z","repo":"redis","user":{"login":"sunheehnus","id":2889804},"owner":"antirez","id":24005817}
{"_id":{"$oid":"54d0dd35bd354378100029fe"},"commit_id":"9d2e49edecfa7221884f9a0c0f9cc1eaee6a33e7","created_at":"2015-02-03T14:37:37Z","updated_at":"2015-02-03T14:37:37Z","repo":"redis","user":{"login":"oranagra","id":7045099},"owner":"antirez","id":24006907}
{"_id":{"$oid":"54d0dea5bd3543759a002958"},"commit_id":"9d2e49edecfa7221884f9a0c0f9cc1eaee6a33e7","created_at":"2015-02-03T14:43:44Z","updated_at":"2015-02-03T14:43:44Z","repo":"redis","user":{"login":"sunheehnus","id":2889804},"owner":"antirez","id":24007337}
{"_id":{"$oid":"54d0df39bd35437e33002b3f"},"commit_id":"9d2e49edecfa7221884f9a0c0f9cc1eaee6a33e7","created_at":"2015-02-03T14:46:07Z","updated_at":"2015-02-03T14:46:07Z","repo":"redis","user":{"login":"sunheehnus","id":2889804},"owner":"antirez","id":24007478}
{"_id":{"$oid":"54d0e8d3bd354376d2002d21"},"commit_id":"9d2e49edecfa7221884f9a0c0f9cc1eaee6a33e7","created_at":"2015-02-03T15:27:08Z","updated_at":"2015-02-03T15:27:08Z","repo":"redis","user":{"login":"sunheehnus","id":2889804},"owner":"antirez","id":24010736}
{"_id":{"$oid":"54d0e8d4bd3543776a002d4f"},"commit_id":"9d2e49edecfa7221884f9a0c0f9cc1eaee6a33e7","created_at":"2015-02-03T15:27:08Z","updated_at":"2015-02-03T15:27:08Z","repo":"redis","user":{"login":"sunheehnus","id":2889804},"owner":"antirez","id":24010736}
{"_id":{"$oid":"54d22f76bd354376b7006d61"},"commit_id":"9d2e49edecfa7221884f9a0c0f9cc1eaee6a33e7","created_at":"2015-02-04T14:40:47Z","updated_at":"2015-02-04T14:40:47Z","repo":"redis","user":{"login":"oranagra","id":7045099},"owner":"antirez","id":24086904}
{"_id":{"$oid":"54d24c4bbd35437ba1007514"},"commit_id":"9d2e49edecfa7221884f9a0c0f9cc1eaee6a33e7","created_at":"2015-02-04T16:43:49Z","updated_at":"2015-02-04T16:43:49Z","repo":"redis","user":{"login":"antirez","id":65632},"owner":"antirez","id":24097418}
{"_id":{"$oid":"54d24cc3bd35437d2d00716c"},"commit_id":"9d2e49edecfa7221884f9a0c0f9cc1eaee6a33e7","created_at":"2015-02-04T16:45:47Z","updated_at":"2015-02-04T16:45:47Z","repo":"redis","user":{"login":"antirez","id":65632},"owner":"antirez","id":24097575}
{"_id":{"$oid":"54d2567ebd354376d2007377"},"commit_id":"9d2e49edecfa7221884f9a0c0f9cc1eaee6a33e7","created_at":"2015-02-04T17:27:24Z","updated_at":"2015-02-04T17:27:24Z","repo":"redis","user":{"login":"oranagra","id":7045099},"owner":"antirez","id":24101151}
{"_id":{"$oid":"54c55854bd3543df6f0105b2"},"commit_id":"389c4d4da1971b52a9bd0c2e2dd5591b6a8e6590","created_at":"2015-01-25T20:55:40Z","updated_at":"2015-01-25T20:55:40Z","repo":"redis","user":{"login":"badboy","id":2129},"owner":"antirez","id":23507446}
{"_id":{"$oid":"54e399c1bd35437bdc00dd89"},"commit_id":"c69382d8d44fc0d2dff83a4ce7dbf31d19b58c0a","created_at":"2015-02-17T19:42:52Z","updated_at":"2015-02-17T19:42:52Z","repo":"redis","user":{"login":"bkerley","id":4354},"owner":"antirez","id":24846652}
{"_id":{"$oid":"54e39c3abd3543738c00dad8"},"commit_id":"c69382d8d44fc0d2dff83a4ce7dbf31d19b58c0a","created_at":"2015-02-17T19:47:29Z","updated_at":"2015-02-17T19:47:29Z","repo":"redis","user":{"login":"joemiller","id":377603},"owner":"antirez","id":24847153}
{"_id":{"$oid":"54e3a64dbd3543885000db50"},"commit_id":"c69382d8d44fc0d2dff83a4ce7dbf31d19b58c0a","created_at":"2015-02-17T20:36:26Z","updated_at":"2015-02-17T20:36:26Z","repo":"redis","user":{"login":"bbroerman30","id":2095142},"owner":"antirez","id":24851483}
{"_id":{"$oid":"54e3b56dbd3543860600c0db"},"commit_id":"c69382d8d44fc0d2dff83a4ce7dbf31d19b58c0a","created_at":"2015-02-17T21:40:51Z","updated_at":"2015-02-17T21:40:51Z","repo":"redis","user":{"login":"bbroerman30","id":2095142},"owner":"antirez","id":24856821}
{"_id":{"$oid":"54e3be9ebd3543727c00ebb3"},"commit_id":"c69382d8d44fc0d2dff83a4ce7dbf31d19b58c0a","created_at":"2015-02-17T22:19:57Z","updated_at":"2015-02-17T22:19:57Z","repo":"redis","user":{"login":"bkerley","id":4354},"owner":"antirez","id":24860335}
{"_id":{"$oid":"54e3d63abd3543738c00e902"},"commit_id":"c69382d8d44fc0d2dff83a4ce7dbf31d19b58c0a","created_at":"2015-02-18T00:00:53Z","updated_at":"2015-02-18T00:00:53Z","repo":"redis","user":{"login":"bbroerman30","id":2095142},"owner":"antirez","id":24867883}
{"_id":{"$oid":"54f556fbbd3543253700405f"},"commit_id":"fe63046e2a15fc42005c097e6305fbf1f07e3887","created_at":"2015-03-03T06:38:48Z","updated_at":"2015-03-03T06:38:48Z","repo":"redis","user":{"login":"oranagra","id":7045099},"owner":"antirez","id":25666013}
{"_id":{"$oid":"5519a4c7bd35436e68000174"},"commit_id":"8053b6833e524f487195aced54a7a1cc2b0aa64e","created_at":"2015-03-30T19:31:46Z","updated_at":"2015-03-30T19:31:46Z","repo":"redis","user":{"login":"badboy","id":2129},"owner":"antirez","id":27423649}
{"_id":{"$oid":"5519aafcbd354371500003e7"},"commit_id":"981db03da2734d6c9849d9aa8e1a081125f930fd","created_at":"2015-03-30T19:58:00Z","updated_at":"2015-03-30T19:58:00Z","repo":"redis","user":{"login":"Joeskyyy","id":4296375},"owner":"antirez","id":27425730}
{"_id":{"$oid":"552104d3bd3543696f01580d"},"commit_id":"8ff096441390d2bb9f5852370cab4ffbd8ed723e","created_at":"2015-04-05T09:47:59Z","updated_at":"2015-04-05T09:47:59Z","repo":"redis","user":{"login":"badboy","id":2129},"owner":"antirez","id":27776081}
{"_id":{"$oid":"552104f9bd3543778d015b7e"},"commit_id":"8ff096441390d2bb9f5852370cab4ffbd8ed723e","created_at":"2015-04-05T09:48:32Z","updated_at":"2015-04-05T09:48:32Z","repo":"redis","user":{"login":"badboy","id":2129},"owner":"antirez","id":27776085}
{"_id":{"$oid":"55216717bd35437d3301b065"},"commit_id":"acadcf35e3c783b4fbe64b9d186ed01677e84704","created_at":"2015-04-05T16:47:16Z","updated_at":"2015-04-05T16:47:16Z","repo":"redis","user":{"login":"Sourdoughh","id":7351267},"owner":"antirez","id":27778633}
{"_id":{"$oid":"55216733bd35437a4b012a9e"},"commit_id":"acadcf35e3c783b4fbe64b9d186ed01677e84704","created_at":"2015-04-05T16:47:40Z","updated_at":"2015-04-05T16:47:40Z","repo":"redis","user":{"login":"Sourdoughh","id":7351267},"owner":"antirez","id":27778636}
{"_id":{"$oid":"552514a2bd354362b001e82e"},"commit_id":"eb097f8b77ed26386c8e7d2b7f0f15bd8b87cf4b","created_at":"2015-04-08T11:44:30Z","updated_at":"2015-04-08T11:44:30Z","repo":"redis","user":{"login":"badboy","id":2129},"owner":"antirez","id":27962182}
{"_id":{"$oid":"552514d5bd3543728701fbd2"},"commit_id":"eb097f8b77ed26386c8e7d2b7f0f15bd8b87cf4b","created_at":"2015-04-08T11:45:20Z","updated_at":"2015-04-08T11:45:20Z","repo":"redis","user":{"login":"badboy","id":2129},"owner":"antirez","id":27962220}
{"_id":{"$oid":"552514fdbd3543781901e3f0"},"commit_id":"eb097f8b77ed26386c8e7d2b7f0f15bd8b87cf4b","created_at":"2015-04-08T11:45:54Z","updated_at":"2015-04-08T11:45:54Z","repo":"redis","user":{"login":"badboy","id":2129},"owner":"antirez","id":27962238}
{"_id":{"$oid":"55251663bd3543742501e410"},"commit_id":"e9dc4702db4449dc1367f21e09fb517cfdf5db20","created_at":"2015-04-08T11:51:59Z","updated_at":"2015-04-08T11:51:59Z","repo":"redis","user":{"login":"badboy","id":2129},"owner":"antirez","id":27962555}
{"_id":{"$oid":"55252045bd354379cf01c733"},"commit_id":"e9dc4702db4449dc1367f21e09fb517cfdf5db20","created_at":"2015-04-08T12:34:10Z","updated_at":"2015-04-08T12:34:10Z","repo":"redis","user":{"login":"AlexStocks","id":7959374},"owner":"antirez","id":27964814}
{"_id":{"$oid":"55263982bd3543682c0234e1"},"commit_id":"0f54884b54528d6b14f5d66cd359a15c505f19c6","created_at":"2015-04-09T08:34:03Z","updated_at":"2015-04-09T08:34:03Z","repo":"redis","user":{"login":"oranagra","id":7045099},"owner":"antirez","id":28043768}
{"_id":{"$oid":"55263a3dbd3543778d022e30"},"commit_id":"0f54884b54528d6b14f5d66cd359a15c505f19c6","created_at":"2015-04-09T08:37:08Z","updated_at":"2015-04-09T08:37:08Z","repo":"redis","user":{"login":"oranagra","id":7045099},"owner":"antirez","id":28043943}
{"_id":{"$oid":"55420d76bd3543bb59004a4a"},"commit_id":"1e4c50acaa2727a2166d9e7440570138f08bbf2b","created_at":"2015-04-30T11:09:31Z","updated_at":"2015-04-30T11:09:31Z","repo":"redis","user":{"login":"badboy","id":2129},"owner":"antirez","id":29420418}
