{"_id":{"$oid":"51bc0a86bd35437a9a00261c"},"repo":"redis","owner":"antirez","name":"feature request"}
{"_id":{"$oid":"51bc0a86bd35437a9a00261d"},"repo":"redis","owner":"antirez","name":"critical bug"}
{"_id":{"$oid":"51bc0a86bd35437a9a00261e"},"repo":"redis","owner":"antirez","name":"non critical bug"}
{"_id":{"$oid":"51bc0a87bd35437a9a00261f"},"repo":"redis","owner":"antirez","name":"waiting user input"}
{"_id":{"$oid":"51bc0a87bd35437a9a002620"},"repo":"redis","owner":"antirez","name":"documentation"}
{"_id":{"$oid":"51bc0a87bd35437a9a002621"},"repo":"redis","owner":"antirez","name":"approved feature"}
{"_id":{"$oid":"51bc0a87bd35437a9a002622"},"repo":"redis","owner":"antirez","name":"more design needed"}
{"_id":{"$oid":"51bc0a87bd35437a9a002623"},"repo":"redis","owner":"antirez","name":"can not replicate"}
{"_id":{"$oid":"51bc0a87bd35437a9a002624"},"repo":"redis","owner":"antirez","name":"2.4 merge candidate"}
{"_id":{"$oid":"51bc0a87bd35437a9a002625"},"repo":"redis","owner":"antirez","name":"crash report"}
{"_id":{"$oid":"51bc0a88bd35437a9a002626"},"repo":"redis","owner":"antirez","name":"test"}
{"_id":{"$oid":"51bc0a88bd35437a9a002627"},"repo":"redis","owner":"antirez","name":"makefile"}
{"_id":{"$oid":"51bc0a88bd35437a9a002628"},"repo":"redis","owner":"antirez","name":"attention-needed"}
{"_id":{"$oid":"51bc0a88bd35437a9a002629"},"repo":"redis","owner":"antirez","name":"2.6 merge candidate"}
{"_id":{"$oid":"5489bd3dbd3543174b0000c2"},"repo":"redis","owner":"antirez","name":"waiting OP reply"}
{"_id":{"$oid":"5489bd3dbd3543174b0000c3"},"repo":"redis","owner":"antirez","name":"more work needed"}
{"_id":{"$oid":"54939307bd35431c3f007896"},"repo":"redis","owner":"antirez","name":"waiting reply"}
{"_id":{"$oid":"54993d52bd3543345a00662e"},"repo":"redis","owner":"antirez","name":"test framework"}
{"_id":{"$oid":"54993d52bd3543345a00662f"},"repo":"redis","owner":"antirez","name":"build system"}
{"_id":{"$oid":"54993d52bd3543345a006630"},"repo":"redis","owner":"antirez","name":"need-to-reply"}
{"_id":{"$oid":"54ac671abd35433b51011160"},"repo":"redis","owner":"antirez","name":"tests needed"}
{"_id":{"$oid":"54ac671abd35433b51011161"},"repo":"redis","owner":"antirez","name":"documentation needed"}
{"_id":{"$oid":"54ac671abd35433b51011162"},"repo":"redis","owner":"antirez","name":"Needs design effort"}
{"_id":{"$oid":"54ac671cbd35433b51011163"},"repo":"redis","owner":"antirez","name":"review-and-merge"}
{"_id":{"$oid":"54ac671cbd35433b51011164"},"repo":"redis","owner":"antirez","name":"sentinel"}
{"_id":{"$oid":"54b7d46abd3543143700025a"},"repo":"redis","owner":"antirez","name":"cluster"}
{"_id":{"$oid":"557a022bbd3543e632002a2c"},"repo":"redis","owner":"antirez","name":"state-proposed-feature"}
{"_id":{"$oid":"557a022cbd3543e632002a2d"},"repo":"redis","owner":"antirez","name":"state-wait-original-poster-reply"}
