{"_id":{"$oid":"525d53f2bd3543af3a0004cc"},"repo":"backbone","owner":"jashkenas","login":"akre54","id":931368}
{"_id":{"$oid":"51d9ade64681247c33000012"},"repo":"backbone","owner":"jashkenas","login":"braddunbar","id":11674}
{"_id":{"$oid":"51d9ade64681247c33000016"},"repo":"backbone","owner":"jashkenas","login":"caseywebdev","id":1181237}
{"_id":{"$oid":"51d9ade64681247c33000010"},"repo":"backbone","owner":"jashkenas","login":"jashkenas","id":4732}
{"_id":{"$oid":"51d9ade64681247c33000011"},"repo":"backbone","owner":"jashkenas","login":"knowtheory","id":192}
{"_id":{"$oid":"51d9ade64681247c33000015"},"repo":"backbone","owner":"jashkenas","login":"tbranyen","id":181635}
{"_id":{"$oid":"51d9ade64681247c33000014"},"repo":"backbone","owner":"jashkenas","login":"tgriesser","id":154748}
{"_id":{"$oid":"51d9ade64681247c33000013"},"repo":"backbone","owner":"jashkenas","login":"wookiehangover","id":84644}
