{"_id":{"$oid":"51dd9e31bd354358b000037d"},"repo":"backbone","owner":"jashkenas","name":"bug"}
{"_id":{"$oid":"51dd9e31bd354358b000037e"},"repo":"backbone","owner":"jashkenas","name":"enhancement"}
{"_id":{"$oid":"51dd9e32bd354358b000037f"},"repo":"backbone","owner":"jashkenas","name":"fixed"}
{"_id":{"$oid":"51dd9e32bd354358b0000380"},"repo":"backbone","owner":"jashkenas","name":"wontfix"}
{"_id":{"$oid":"51dd9e33bd354358b0000381"},"repo":"backbone","owner":"jashkenas","name":"invalid"}
{"_id":{"$oid":"51dd9e33bd354358b0000382"},"repo":"backbone","owner":"jashkenas","name":"question"}
{"_id":{"$oid":"51dd9e34bd354358b0000383"},"repo":"backbone","owner":"jashkenas","name":"change"}
{"_id":{"$oid":"51dd9e34bd354358b0000384"},"repo":"backbone","owner":"jashkenas","name":"duplicate"}
{"_id":{"$oid":"51dd9e35bd354358b0000385"},"repo":"backbone","owner":"jashkenas","name":"docs"}
{"_id":{"$oid":"537ea4dbbd35436fb90092a0"},"repo":"backbone","owner":"jashkenas","name":"inappropriate"}
