{"_id":{"$oid":"51bb528abd35438172007edc"},"repo":"bitcoin","owner":"bitcoin","name":"Feature"}
{"_id":{"$oid":"51bb528abd35438172007edd"},"repo":"bitcoin","owner":"bitcoin","name":"Brainstorming"}
{"_id":{"$oid":"51bb528abd35438172007ede"},"repo":"bitcoin","owner":"bitcoin","name":"Bug"}
{"_id":{"$oid":"51bb528abd35438172007edf"},"repo":"bitcoin","owner":"bitcoin","name":"GUI"}
{"_id":{"$oid":"51bb528bbd35438172007ee0"},"repo":"bitcoin","owner":"bitcoin","name":"Improvement"}
{"_id":{"$oid":"51bb528bbd35438172007ee1"},"repo":"bitcoin","owner":"bitcoin","name":"Localization"}
{"_id":{"$oid":"51bb528bbd35438172007ee2"},"repo":"bitcoin","owner":"bitcoin","name":"Docs and Output"}
{"_id":{"$oid":"51bb528bbd35438172007ee3"},"repo":"bitcoin","owner":"bitcoin","name":"Wallet"}
{"_id":{"$oid":"51bb528bbd35438172007ee4"},"repo":"bitcoin","owner":"bitcoin","name":"Priority High"}
{"_id":{"$oid":"51bb528bbd35438172007ee5"},"repo":"bitcoin","owner":"bitcoin","name":"Priority Medium"}
{"_id":{"$oid":"51bb528bbd35438172007ee6"},"repo":"bitcoin","owner":"bitcoin","name":"Priority Low"}
{"_id":{"$oid":"51bb528bbd35438172007ee7"},"repo":"bitcoin","owner":"bitcoin","name":"Rebase"}
{"_id":{"$oid":"51bb528bbd35438172007ee8"},"repo":"bitcoin","owner":"bitcoin","name":"Inactive"}
{"_id":{"$oid":"51bb528bbd35438172007ee9"},"repo":"bitcoin","owner":"bitcoin","name":"Windows"}
{"_id":{"$oid":"51bb528cbd35438172007eea"},"repo":"bitcoin","owner":"bitcoin","name":"Linux"}
{"_id":{"$oid":"51bb528cbd35438172007eeb"},"repo":"bitcoin","owner":"bitcoin","name":"Mac"}
{"_id":{"$oid":"51bb528cbd35438172007eec"},"repo":"bitcoin","owner":"bitcoin","name":"BIP"}
{"_id":{"$oid":"52651b80bd35430ebf0002e3"},"repo":"bitcoin","owner":"bitcoin","name":"Build system"}
{"_id":{"$oid":"526dee35bd3543b5880001d1"},"repo":"bitcoin","owner":"bitcoin","name":"tests"}
{"_id":{"$oid":"52f60087bd35433fd80073ee"},"repo":"bitcoin","owner":"bitcoin","name":"Tests"}
{"_id":{"$oid":"534ef23bbd35438110000282"},"repo":"bitcoin","owner":"bitcoin","name":"TX fees"}
{"_id":{"$oid":"53735ba9bd35436267010023"},"repo":"bitcoin","owner":"bitcoin","name":"UTXO Db and Indexes"}
{"_id":{"$oid":"53735ba9bd35436267010024"},"repo":"bitcoin","owner":"bitcoin","name":"RPC"}
{"_id":{"$oid":"53735ba9bd35436267010025"},"repo":"bitcoin","owner":"bitcoin","name":"P2P"}
{"_id":{"$oid":"53e413e1bd3543cf18000d52"},"repo":"bitcoin","owner":"bitcoin","name":"Block Generation"}
{"_id":{"$oid":"53e4374dbd3543cf180037f1"},"repo":"bitcoin","owner":"bitcoin","name":"TX scripts"}
{"_id":{"$oid":"54d65c9cbd3543700801191b"},"repo":"bitcoin","owner":"bitcoin","name":"TX fees and policy"}
{"_id":{"$oid":"54d65c9cbd3543700801191c"},"repo":"bitcoin","owner":"bitcoin","name":"Mining"}
{"_id":{"$oid":"54d65c9cbd3543700801191d"},"repo":"bitcoin","owner":"bitcoin","name":"Validation"}
{"_id":{"$oid":"54d65c9cbd3543700801191e"},"repo":"bitcoin","owner":"bitcoin","name":"Upstream"}
{"_id":{"$oid":"5565597bbd3543f0b9012027"},"repo":"bitcoin","owner":"bitcoin","name":"REST"}
