{"_id":{"$oid":"50af0856edecb564ff006a83"},"repo":"bitcoin","owner":"bitcoin","login":"alexwaters","id":1008330}
{"_id":{"$oid":"50af0856edecb564ff006a84"},"repo":"bitcoin","owner":"bitcoin","login":"gavinandresen","id":331997}
{"_id":{"$oid":"50af0856edecb564ff006a85"},"repo":"bitcoin","owner":"bitcoin","login":"gmaxwell","id":858454}
{"_id":{"$oid":"50af0856edecb564ff006a86"},"repo":"bitcoin","owner":"bitcoin","login":"jgarzik","id":494411}
{"_id":{"$oid":"50af0856edecb564ff006a87"},"repo":"bitcoin","owner":"bitcoin","login":"laanwj","id":126646}
{"_id":{"$oid":"50af0856edecb564ff006a88"},"repo":"bitcoin","owner":"bitcoin","login":"sipa","id":548488}
{"_id":{"$oid":"50af0856edecb564ff006a89"},"repo":"bitcoin","owner":"bitcoin","login":"tcatm","id":345092}
