{"_id":{"$oid":"51bfc1efbd35437a9a005dce"},"repo":"oh-my-zsh","owner":"robbyrussell","name":"Annoyance"}
{"_id":{"$oid":"51bfc1efbd35437a9a005dcf"},"repo":"oh-my-zsh","owner":"robbyrussell","name":"Idea"}
{"_id":{"$oid":"51bfc1efbd35437a9a005dd0"},"repo":"oh-my-zsh","owner":"robbyrussell","name":"Linux"}
{"_id":{"$oid":"51bfc1f0bd35437a9a005dd1"},"repo":"oh-my-zsh","owner":"robbyrussell","name":"OSX"}
{"_id":{"$oid":"51bfc1f0bd35437a9a005dd2"},"repo":"oh-my-zsh","owner":"robbyrussell","name":"git"}
{"_id":{"$oid":"51bfc1f0bd35437a9a005dd3"},"repo":"oh-my-zsh","owner":"robbyrussell","name":"Themes"}
{"_id":{"$oid":"51bfc1f0bd35437a9a005dd4"},"repo":"oh-my-zsh","owner":"robbyrussell","name":"Prompts"}
{"_id":{"$oid":"51bfc1f1bd35437a9a005dd5"},"repo":"oh-my-zsh","owner":"robbyrussell","name":"Bug"}
{"_id":{"$oid":"51bfc1f1bd35437a9a005dd6"},"repo":"oh-my-zsh","owner":"robbyrussell","name":"Plugins"}
{"_id":{"$oid":"51bfc1f1bd35437a9a005dd7"},"repo":"oh-my-zsh","owner":"robbyrussell","name":"RVM"}
{"_id":{"$oid":"51bfc1f2bd35437a9a005dd8"},"repo":"oh-my-zsh","owner":"robbyrussell","name":"priority - low"}
{"_id":{"$oid":"51bfc1f2bd35437a9a005dd9"},"repo":"oh-my-zsh","owner":"robbyrussell","name":"priority - high"}
{"_id":{"$oid":"51bfc1f2bd35437a9a005dda"},"repo":"oh-my-zsh","owner":"robbyrussell","name":"reviewed"}
{"_id":{"$oid":"52f9eee5bd3543c09f007dc6"},"repo":"oh-my-zsh","owner":"robbyrussell","name":"waffle:ready"}
{"_id":{"$oid":"52f9eee5bd3543c09f007dc7"},"repo":"oh-my-zsh","owner":"robbyrussell","name":"waffle:done"}
{"_id":{"$oid":"532e152dbd354386bf01c972"},"repo":"oh-my-zsh","owner":"robbyrussell","name":"Feature Request"}
{"_id":{"$oid":"532e152dbd354386bf01c973"},"repo":"oh-my-zsh","owner":"robbyrussell","name":"Testers Needed"}
{"_id":{"$oid":"53bc5671bd354377f3003c37"},"repo":"oh-my-zsh","owner":"robbyrussell","name":"ohmyzsh-base"}
