{"_id":{"$oid":"51ed5eeabd3543c89e0002d5"},"repo":"moment","owner":"moment","name":"Bug"}
{"_id":{"$oid":"51ed5eeabd3543c89e0002d6"},"repo":"moment","owner":"moment","name":"New Feature"}
{"_id":{"$oid":"51ed5eebbd3543c89e0002d7"},"repo":"moment","owner":"moment","name":"Enhancement"}
{"_id":{"$oid":"51ed5eebbd3543c89e0002d8"},"repo":"moment","owner":"moment","name":"Deprecate"}
{"_id":{"$oid":"51ed5eecbd3543c89e0002d9"},"repo":"moment","owner":"moment","name":"Language"}
{"_id":{"$oid":"51ed5eecbd3543c89e0002da"},"repo":"moment","owner":"moment","name":"Timezones"}
{"_id":{"$oid":"51ed5eecbd3543c89e0002db"},"repo":"moment","owner":"moment","name":"Troubleshooting"}
{"_id":{"$oid":"51ed5eedbd3543c89e0002dc"},"repo":"moment","owner":"moment","name":"forgiving parsing"}
{"_id":{"$oid":"5244d586bd3543b239004e3d"},"repo":"moment","owner":"moment","name":"Forgiving parsing"}
{"_id":{"$oid":"5244d586bd3543b239004e3e"},"repo":"moment","owner":"moment","name":"TZ Testing"}
{"_id":{"$oid":"5244d586bd3543b239004e3f"},"repo":"moment","owner":"moment","name":"Documentation"}
{"_id":{"$oid":"5244d586bd3543b239004e40"},"repo":"moment","owner":"moment","name":"Build/Release"}
{"_id":{"$oid":"5244d586bd3543b239004e41"},"repo":"moment","owner":"moment","name":"Needs tests"}
{"_id":{"$oid":"5254dd7cbd354324c2000063"},"repo":"moment","owner":"moment","name":"IE8"}
{"_id":{"$oid":"52f39198bd35438ff6002135"},"repo":"moment","owner":"moment","name":"performance"}
{"_id":{"$oid":"52f39198bd35438ff6002136"},"repo":"moment","owner":"moment","name":"todo"}
{"_id":{"$oid":"558708a8bd3543536a00144f"},"repo":"moment","owner":"moment","name":"High Priority"}
{"_id":{"$oid":"558708a9bd3543536a001450"},"repo":"moment","owner":"moment","name":"Browser Specific"}
{"_id":{"$oid":"558708aabd3543536a001451"},"repo":"moment","owner":"moment","name":"Up-For-Grabs"}
{"_id":{"$oid":"558708aabd3543536a001452"},"repo":"moment","owner":"moment","name":"Unit Test Failed"}
