{"_id":{"$oid":"52f86849bd35436ecc0008ff"},"commit_id":"ed06d372009d1d149d09bcc98693e142d3282a56","created_at":"2012-05-14T16:43:36Z","updated_at":"2012-05-18T13:23:13Z","repo":"moment","user":{"login":"bleadof","id":484036},"owner":"moment","id":817464}
{"_id":{"$oid":"52f86849bd35436ecc000900"},"commit_id":"ed06d372009d1d149d09bcc98693e142d3282a56","created_at":"2012-05-14T17:26:10Z","updated_at":"2012-05-18T13:23:13Z","repo":"moment","user":{"login":"eillarra","id":514589},"owner":"moment","id":817774}
{"_id":{"$oid":"52f86849bd35436ecc000901"},"commit_id":"ed06d372009d1d149d09bcc98693e142d3282a56","created_at":"2012-05-14T18:05:45Z","updated_at":"2012-05-18T13:23:13Z","repo":"moment","user":{"login":"ulmus","id":478308},"owner":"moment","id":818092}
{"_id":{"$oid":"52f86849bd35436ecc000902"},"commit_id":"ed06d372009d1d149d09bcc98693e142d3282a56","created_at":"2012-05-14T18:33:25Z","updated_at":"2012-05-18T13:23:13Z","repo":"moment","user":{"login":"rexxars","id":48200},"owner":"moment","id":818339}
{"_id":{"$oid":"52f86849bd35436ecc000903"},"commit_id":"ed06d372009d1d149d09bcc98693e142d3282a56","created_at":"2012-05-14T21:24:59Z","updated_at":"2012-05-18T13:23:13Z","repo":"moment","user":{"login":"mirontoli","id":470105},"owner":"moment","id":819623}
{"_id":{"$oid":"52f86858bd35436ecc00093d"},"commit_id":"0b7d3955b6eff35affb3656b092c17fde1361f15","created_at":"2012-04-08T13:12:38Z","updated_at":"2012-04-08T13:12:38Z","repo":"moment","user":{"login":"rockymeza","id":21784},"owner":"moment","id":658491}
{"_id":{"$oid":"52f86842bd35436ecc0008e9"},"commit_id":"4996b6b3e2a9e571e15ee7b032b829d29a8edb79","created_at":"2012-05-28T08:18:02Z","updated_at":"2012-05-28T08:18:02Z","repo":"moment","user":{"login":"adambrunner","id":58742},"owner":"moment","id":887602}
{"_id":{"$oid":"52f86842bd35436ecc0008ea"},"commit_id":"4996b6b3e2a9e571e15ee7b032b829d29a8edb79","created_at":"2012-05-28T08:56:55Z","updated_at":"2012-05-28T08:57:05Z","repo":"moment","user":{"login":"dmitriy-kiriyenko","id":124430},"owner":"moment","id":887749}
{"_id":{"$oid":"52f86842bd35436ecc0008eb"},"commit_id":"4996b6b3e2a9e571e15ee7b032b829d29a8edb79","created_at":"2012-05-28T10:03:27Z","updated_at":"2012-05-28T10:03:27Z","repo":"moment","user":{"login":"adambrunner","id":58742},"owner":"moment","id":887917}
{"_id":{"$oid":"52f86842bd35436ecc0008ec"},"commit_id":"4996b6b3e2a9e571e15ee7b032b829d29a8edb79","created_at":"2012-05-28T10:10:29Z","updated_at":"2012-05-28T10:10:29Z","repo":"moment","user":{"login":"dmitriy-kiriyenko","id":124430},"owner":"moment","id":887937}
{"_id":{"$oid":"52f86842bd35436ecc0008ed"},"commit_id":"4996b6b3e2a9e571e15ee7b032b829d29a8edb79","created_at":"2012-05-28T14:11:29Z","updated_at":"2012-05-29T21:36:16Z","repo":"moment","user":{"login":"adambrunner","id":58742},"owner":"moment","id":888638}
{"_id":{"$oid":"52f86842bd35436ecc0008ee"},"commit_id":"4996b6b3e2a9e571e15ee7b032b829d29a8edb79","created_at":"2012-05-28T14:13:27Z","updated_at":"2012-05-28T14:13:27Z","repo":"moment","user":{"login":"dmitriy-kiriyenko","id":124430},"owner":"moment","id":888640}
{"_id":{"$oid":"52f86842bd35436ecc0008ef"},"commit_id":"4996b6b3e2a9e571e15ee7b032b829d29a8edb79","created_at":"2012-05-28T16:05:26Z","updated_at":"2012-05-28T16:05:26Z","repo":"moment","user":{"login":"timrwood","id":643885},"owner":"moment","id":888983}
{"_id":{"$oid":"52f86842bd35436ecc0008f0"},"commit_id":"4996b6b3e2a9e571e15ee7b032b829d29a8edb79","created_at":"2012-05-28T16:13:54Z","updated_at":"2012-05-28T16:13:54Z","repo":"moment","user":{"login":"timrwood","id":643885},"owner":"moment","id":889013}
{"_id":{"$oid":"52f86842bd35436ecc0008f1"},"commit_id":"4996b6b3e2a9e571e15ee7b032b829d29a8edb79","created_at":"2012-05-28T16:17:07Z","updated_at":"2012-05-28T16:17:07Z","repo":"moment","user":{"login":"timrwood","id":643885},"owner":"moment","id":889018}
{"_id":{"$oid":"52f86842bd35436ecc0008f2"},"commit_id":"4996b6b3e2a9e571e15ee7b032b829d29a8edb79","created_at":"2012-05-29T21:36:24Z","updated_at":"2012-05-29T21:36:24Z","repo":"moment","user":{"login":"adambrunner","id":58742},"owner":"moment","id":896061}
{"_id":{"$oid":"52f86802bd35436ecc000865"},"commit_id":"c6ac5b1bc7115e474f0c87d88dbfa46707665e81","created_at":"2012-08-16T07:02:34Z","updated_at":"2012-08-16T07:02:34Z","repo":"moment","user":{"login":"mirontoli","id":470105},"owner":"moment","id":1390153}
{"_id":{"$oid":"52f867f8bd35436ecc000845"},"commit_id":"8dd2af94f355033cc005dfc2c5a1b030a6ac3c27","created_at":"2012-08-28T16:22:24Z","updated_at":"2012-08-28T20:15:22Z","repo":"moment","user":{"login":"timrwood","id":643885},"owner":"moment","id":1476401}
{"_id":{"$oid":"52f867f8bd35436ecc000846"},"commit_id":"8dd2af94f355033cc005dfc2c5a1b030a6ac3c27","created_at":"2012-08-28T19:59:00Z","updated_at":"2012-08-28T20:15:22Z","repo":"moment","user":{"login":"ichernev","id":757060},"owner":"moment","id":1478829}
{"_id":{"$oid":"52f867cfbd35436ecc000804"},"commit_id":"0793f617dd8a908bb94addb199eb3a81b6b41ae8","created_at":"2012-10-26T15:00:35Z","updated_at":"2012-10-26T15:00:35Z","repo":"moment","user":{"login":"rockymeza","id":21784},"owner":"moment","id":1953867}
{"_id":{"$oid":"52f867cfbd35436ecc000805"},"commit_id":"0793f617dd8a908bb94addb199eb3a81b6b41ae8","created_at":"2012-10-26T15:05:27Z","updated_at":"2012-10-26T15:05:27Z","repo":"moment","user":{"login":"petrbela","id":668124},"owner":"moment","id":1953918}
{"_id":{"$oid":"52f867cfbd35436ecc000806"},"commit_id":"0793f617dd8a908bb94addb199eb3a81b6b41ae8","created_at":"2012-10-26T15:07:41Z","updated_at":"2012-10-26T15:07:41Z","repo":"moment","user":{"login":"rockymeza","id":21784},"owner":"moment","id":1953954}
{"_id":{"$oid":"52f867cfbd35436ecc000807"},"commit_id":"0793f617dd8a908bb94addb199eb3a81b6b41ae8","created_at":"2012-10-26T15:11:54Z","updated_at":"2012-10-26T15:11:54Z","repo":"moment","user":{"login":"petrbela","id":668124},"owner":"moment","id":1954001}
{"_id":{"$oid":"52f86702bd35436ecc0006e1"},"commit_id":"bbdc56c141e1aa3688413c2181f5c2f6f1be9a0a","created_at":"2013-01-17T01:35:55Z","updated_at":"2013-01-17T01:35:55Z","repo":"moment","user":{"login":"timrwood","id":643885},"owner":"moment","id":2675809}
{"_id":{"$oid":"52f86702bd35436ecc0006e2"},"commit_id":"bbdc56c141e1aa3688413c2181f5c2f6f1be9a0a","created_at":"2013-01-17T01:36:15Z","updated_at":"2013-01-17T01:36:15Z","repo":"moment","user":{"login":"timrwood","id":643885},"owner":"moment","id":2675812}
{"_id":{"$oid":"52f86702bd35436ecc0006e3"},"commit_id":"bbdc56c141e1aa3688413c2181f5c2f6f1be9a0a","created_at":"2013-01-17T01:36:46Z","updated_at":"2013-01-17T01:36:46Z","repo":"moment","user":{"login":"timrwood","id":643885},"owner":"moment","id":2675814}
{"_id":{"$oid":"52f86702bd35436ecc0006e4"},"commit_id":"bbdc56c141e1aa3688413c2181f5c2f6f1be9a0a","created_at":"2013-01-17T01:37:15Z","updated_at":"2013-01-17T01:37:15Z","repo":"moment","user":{"login":"timrwood","id":643885},"owner":"moment","id":2675820}
{"_id":{"$oid":"52f86702bd35436ecc0006e5"},"commit_id":"bbdc56c141e1aa3688413c2181f5c2f6f1be9a0a","created_at":"2013-01-17T01:37:45Z","updated_at":"2013-01-17T01:37:45Z","repo":"moment","user":{"login":"timrwood","id":643885},"owner":"moment","id":2675825}
{"_id":{"$oid":"52f86702bd35436ecc0006e6"},"commit_id":"bbdc56c141e1aa3688413c2181f5c2f6f1be9a0a","created_at":"2013-01-17T01:38:00Z","updated_at":"2013-01-17T01:38:00Z","repo":"moment","user":{"login":"timrwood","id":643885},"owner":"moment","id":2675828}
{"_id":{"$oid":"52f86702bd35436ecc0006e7"},"commit_id":"bbdc56c141e1aa3688413c2181f5c2f6f1be9a0a","created_at":"2013-01-17T08:16:04Z","updated_at":"2013-01-17T08:16:04Z","repo":"moment","user":{"login":"ben-lin","id":1389287},"owner":"moment","id":2677728}
{"_id":{"$oid":"52f86702bd35436ecc0006e8"},"commit_id":"bbdc56c141e1aa3688413c2181f5c2f6f1be9a0a","created_at":"2013-01-17T08:33:02Z","updated_at":"2013-01-17T08:33:02Z","repo":"moment","user":{"login":"eillarra","id":514589},"owner":"moment","id":2677869}
{"_id":{"$oid":"52f86702bd35436ecc0006e9"},"commit_id":"bbdc56c141e1aa3688413c2181f5c2f6f1be9a0a","created_at":"2013-01-17T08:49:36Z","updated_at":"2013-01-17T08:49:36Z","repo":"moment","user":{"login":"bleadof","id":484036},"owner":"moment","id":2678007}
{"_id":{"$oid":"52f86702bd35436ecc0006ea"},"commit_id":"bbdc56c141e1aa3688413c2181f5c2f6f1be9a0a","created_at":"2013-01-17T08:52:26Z","updated_at":"2013-01-17T08:52:37Z","repo":"moment","user":{"login":"bleadof","id":484036},"owner":"moment","id":2678034}
{"_id":{"$oid":"52f86702bd35436ecc0006eb"},"commit_id":"bbdc56c141e1aa3688413c2181f5c2f6f1be9a0a","created_at":"2013-01-17T10:34:05Z","updated_at":"2013-01-17T10:34:05Z","repo":"moment","user":{"login":"DevelopmentIL","id":534911},"owner":"moment","id":2678917}
{"_id":{"$oid":"52f86702bd35436ecc0006ec"},"commit_id":"bbdc56c141e1aa3688413c2181f5c2f6f1be9a0a","created_at":"2013-01-17T16:56:33Z","updated_at":"2013-01-17T16:56:33Z","repo":"moment","user":{"login":"timrwood","id":643885},"owner":"moment","id":2683611}
{"_id":{"$oid":"52f86702bd35436ecc0006ed"},"commit_id":"bbdc56c141e1aa3688413c2181f5c2f6f1be9a0a","created_at":"2013-01-17T21:58:30Z","updated_at":"2013-01-17T21:58:30Z","repo":"moment","user":{"login":"ben-lin","id":1389287},"owner":"moment","id":2688289}
{"_id":{"$oid":"52f86702bd35436ecc0006ee"},"commit_id":"bbdc56c141e1aa3688413c2181f5c2f6f1be9a0a","created_at":"2013-01-18T09:16:19Z","updated_at":"2013-01-18T09:16:19Z","repo":"moment","user":{"login":"mirontoli","id":470105},"owner":"moment","id":2693229}
{"_id":{"$oid":"52f86702bd35436ecc0006ef"},"commit_id":"bbdc56c141e1aa3688413c2181f5c2f6f1be9a0a","created_at":"2013-01-18T11:37:37Z","updated_at":"2013-01-18T11:37:37Z","repo":"moment","user":{"login":"bleadof","id":484036},"owner":"moment","id":2694372}
{"_id":{"$oid":"52f866e3bd35436ecc0006ae"},"commit_id":"0f33cc7d8faf953dc84ae37aac1291fd3ed00b55","created_at":"2013-02-19T11:08:52Z","updated_at":"2013-02-19T11:08:52Z","repo":"moment","user":{"login":"mehiel","id":687998},"owner":"moment","id":3060083}
{"_id":{"$oid":"52f866e3bd35436ecc0006af"},"commit_id":"0f33cc7d8faf953dc84ae37aac1291fd3ed00b55","created_at":"2013-02-19T17:53:25Z","updated_at":"2013-02-19T17:53:25Z","repo":"moment","user":{"login":"timrwood","id":643885},"owner":"moment","id":3066277}
{"_id":{"$oid":"52f866e3bd35436ecc0006b0"},"commit_id":"0f33cc7d8faf953dc84ae37aac1291fd3ed00b55","created_at":"2013-02-20T00:09:58Z","updated_at":"2013-02-20T00:27:26Z","repo":"moment","user":{"login":"mehiel","id":687998},"owner":"moment","id":3073005}
{"_id":{"$oid":"52f866e3bd35436ecc0006b1"},"commit_id":"0f33cc7d8faf953dc84ae37aac1291fd3ed00b55","created_at":"2013-02-20T17:30:15Z","updated_at":"2013-02-20T17:30:15Z","repo":"moment","user":{"login":"timrwood","id":643885},"owner":"moment","id":3084477}
{"_id":{"$oid":"52f866e3bd35436ecc0006b2"},"commit_id":"0f33cc7d8faf953dc84ae37aac1291fd3ed00b55","created_at":"2013-02-20T22:52:14Z","updated_at":"2013-02-20T22:52:14Z","repo":"moment","user":{"login":"mehiel","id":687998},"owner":"moment","id":3090587}
{"_id":{"$oid":"52f866b2bd35436ecc00064f"},"commit_id":"20d01716987b11428492b2ae9080d25bc968fa6d","created_at":"2013-04-26T07:14:33Z","updated_at":"2013-04-26T07:56:29Z","repo":"moment","user":{"login":"ichernev","id":757060},"owner":"moment","id":3972278}
{"_id":{"$oid":"52f866b2bd35436ecc000650"},"commit_id":"20d01716987b11428492b2ae9080d25bc968fa6d","created_at":"2013-04-26T07:45:52Z","updated_at":"2013-04-26T07:57:10Z","repo":"moment","user":{"login":"mechuwind","id":3829159},"owner":"moment","id":3972550}
{"_id":{"$oid":"52f86687bd35436ecc0005e1"},"commit_id":"48ce0b06813c5ca4733c77c2b1eef1a12f273213","created_at":"2013-06-05T09:24:24Z","updated_at":"2013-06-20T17:55:55Z","repo":"moment","user":{"login":"ichernev","id":757060},"owner":"moment","id":4541640}
{"_id":{"$oid":"52f86687bd35436ecc0005e2"},"commit_id":"48ce0b06813c5ca4733c77c2b1eef1a12f273213","created_at":"2013-06-05T09:24:50Z","updated_at":"2013-06-20T17:55:55Z","repo":"moment","user":{"login":"ichernev","id":757060},"owner":"moment","id":4541647}
{"_id":{"$oid":"52f86687bd35436ecc0005e3"},"commit_id":"48ce0b06813c5ca4733c77c2b1eef1a12f273213","created_at":"2013-06-05T10:36:16Z","updated_at":"2013-06-20T17:55:55Z","repo":"moment","user":{"login":"Oire","id":595597},"owner":"moment","id":4542548}
{"_id":{"$oid":"51ecb995bd354316ad00b681"},"commit_id":"0198a7bdee55ed3c069294631cd2296c200c504f","created_at":"2013-06-20T17:36:14Z","updated_at":"2013-06-26T16:14:20Z","repo":"moment","user":{"login":"ichernev","id":757060},"owner":"moment","id":4802311}
{"_id":{"$oid":"51eeab90bd354359f4000033"},"commit_id":"c40c7d833fd87d8533c9d17070d8216ab749f3e5","created_at":"2013-07-16T18:36:32Z","updated_at":"2013-07-16T18:36:32Z","repo":"moment","user":{"login":"timrwood","id":643885},"owner":"moment","id":5223892}
{"_id":{"$oid":"51eca577bd354316ad00a868"},"commit_id":"c40c7d833fd87d8533c9d17070d8216ab749f3e5","created_at":"2013-07-20T16:38:39Z","updated_at":"2013-07-20T16:38:39Z","repo":"moment","user":{"login":"ichernev","id":757060},"owner":"moment","id":5307300}
{"_id":{"$oid":"51f37714bd3543e6a000026d"},"commit_id":"5b7f261716bc5318b8c03ee0490971ad10f116e2","created_at":"2013-07-16T17:08:41Z","updated_at":"2013-07-20T16:55:04Z","repo":"moment","user":{"login":"timrwood","id":643885},"owner":"moment","id":5221365}
{"_id":{"$oid":"51f37714bd3543e6a000026e"},"commit_id":"5b7f261716bc5318b8c03ee0490971ad10f116e2","created_at":"2013-07-16T17:10:18Z","updated_at":"2013-07-20T16:55:04Z","repo":"moment","user":{"login":"timrwood","id":643885},"owner":"moment","id":5221405}
{"_id":{"$oid":"51f37714bd3543e6a000026f"},"commit_id":"5b7f261716bc5318b8c03ee0490971ad10f116e2","created_at":"2013-07-16T17:11:50Z","updated_at":"2013-07-20T16:55:04Z","repo":"moment","user":{"login":"timrwood","id":643885},"owner":"moment","id":5221452}
{"_id":{"$oid":"52103931bd3543bdeb000bab"},"commit_id":"bf075d4eef0e942452748d53692f10e29d5a2ff6","created_at":"2013-08-18T03:01:55Z","updated_at":"2013-08-18T03:01:55Z","repo":"moment","user":{"login":"icambron","id":244988},"owner":"moment","id":5830369}
{"_id":{"$oid":"52343333bd3543f90b005756"},"commit_id":"bf075d4eef0e942452748d53692f10e29d5a2ff6","created_at":"2013-08-18T03:24:37Z","updated_at":"2013-08-18T03:38:49Z","repo":"moment","user":{"login":"icambron","id":244988},"owner":"moment","id":5830408}
{"_id":{"$oid":"51eeabfabd35435a2a000043"},"commit_id":"981a32854a381219ab73eaf6299921ec381ba755","created_at":"2013-07-23T16:14:37Z","updated_at":"2013-07-23T16:14:37Z","repo":"moment","user":{"login":"timrwood","id":643885},"owner":"moment","id":5348974}
{"_id":{"$oid":"51eecd8cbd35436262000377"},"commit_id":"981a32854a381219ab73eaf6299921ec381ba755","created_at":"2013-07-23T18:37:27Z","updated_at":"2013-07-23T18:37:27Z","repo":"moment","user":{"login":"icambron","id":244988},"owner":"moment","id":5352955}
{"_id":{"$oid":"52125e38bd35433ece00000f"},"commit_id":"ed93c7e60b99cdba9efc58a6a36de786dc8fa066","created_at":"2013-08-19T18:04:37Z","updated_at":"2013-08-19T18:04:37Z","repo":"moment","user":{"login":"timrwood","id":643885},"owner":"moment","id":5849334}
{"_id":{"$oid":"522bb5adbd3543b47e002c0d"},"commit_id":"6d7560214f0676655e94b679435e654f72c8fa2b","created_at":"2013-09-07T22:49:44Z","updated_at":"2013-09-07T23:03:29Z","repo":"moment","user":{"login":"icambron","id":244988},"owner":"moment","id":6226076}
{"_id":{"$oid":"525a5d7cbd3543061b0004c8"},"commit_id":"ea2ab37e19f469af3de990cce979f16fc37c318a","created_at":"2013-10-13T08:44:39Z","updated_at":"2013-10-13T08:44:39Z","repo":"moment","user":{"login":"ichernev","id":757060},"owner":"moment","id":6933942}
{"_id":{"$oid":"525a5dc4bd35430546000825"},"commit_id":"ea2ab37e19f469af3de990cce979f16fc37c318a","created_at":"2013-10-13T08:45:52Z","updated_at":"2013-10-13T08:45:52Z","repo":"moment","user":{"login":"ichernev","id":757060},"owner":"moment","id":6933944}
{"_id":{"$oid":"524141c2bd3543ff7e000743"},"commit_id":"da15998ca98e1005575001e628ae32667528ca3a","created_at":"2013-09-15T03:57:29Z","updated_at":"2013-09-15T14:00:26Z","repo":"moment","user":{"login":"ichernev","id":757060},"owner":"moment","id":6365637}
{"_id":{"$oid":"524141c2bd3543ff7e000744"},"commit_id":"da15998ca98e1005575001e628ae32667528ca3a","created_at":"2013-09-15T03:57:53Z","updated_at":"2013-09-15T14:00:26Z","repo":"moment","user":{"login":"ichernev","id":757060},"owner":"moment","id":6365638}
{"_id":{"$oid":"524141c2bd3543ff7e000745"},"commit_id":"da15998ca98e1005575001e628ae32667528ca3a","created_at":"2013-09-15T04:03:26Z","updated_at":"2013-09-15T14:00:26Z","repo":"moment","user":{"login":"ichernev","id":757060},"owner":"moment","id":6365650}
{"_id":{"$oid":"52ab8728bd354316f6000d45"},"commit_id":"1f8a51120d0944ff1b4fb62c024dcf086b6da4ad","created_at":"2013-09-15T08:52:58Z","updated_at":"2013-09-15T08:52:58Z","repo":"moment","user":{"login":"icambron","id":244988},"owner":"moment","id":6366333}
{"_id":{"$oid":"524967d3bd3543fdcc00c82e"},"commit_id":"74fae151237e78f13a4881231d7f7d04a56d4b3c","created_at":"2013-09-17T03:25:15Z","updated_at":"2013-09-17T04:04:52Z","repo":"moment","user":{"login":"ichernev","id":757060},"owner":"moment","id":6395815}
{"_id":{"$oid":"524967d3bd3543fdcc00c82f"},"commit_id":"74fae151237e78f13a4881231d7f7d04a56d4b3c","created_at":"2013-09-17T04:02:25Z","updated_at":"2013-09-17T04:04:52Z","repo":"moment","user":{"login":"icambron","id":244988},"owner":"moment","id":6396139}
{"_id":{"$oid":"52454c04bd3543b3230081c3"},"commit_id":"72455bd0ad39a28ca7a8f6152789b0809b31068b","created_at":"2013-09-26T11:30:08Z","updated_at":"2013-09-26T16:26:06Z","repo":"moment","user":{"login":"icambron","id":244988},"owner":"moment","id":6598134}
{"_id":{"$oid":"52454c31bd3543b3230081d9"},"commit_id":"72455bd0ad39a28ca7a8f6152789b0809b31068b","created_at":"2013-09-26T11:33:43Z","updated_at":"2013-09-26T16:26:06Z","repo":"moment","user":{"login":"icambron","id":244988},"owner":"moment","id":6598196}
{"_id":{"$oid":"52454c3ebd3543b2c6008489"},"commit_id":"72455bd0ad39a28ca7a8f6152789b0809b31068b","created_at":"2013-09-26T11:35:22Z","updated_at":"2013-09-26T16:26:06Z","repo":"moment","user":{"login":"icambron","id":244988},"owner":"moment","id":6598224}
{"_id":{"$oid":"52454c6abd3543b30e007f0a"},"commit_id":"72455bd0ad39a28ca7a8f6152789b0809b31068b","created_at":"2013-09-26T11:43:55Z","updated_at":"2013-09-26T16:26:06Z","repo":"moment","user":{"login":"icambron","id":244988},"owner":"moment","id":6598338}
{"_id":{"$oid":"52454c61bd3543b2c6008493"},"commit_id":"72455bd0ad39a28ca7a8f6152789b0809b31068b","created_at":"2013-09-26T11:44:09Z","updated_at":"2013-09-26T16:26:06Z","repo":"moment","user":{"login":"icambron","id":244988},"owner":"moment","id":6598339}
{"_id":{"$oid":"52454c7abd3543b2f6007e39"},"commit_id":"72455bd0ad39a28ca7a8f6152789b0809b31068b","created_at":"2013-09-26T11:45:07Z","updated_at":"2013-09-26T16:26:06Z","repo":"moment","user":{"login":"icambron","id":244988},"owner":"moment","id":6598353}
{"_id":{"$oid":"52454cd6bd3543b296008966"},"commit_id":"72455bd0ad39a28ca7a8f6152789b0809b31068b","created_at":"2013-09-26T11:50:13Z","updated_at":"2013-09-26T16:26:06Z","repo":"moment","user":{"login":"icambron","id":244988},"owner":"moment","id":6598429}
{"_id":{"$oid":"52f86730bd35436ecc000737"},"commit_id":"bb357ea06a22d896e70c264da50c9c1967123405","created_at":"2013-09-17T06:00:26Z","updated_at":"2013-09-17T06:10:30Z","repo":"moment","user":{"login":"icambron","id":244988},"owner":"moment","id":6396988}
{"_id":{"$oid":"52f86730bd35436ecc000738"},"commit_id":"bb357ea06a22d896e70c264da50c9c1967123405","created_at":"2013-09-17T06:10:05Z","updated_at":"2013-09-17T06:10:30Z","repo":"moment","user":{"login":"arshaw","id":56520},"owner":"moment","id":6397061}
{"_id":{"$oid":"524cbd2bbd3543d83800348b"},"commit_id":"87b02b1c59b7f1232998ad3b7414e487e5a2a820","created_at":"2013-10-03T00:41:08Z","updated_at":"2013-10-03T00:41:08Z","repo":"moment","user":{"login":"ichernev","id":757060},"owner":"moment","id":6732557}
{"_id":{"$oid":"524cbebbbd3543d81b00354f"},"commit_id":"87b02b1c59b7f1232998ad3b7414e487e5a2a820","created_at":"2013-10-03T00:47:48Z","updated_at":"2013-10-03T00:47:48Z","repo":"moment","user":{"login":"ichernev","id":757060},"owner":"moment","id":6732668}
{"_id":{"$oid":"524cc04ebd3543d86600337e"},"commit_id":"87b02b1c59b7f1232998ad3b7414e487e5a2a820","created_at":"2013-10-03T00:53:43Z","updated_at":"2013-10-03T00:53:43Z","repo":"moment","user":{"login":"ichernev","id":757060},"owner":"moment","id":6732758}
{"_id":{"$oid":"524cc06fbd3543d866003380"},"commit_id":"87b02b1c59b7f1232998ad3b7414e487e5a2a820","created_at":"2013-10-03T00:55:00Z","updated_at":"2013-10-03T00:55:00Z","repo":"moment","user":{"login":"ichernev","id":757060},"owner":"moment","id":6732784}
{"_id":{"$oid":"524d06a6bd3543d8aa003e01"},"commit_id":"8f08ba1f1ef61ceb9bfc3a4bb2c966706ba6d8de","created_at":"2013-10-03T05:54:37Z","updated_at":"2013-10-03T05:54:37Z","repo":"moment","user":{"login":"icambron","id":244988},"owner":"moment","id":6735242}
{"_id":{"$oid":"524d06dfbd3543da40003e10"},"commit_id":"8f08ba1f1ef61ceb9bfc3a4bb2c966706ba6d8de","created_at":"2013-10-03T05:55:19Z","updated_at":"2013-10-03T05:55:19Z","repo":"moment","user":{"login":"icambron","id":244988},"owner":"moment","id":6735245}
{"_id":{"$oid":"524d06e0bd3543d938003c8c"},"commit_id":"8f08ba1f1ef61ceb9bfc3a4bb2c966706ba6d8de","created_at":"2013-10-03T05:55:36Z","updated_at":"2013-10-03T05:55:36Z","repo":"moment","user":{"login":"icambron","id":244988},"owner":"moment","id":6735248}
{"_id":{"$oid":"524d072bbd3543d866003c0e"},"commit_id":"8f08ba1f1ef61ceb9bfc3a4bb2c966706ba6d8de","created_at":"2013-10-03T05:56:46Z","updated_at":"2013-10-03T05:56:46Z","repo":"moment","user":{"login":"icambron","id":244988},"owner":"moment","id":6735253}
{"_id":{"$oid":"524d0806bd3543da40003e36"},"commit_id":"8f08ba1f1ef61ceb9bfc3a4bb2c966706ba6d8de","created_at":"2013-10-03T06:00:14Z","updated_at":"2013-10-03T06:00:14Z","repo":"moment","user":{"login":"icambron","id":244988},"owner":"moment","id":6735271}
{"_id":{"$oid":"5251bd3cbd354330fe000224"},"commit_id":"8f08ba1f1ef61ceb9bfc3a4bb2c966706ba6d8de","created_at":"2013-10-03T17:53:53Z","updated_at":"2013-10-03T17:53:53Z","repo":"moment","user":{"login":"ichernev","id":757060},"owner":"moment","id":6748688}
{"_id":{"$oid":"5253d912bd3543c7a50004a0"},"commit_id":"6f24c1e7683f982d20928d5fe43e3d89097739cd","created_at":"2013-10-04T18:07:29Z","updated_at":"2013-10-05T19:52:17Z","repo":"moment","user":{"login":"ichernev","id":757060},"owner":"moment","id":6774883}
{"_id":{"$oid":"5253d918bd3543c7920004ba"},"commit_id":"6f24c1e7683f982d20928d5fe43e3d89097739cd","created_at":"2013-10-04T18:08:25Z","updated_at":"2013-10-05T19:52:17Z","repo":"moment","user":{"login":"ichernev","id":757060},"owner":"moment","id":6774907}
{"_id":{"$oid":"5253d971bd3543c7ab000590"},"commit_id":"6f24c1e7683f982d20928d5fe43e3d89097739cd","created_at":"2013-10-04T18:16:43Z","updated_at":"2013-10-05T19:52:17Z","repo":"moment","user":{"login":"ichernev","id":757060},"owner":"moment","id":6775171}
{"_id":{"$oid":"5253d9b1bd3543c7b000058b"},"commit_id":"6f24c1e7683f982d20928d5fe43e3d89097739cd","created_at":"2013-10-04T18:20:42Z","updated_at":"2013-10-05T19:52:17Z","repo":"moment","user":{"login":"icambron","id":244988},"owner":"moment","id":6775292}
{"_id":{"$oid":"5253d9b9bd3543c7c200059c"},"commit_id":"6f24c1e7683f982d20928d5fe43e3d89097739cd","created_at":"2013-10-04T18:21:24Z","updated_at":"2013-10-05T19:52:17Z","repo":"moment","user":{"login":"icambron","id":244988},"owner":"moment","id":6775310}
{"_id":{"$oid":"5253d9d1bd3543c7ac00063e"},"commit_id":"6f24c1e7683f982d20928d5fe43e3d89097739cd","created_at":"2013-10-04T18:21:57Z","updated_at":"2013-10-05T19:52:17Z","repo":"moment","user":{"login":"icambron","id":244988},"owner":"moment","id":6775325}
{"_id":{"$oid":"5253d9ecbd3543c7b000059c"},"commit_id":"6f24c1e7683f982d20928d5fe43e3d89097739cd","created_at":"2013-10-04T18:23:43Z","updated_at":"2013-10-05T19:52:17Z","repo":"moment","user":{"login":"ichernev","id":757060},"owner":"moment","id":6775383}
{"_id":{"$oid":"5253dc94bd3543c7ac000851"},"commit_id":"6f24c1e7683f982d20928d5fe43e3d89097739cd","created_at":"2013-10-04T18:58:46Z","updated_at":"2013-10-05T19:52:17Z","repo":"moment","user":{"login":"icambron","id":244988},"owner":"moment","id":6776363}
{"_id":{"$oid":"5253f336bd3543d226000053"},"commit_id":"6f24c1e7683f982d20928d5fe43e3d89097739cd","created_at":"2013-10-04T22:20:03Z","updated_at":"2013-10-05T19:52:17Z","repo":"moment","user":{"login":"icambron","id":244988},"owner":"moment","id":6780543}
{"_id":{"$oid":"5253f66bbd3543d501000143"},"commit_id":"6f24c1e7683f982d20928d5fe43e3d89097739cd","created_at":"2013-10-05T12:53:16Z","updated_at":"2013-10-05T19:52:17Z","repo":"moment","user":{"login":"ichernev","id":757060},"owner":"moment","id":6783782}
{"_id":{"$oid":"5253f78ebd3543d429000230"},"commit_id":"6f24c1e7683f982d20928d5fe43e3d89097739cd","created_at":"2013-10-05T18:00:22Z","updated_at":"2013-10-05T19:52:17Z","repo":"moment","user":{"login":"icambron","id":244988},"owner":"moment","id":6784432}
{"_id":{"$oid":"524915a9bd3543fd0600b85e"},"commit_id":"b711b0de0c8429160f4e484ef6dbb0920234c349","created_at":"2013-09-30T06:08:46Z","updated_at":"2013-09-30T06:08:46Z","repo":"moment","user":{"login":"ichernev","id":757060},"owner":"moment","id":6650667}
{"_id":{"$oid":"524917e3bd3543fd8600badd"},"commit_id":"b711b0de0c8429160f4e484ef6dbb0920234c349","created_at":"2013-09-30T06:18:52Z","updated_at":"2013-09-30T06:18:52Z","repo":"moment","user":{"login":"icambron","id":244988},"owner":"moment","id":6650728}
{"_id":{"$oid":"52607f3fbd3543311f000379"},"commit_id":"27f84d04380ba47046313daeba54e44518be1414","created_at":"2013-10-18T00:22:20Z","updated_at":"2013-10-18T00:22:20Z","repo":"moment","user":{"login":"icambron","id":244988},"owner":"moment","id":7051761}
{"_id":{"$oid":"526aeab3bd3543334f000009"},"commit_id":"0994c829f41bbe3dd69224ee13fd14da3b4e9e39","created_at":"2013-10-25T22:03:28Z","updated_at":"2013-10-25T22:03:28Z","repo":"moment","user":{"login":"icambron","id":244988},"owner":"moment","id":7229802}
{"_id":{"$oid":"526d8746bd35438851000134"},"commit_id":"0994c829f41bbe3dd69224ee13fd14da3b4e9e39","created_at":"2013-10-27T21:36:04Z","updated_at":"2013-10-27T21:36:04Z","repo":"moment","user":{"login":"alexstrat","id":687961},"owner":"moment","id":7238006}
{"_id":{"$oid":"526c1fbcbd3543afec000247"},"commit_id":"74c8d60102d92c4a6a4833580f472217169e1a41","created_at":"2013-10-26T20:01:55Z","updated_at":"2013-10-26T20:01:55Z","repo":"moment","user":{"login":"icambron","id":244988},"owner":"moment","id":7234878}
{"_id":{"$oid":"526c204cbd3543b655000018"},"commit_id":"74c8d60102d92c4a6a4833580f472217169e1a41","created_at":"2013-10-26T20:04:22Z","updated_at":"2013-10-26T20:04:22Z","repo":"moment","user":{"login":"icambron","id":244988},"owner":"moment","id":7234881}
{"_id":{"$oid":"526c2129bd3543b650000027"},"commit_id":"74c8d60102d92c4a6a4833580f472217169e1a41","created_at":"2013-10-26T20:08:04Z","updated_at":"2013-10-26T20:08:04Z","repo":"moment","user":{"login":"icambron","id":244988},"owner":"moment","id":7234887}
{"_id":{"$oid":"526c21d9bd3543b659000045"},"commit_id":"74c8d60102d92c4a6a4833580f472217169e1a41","created_at":"2013-10-26T20:11:02Z","updated_at":"2013-10-26T20:11:02Z","repo":"moment","user":{"login":"icambron","id":244988},"owner":"moment","id":7234895}
{"_id":{"$oid":"526c2224bd3543b64e000056"},"commit_id":"74c8d60102d92c4a6a4833580f472217169e1a41","created_at":"2013-10-26T20:12:18Z","updated_at":"2013-10-26T20:12:18Z","repo":"moment","user":{"login":"icambron","id":244988},"owner":"moment","id":7234899}
{"_id":{"$oid":"526c227abd3543b63700005a"},"commit_id":"74c8d60102d92c4a6a4833580f472217169e1a41","created_at":"2013-10-26T20:13:39Z","updated_at":"2013-10-26T20:13:39Z","repo":"moment","user":{"login":"icambron","id":244988},"owner":"moment","id":7234904}
{"_id":{"$oid":"526c22d3bd3543b66e000085"},"commit_id":"74c8d60102d92c4a6a4833580f472217169e1a41","created_at":"2013-10-26T20:15:12Z","updated_at":"2013-10-26T20:15:12Z","repo":"moment","user":{"login":"Xotic750","id":216041},"owner":"moment","id":7234911}
{"_id":{"$oid":"526c234fbd3543b664000091"},"commit_id":"74c8d60102d92c4a6a4833580f472217169e1a41","created_at":"2013-10-26T20:17:16Z","updated_at":"2013-10-26T20:17:16Z","repo":"moment","user":{"login":"icambron","id":244988},"owner":"moment","id":7234915}
{"_id":{"$oid":"526c237bbd3543b63e000088"},"commit_id":"74c8d60102d92c4a6a4833580f472217169e1a41","created_at":"2013-10-26T20:18:02Z","updated_at":"2013-10-26T20:18:02Z","repo":"moment","user":{"login":"Xotic750","id":216041},"owner":"moment","id":7234919}
{"_id":{"$oid":"526c238ebd3543b650000078"},"commit_id":"74c8d60102d92c4a6a4833580f472217169e1a41","created_at":"2013-10-26T20:18:20Z","updated_at":"2013-10-26T20:18:20Z","repo":"moment","user":{"login":"Xotic750","id":216041},"owner":"moment","id":7234921}
{"_id":{"$oid":"526c2442bd3543b6510000a4"},"commit_id":"74c8d60102d92c4a6a4833580f472217169e1a41","created_at":"2013-10-26T20:21:19Z","updated_at":"2013-10-26T20:21:19Z","repo":"moment","user":{"login":"Xotic750","id":216041},"owner":"moment","id":7234929}
{"_id":{"$oid":"526c24d0bd3543b6450000bb"},"commit_id":"74c8d60102d92c4a6a4833580f472217169e1a41","created_at":"2013-10-26T20:23:40Z","updated_at":"2013-10-26T20:23:40Z","repo":"moment","user":{"login":"Xotic750","id":216041},"owner":"moment","id":7234936}
{"_id":{"$oid":"526c25e4bd3543b6530000c4"},"commit_id":"74c8d60102d92c4a6a4833580f472217169e1a41","created_at":"2013-10-26T20:28:16Z","updated_at":"2013-10-26T20:28:16Z","repo":"moment","user":{"login":"Xotic750","id":216041},"owner":"moment","id":7234948}
{"_id":{"$oid":"526c264dbd3543b6370000eb"},"commit_id":"74c8d60102d92c4a6a4833580f472217169e1a41","created_at":"2013-10-26T20:29:59Z","updated_at":"2013-10-26T20:29:59Z","repo":"moment","user":{"login":"Xotic750","id":216041},"owner":"moment","id":7234952}
{"_id":{"$oid":"526c29fcbd3543b65300017b"},"commit_id":"74c8d60102d92c4a6a4833580f472217169e1a41","created_at":"2013-10-26T20:45:46Z","updated_at":"2013-10-26T20:45:46Z","repo":"moment","user":{"login":"icambron","id":244988},"owner":"moment","id":7234994}
{"_id":{"$oid":"526c2a36bd3543b66e00018e"},"commit_id":"74c8d60102d92c4a6a4833580f472217169e1a41","created_at":"2013-10-26T20:46:43Z","updated_at":"2013-10-26T20:46:43Z","repo":"moment","user":{"login":"icambron","id":244988},"owner":"moment","id":7234998}
{"_id":{"$oid":"526c2a99bd3543b65a000182"},"commit_id":"74c8d60102d92c4a6a4833580f472217169e1a41","created_at":"2013-10-26T20:48:21Z","updated_at":"2013-10-26T20:48:21Z","repo":"moment","user":{"login":"icambron","id":244988},"owner":"moment","id":7235008}
{"_id":{"$oid":"526c2adebd3543b64c0001ac"},"commit_id":"74c8d60102d92c4a6a4833580f472217169e1a41","created_at":"2013-10-26T20:49:28Z","updated_at":"2013-10-26T20:49:28Z","repo":"moment","user":{"login":"icambron","id":244988},"owner":"moment","id":7235014}
{"_id":{"$oid":"526c2b08bd3543b6510001a6"},"commit_id":"74c8d60102d92c4a6a4833580f472217169e1a41","created_at":"2013-10-26T20:49:56Z","updated_at":"2013-10-26T20:49:56Z","repo":"moment","user":{"login":"Xotic750","id":216041},"owner":"moment","id":7235017}
{"_id":{"$oid":"526c3996bd3543bca6000201"},"commit_id":"74c8d60102d92c4a6a4833580f472217169e1a41","created_at":"2013-10-26T21:52:18Z","updated_at":"2013-10-26T21:52:18Z","repo":"moment","user":{"login":"ichernev","id":757060},"owner":"moment","id":7235173}
{"_id":{"$oid":"526c3b2ebd3543bc810001c0"},"commit_id":"74c8d60102d92c4a6a4833580f472217169e1a41","created_at":"2013-10-26T21:59:05Z","updated_at":"2013-10-26T21:59:05Z","repo":"moment","user":{"login":"Xotic750","id":216041},"owner":"moment","id":7235188}
{"_id":{"$oid":"526c7c41bd3543fb350000b4"},"commit_id":"74c8d60102d92c4a6a4833580f472217169e1a41","created_at":"2013-10-27T02:36:44Z","updated_at":"2013-10-27T02:36:44Z","repo":"moment","user":{"login":"timrwood","id":643885},"owner":"moment","id":7235604}
{"_id":{"$oid":"5270e7c9bd35432a3a000070"},"commit_id":"74c8d60102d92c4a6a4833580f472217169e1a41","created_at":"2013-10-30T00:28:05Z","updated_at":"2013-10-30T00:28:05Z","repo":"moment","user":{"login":"Xotic750","id":216041},"owner":"moment","id":7299736}
{"_id":{"$oid":"52710d36bd354336c4000736"},"commit_id":"74c8d60102d92c4a6a4833580f472217169e1a41","created_at":"2013-10-30T00:28:05Z","updated_at":"2013-10-30T00:28:05Z","repo":"moment","user":{"login":"Xotic750","id":216041},"owner":"moment","id":7299736}
{"_id":{"$oid":"52ae4e88bd354316ef037bf7"},"commit_id":"d37a7a2fd968c3bd6136b9daffc44b2ba37f5bb0","created_at":"2013-12-16T00:51:13Z","updated_at":"2013-12-16T00:51:13Z","repo":"moment","user":{"login":"icambron","id":244988},"owner":"moment","id":8357281}
{"_id":{"$oid":"52b4844ebd354315d401c739"},"commit_id":"ab63515b8a5c5b720ee7614323372cbe33ab22b4","created_at":"2013-12-20T17:54:06Z","updated_at":"2013-12-20T17:54:06Z","repo":"moment","user":{"login":"ichernev","id":757060},"owner":"moment","id":8505856}
{"_id":{"$oid":"52b50847bd354315d4022139"},"commit_id":"d9c856ac67fcd1556d991d8c0ab3e226a5982127","created_at":"2013-12-21T03:17:21Z","updated_at":"2013-12-21T03:17:21Z","repo":"moment","user":{"login":"jeeeyul","id":949440},"owner":"moment","id":8516239}
{"_id":{"$oid":"52be5dc2bd35436834006e3c"},"commit_id":"146b126815e865fdae187845e49b452d7036827a","created_at":"2013-12-28T05:12:29Z","updated_at":"2013-12-28T05:12:29Z","repo":"moment","user":{"login":"icambron","id":244988},"owner":"moment","id":8575464}
{"_id":{"$oid":"52be5ffebd3543675d006b8c"},"commit_id":"146b126815e865fdae187845e49b452d7036827a","created_at":"2013-12-28T05:21:57Z","updated_at":"2013-12-28T05:21:57Z","repo":"moment","user":{"login":"ichernev","id":757060},"owner":"moment","id":8575476}
{"_id":{"$oid":"52df95cabd3543bca108d862"},"commit_id":"c263a2ac9a35c9bdf2a5a1b52e43e5298b85562a","created_at":"2014-01-22T09:56:18Z","updated_at":"2014-01-22T09:56:18Z","repo":"moment","user":{"login":"mmozuras","id":54526},"owner":"moment","id":9069954}
{"_id":{"$oid":"533e18cfbd3543edb3008b17"},"commit_id":"c263a2ac9a35c9bdf2a5a1b52e43e5298b85562a","created_at":"2014-01-28T09:37:21Z","updated_at":"2014-01-28T09:37:21Z","repo":"moment","user":{"login":"ichernev","id":757060},"owner":"moment","id":9221465}
{"_id":{"$oid":"52ec9a45bd3543fed6019af0"},"commit_id":"21f9e929c80c118a3085690cb026a0a752467e36","created_at":"2014-02-01T06:54:55Z","updated_at":"2014-02-01T06:54:55Z","repo":"moment","user":{"login":"icambron","id":244988},"owner":"moment","id":9364892}
{"_id":{"$oid":"52ec9ab4bd354301f0019d99"},"commit_id":"21f9e929c80c118a3085690cb026a0a752467e36","created_at":"2014-02-01T06:56:48Z","updated_at":"2014-02-01T06:56:48Z","repo":"moment","user":{"login":"icambron","id":244988},"owner":"moment","id":9364894}
{"_id":{"$oid":"530f825ebd354379b700a6c7"},"commit_id":"84d67f7bb0b095409febe1b08380ede1fd044b8e","created_at":"2014-02-27T18:22:10Z","updated_at":"2014-02-27T18:22:10Z","repo":"moment","user":{"login":"kperry42","id":983573},"owner":"moment","id":10134900}
{"_id":{"$oid":"533d1be3bd3543edca001296"},"commit_id":"8ede0db28ac04764923b47b3cf68d2eb7619bc06","created_at":"2014-04-02T07:41:26Z","updated_at":"2014-04-02T07:41:26Z","repo":"moment","user":{"login":"icambron","id":244988},"owner":"moment","id":11195075}
{"_id":{"$oid":"533d1c79bd3543ede90012c1"},"commit_id":"8ede0db28ac04764923b47b3cf68d2eb7619bc06","created_at":"2014-04-02T08:41:21Z","updated_at":"2014-04-02T08:41:21Z","repo":"moment","user":{"login":"ichernev","id":757060},"owner":"moment","id":11196600}
{"_id":{"$oid":"533d267fbd3543eda7001583"},"commit_id":"8ede0db28ac04764923b47b3cf68d2eb7619bc06","created_at":"2014-04-02T14:44:52Z","updated_at":"2014-04-02T14:44:52Z","repo":"moment","user":{"login":"icambron","id":244988},"owner":"moment","id":11208362}
{"_id":{"$oid":"535dc683bd35432386034088"},"commit_id":"440d7889d9c0c8540cdc7711819f546cc99584a8","created_at":"2014-04-28T03:09:53Z","updated_at":"2014-04-28T03:09:53Z","repo":"moment","user":{"login":"ichernev","id":757060},"owner":"moment","id":12034000}
{"_id":{"$oid":"535dc7c8bd35432469032941"},"commit_id":"440d7889d9c0c8540cdc7711819f546cc99584a8","created_at":"2014-04-28T03:14:59Z","updated_at":"2014-04-28T03:14:59Z","repo":"moment","user":{"login":"ichernev","id":757060},"owner":"moment","id":12034056}
{"_id":{"$oid":"53670184bd35433a2001e619"},"commit_id":"5b39a30797d21ae2d51884e7688dbe63f851cae6","created_at":"2014-05-05T03:11:43Z","updated_at":"2014-05-05T03:11:43Z","repo":"moment","user":{"login":"icambron","id":244988},"owner":"moment","id":12266546}
{"_id":{"$oid":"53687e02bd3543562400507c"},"commit_id":"5b39a30797d21ae2d51884e7688dbe63f851cae6","created_at":"2014-05-05T17:39:20Z","updated_at":"2014-05-05T17:39:20Z","repo":"moment","user":{"login":"ichernev","id":757060},"owner":"moment","id":12289185}
{"_id":{"$oid":"5366fafabd35433a9101cfa2"},"commit_id":"c49c9607bb328c17bca0fd95260533fd3d005ccd","created_at":"2014-05-05T02:44:04Z","updated_at":"2014-05-05T02:44:04Z","repo":"moment","user":{"login":"icambron","id":244988},"owner":"moment","id":12266366}
{"_id":{"$oid":"53670d12bd35433b0b01d60c"},"commit_id":"c49c9607bb328c17bca0fd95260533fd3d005ccd","created_at":"2014-05-05T03:39:18Z","updated_at":"2014-05-05T03:39:18Z","repo":"moment","user":{"login":"ichernev","id":757060},"owner":"moment","id":12266705}
{"_id":{"$oid":"5367086ebd354339f901e2de"},"commit_id":"c49c9607bb328c17bca0fd95260533fd3d005ccd","created_at":"2014-05-05T03:41:28Z","updated_at":"2014-05-05T03:41:28Z","repo":"moment","user":{"login":"ichernev","id":757060},"owner":"moment","id":12266725}
{"_id":{"$oid":"538ff1f0bd35430a5e00025e"},"commit_id":"18393c1c6ed97807779e48cae2bfdddbd110d744","created_at":"2014-06-05T04:23:35Z","updated_at":"2014-06-05T04:23:35Z","repo":"moment","user":{"login":"ichernev","id":757060},"owner":"moment","id":13423600}
{"_id":{"$oid":"538ff20fbd35430977000515"},"commit_id":"18393c1c6ed97807779e48cae2bfdddbd110d744","created_at":"2014-06-05T04:24:23Z","updated_at":"2014-06-05T04:24:23Z","repo":"moment","user":{"login":"ichernev","id":757060},"owner":"moment","id":13423609}
{"_id":{"$oid":"538ff1bebd3543099200040d"},"commit_id":"18393c1c6ed97807779e48cae2bfdddbd110d744","created_at":"2014-06-05T04:26:14Z","updated_at":"2014-06-05T04:26:14Z","repo":"moment","user":{"login":"ichernev","id":757060},"owner":"moment","id":13423654}
{"_id":{"$oid":"538ff1c8bd35430a1c00051f"},"commit_id":"18393c1c6ed97807779e48cae2bfdddbd110d744","created_at":"2014-06-05T04:27:17Z","updated_at":"2014-06-05T04:27:17Z","repo":"moment","user":{"login":"ichernev","id":757060},"owner":"moment","id":13423695}
{"_id":{"$oid":"538ff27ebd3543097700051d"},"commit_id":"18393c1c6ed97807779e48cae2bfdddbd110d744","created_at":"2014-06-05T04:30:22Z","updated_at":"2014-06-05T04:30:22Z","repo":"moment","user":{"login":"ichernev","id":757060},"owner":"moment","id":13423813}
{"_id":{"$oid":"538ff6d5bd35430903000552"},"commit_id":"18393c1c6ed97807779e48cae2bfdddbd110d744","created_at":"2014-06-05T04:48:58Z","updated_at":"2014-06-05T04:48:58Z","repo":"moment","user":{"login":"ichernev","id":757060},"owner":"moment","id":13424305}
{"_id":{"$oid":"53993113bd35432906030b15"},"commit_id":"e28ed19d66e2206dc234131497c2a82587b09e45","created_at":"2014-06-12T04:48:14Z","updated_at":"2014-06-12T04:48:14Z","repo":"moment","user":{"login":"ichernev","id":757060},"owner":"moment","id":13687489}
{"_id":{"$oid":"53a1d21cbd3543f724005f00"},"commit_id":"aaa7b8135ec9f538a94c38870249f73f3a5861b0","created_at":"2014-06-18T17:53:16Z","updated_at":"2014-06-18T17:53:16Z","repo":"moment","user":{"login":"mweimerskirch","id":362092},"owner":"moment","id":13929571}
{"_id":{"$oid":"53a56d8cbd3543f714016407"},"commit_id":"3b1d448d2cb1beee37b39aa1e409aa409252aa45","created_at":"2014-06-21T11:33:29Z","updated_at":"2014-06-21T11:33:29Z","repo":"moment","user":{"login":"timaschew","id":110870},"owner":"moment","id":14049372}
{"_id":{"$oid":"53a56dcfbd3543f7ee017dbb"},"commit_id":"3b1d448d2cb1beee37b39aa1e409aa409252aa45","created_at":"2014-06-21T11:34:31Z","updated_at":"2014-06-21T11:34:31Z","repo":"moment","user":{"login":"timaschew","id":110870},"owner":"moment","id":14049376}
{"_id":{"$oid":"53a56ebbbd3543f7b901971b"},"commit_id":"3b1d448d2cb1beee37b39aa1e409aa409252aa45","created_at":"2014-06-21T11:36:20Z","updated_at":"2014-06-21T11:36:20Z","repo":"moment","user":{"login":"timaschew","id":110870},"owner":"moment","id":14049379}
{"_id":{"$oid":"53a56e85bd3543f6840286bf"},"commit_id":"3b1d448d2cb1beee37b39aa1e409aa409252aa45","created_at":"2014-06-21T11:37:36Z","updated_at":"2014-06-21T11:37:36Z","repo":"moment","user":{"login":"timaschew","id":110870},"owner":"moment","id":14049383}
{"_id":{"$oid":"53a4882abd3543f659014c38"},"commit_id":"0a43869316645c79b18911a9ab127fe6c706025b","created_at":"2014-06-20T19:14:48Z","updated_at":"2014-06-20T19:14:48Z","repo":"moment","user":{"login":"ichernev","id":757060},"owner":"moment","id":14036762}
{"_id":{"$oid":"53a48d91bd3543f7730150a0"},"commit_id":"0a43869316645c79b18911a9ab127fe6c706025b","created_at":"2014-06-20T19:37:51Z","updated_at":"2014-06-20T19:37:51Z","repo":"moment","user":{"login":"aharpervc","id":441085},"owner":"moment","id":14037746}
{"_id":{"$oid":"53a4997ebd3543f69f015f28"},"commit_id":"0a43869316645c79b18911a9ab127fe6c706025b","created_at":"2014-06-20T20:28:43Z","updated_at":"2014-06-20T20:28:43Z","repo":"moment","user":{"login":"ichernev","id":757060},"owner":"moment","id":14039733}
{"_id":{"$oid":"53a9c3f4bd3543adda00b0f6"},"commit_id":"0a43869316645c79b18911a9ab127fe6c706025b","created_at":"2014-06-24T18:31:14Z","updated_at":"2014-06-24T18:31:14Z","repo":"moment","user":{"login":"icambron","id":244988},"owner":"moment","id":14146397}
{"_id":{"$oid":"53b5bd44bd3543476b002dd1"},"commit_id":"f28ed99638ff5179d912451a801115b86863d867","created_at":"2014-07-03T20:29:45Z","updated_at":"2014-07-03T20:29:45Z","repo":"moment","user":{"login":"icambron","id":244988},"owner":"moment","id":14536359}
{"_id":{"$oid":"53b7bfb3bd35434a16009cff"},"commit_id":"6c5e643a29579dc418c3a2e23db0dbd800f00474","created_at":"2014-07-05T09:04:45Z","updated_at":"2014-07-05T09:04:45Z","repo":"moment","user":{"login":"icambron","id":244988},"owner":"moment","id":14570258}
{"_id":{"$oid":"53b7bffcbd354347dd00961d"},"commit_id":"6c5e643a29579dc418c3a2e23db0dbd800f00474","created_at":"2014-07-05T09:05:59Z","updated_at":"2014-07-05T09:05:59Z","repo":"moment","user":{"login":"icambron","id":244988},"owner":"moment","id":14570269}
{"_id":{"$oid":"53bba143bd35434867018c7e"},"commit_id":"6c5e643a29579dc418c3a2e23db0dbd800f00474","created_at":"2014-07-08T07:43:58Z","updated_at":"2014-07-08T07:43:58Z","repo":"moment","user":{"login":"ichernev","id":757060},"owner":"moment","id":14640131}
{"_id":{"$oid":"53bba3e1bd35434803017719"},"commit_id":"6c5e643a29579dc418c3a2e23db0dbd800f00474","created_at":"2014-07-08T07:48:45Z","updated_at":"2014-07-08T07:48:45Z","repo":"moment","user":{"login":"ichernev","id":757060},"owner":"moment","id":14640276}
{"_id":{"$oid":"53bba3c1bd354349ae016b88"},"commit_id":"6c5e643a29579dc418c3a2e23db0dbd800f00474","created_at":"2014-07-08T07:54:35Z","updated_at":"2014-07-08T07:54:35Z","repo":"moment","user":{"login":"ichernev","id":757060},"owner":"moment","id":14640464}
{"_id":{"$oid":"53bba45abd35434be5016f4f"},"commit_id":"6c5e643a29579dc418c3a2e23db0dbd800f00474","created_at":"2014-07-08T07:57:10Z","updated_at":"2014-07-08T07:57:10Z","repo":"moment","user":{"login":"ichernev","id":757060},"owner":"moment","id":14640576}
{"_id":{"$oid":"53bba49dbd35434867018d74"},"commit_id":"6c5e643a29579dc418c3a2e23db0dbd800f00474","created_at":"2014-07-08T07:58:13Z","updated_at":"2014-07-08T07:58:13Z","repo":"moment","user":{"login":"ichernev","id":757060},"owner":"moment","id":14640609}
{"_id":{"$oid":"53bba4c2bd354347dd016c4b"},"commit_id":"6c5e643a29579dc418c3a2e23db0dbd800f00474","created_at":"2014-07-08T07:58:45Z","updated_at":"2014-07-08T07:58:45Z","repo":"moment","user":{"login":"ichernev","id":757060},"owner":"moment","id":14640621}
{"_id":{"$oid":"53c3654cbd35434ffb01ec0d"},"commit_id":"6c5e643a29579dc418c3a2e23db0dbd800f00474","created_at":"2014-07-14T05:06:14Z","updated_at":"2014-07-14T05:06:14Z","repo":"moment","user":{"login":"icambron","id":244988},"owner":"moment","id":14864504}
{"_id":{"$oid":"53c36556bd3543523e01ce74"},"commit_id":"6c5e643a29579dc418c3a2e23db0dbd800f00474","created_at":"2014-07-14T05:06:25Z","updated_at":"2014-07-14T05:06:25Z","repo":"moment","user":{"login":"icambron","id":244988},"owner":"moment","id":14864507}
{"_id":{"$oid":"53c383fbbd354357ba0214d8"},"commit_id":"35dbc1339e9ab6fc7a0e31e5c74f33b6da6682f0","created_at":"2014-07-14T07:17:12Z","updated_at":"2014-07-14T07:17:12Z","repo":"moment","user":{"login":"ichernev","id":757060},"owner":"moment","id":14866604}
{"_id":{"$oid":"53c61c38bd354357ba02de7c"},"commit_id":"35dbc1339e9ab6fc7a0e31e5c74f33b6da6682f0","created_at":"2014-07-16T06:31:13Z","updated_at":"2014-07-16T06:31:13Z","repo":"moment","user":{"login":"icambron","id":244988},"owner":"moment","id":14982983}
{"_id":{"$oid":"53c62081bd35435053032e69"},"commit_id":"35dbc1339e9ab6fc7a0e31e5c74f33b6da6682f0","created_at":"2014-07-16T06:49:33Z","updated_at":"2014-07-16T06:49:33Z","repo":"moment","user":{"login":"ichernev","id":757060},"owner":"moment","id":14983298}
{"_id":{"$oid":"53cc98d6bd3543509f048e04"},"commit_id":"35dbc1339e9ab6fc7a0e31e5c74f33b6da6682f0","created_at":"2014-07-21T04:36:35Z","updated_at":"2014-07-21T04:36:35Z","repo":"moment","user":{"login":"icambron","id":244988},"owner":"moment","id":15154964}
{"_id":{"$oid":"53bba070bd35434d9801708e"},"commit_id":"fbbd3ebfbce8326dfc5d3203e54ad96c1ce923ed","created_at":"2014-07-08T07:40:23Z","updated_at":"2014-07-08T07:40:23Z","repo":"moment","user":{"login":"ichernev","id":757060},"owner":"moment","id":14640032}
{"_id":{"$oid":"53bb9cb5bd35434f67016749"},"commit_id":"dcf669487107b733395c87047020546160c66097","created_at":"2014-07-08T07:24:32Z","updated_at":"2014-07-08T07:24:32Z","repo":"moment","user":{"login":"ichernev","id":757060},"owner":"moment","id":14639600}
{"_id":{"$oid":"53cf4ac1bd3543222c005389"},"commit_id":"387177682a53a27da6b701748482f00213e60dd1","created_at":"2014-07-23T05:40:13Z","updated_at":"2014-07-23T05:40:13Z","repo":"moment","user":{"login":"ichernev","id":757060},"owner":"moment","id":15271899}
{"_id":{"$oid":"53cf20b8bd3543211500477f"},"commit_id":"3352aeba89d229d5f097f7930b4fb63575c88b7a","created_at":"2014-07-23T02:40:51Z","updated_at":"2014-07-23T02:40:51Z","repo":"moment","user":{"login":"icambron","id":244988},"owner":"moment","id":15268837}
{"_id":{"$oid":"53d2c049bd35432dda001280"},"commit_id":"b5cb1d8e7a76e2b4f19886eea9e1b9ccb50d064e","created_at":"2014-07-25T00:26:03Z","updated_at":"2014-07-25T02:01:49Z","repo":"moment","user":{"login":"ichernev","id":757060},"owner":"moment","id":15381087}
{"_id":{"$oid":"53d2c0f0bd35432f0c001ef8"},"commit_id":"b5cb1d8e7a76e2b4f19886eea9e1b9ccb50d064e","created_at":"2014-07-25T01:43:43Z","updated_at":"2014-07-25T02:01:49Z","repo":"moment","user":{"login":"triqi","id":2232035},"owner":"moment","id":15382974}
{"_id":{"$oid":"5493fa76bd354332c3004975"},"commit_id":"b5cb1d8e7a76e2b4f19886eea9e1b9ccb50d064e","created_at":"2014-12-19T10:14:06Z","updated_at":"2014-12-19T10:14:06Z","repo":"moment","user":{"login":"Toilal","id":1165758},"owner":"moment","id":22097691}
{"_id":{"$oid":"54944df9bd35431cd4009b03"},"commit_id":"b5cb1d8e7a76e2b4f19886eea9e1b9ccb50d064e","created_at":"2014-12-19T16:09:53Z","updated_at":"2014-12-19T16:09:53Z","repo":"moment","user":{"login":"icambron","id":244988},"owner":"moment","id":22112170}
{"_id":{"$oid":"54944f81bd35431cae0065ea"},"commit_id":"b5cb1d8e7a76e2b4f19886eea9e1b9ccb50d064e","created_at":"2014-12-19T16:15:24Z","updated_at":"2014-12-19T16:15:24Z","repo":"moment","user":{"login":"Toilal","id":1165758},"owner":"moment","id":22112446}
{"_id":{"$oid":"54945065bd35431c3f00a58c"},"commit_id":"b5cb1d8e7a76e2b4f19886eea9e1b9ccb50d064e","created_at":"2014-12-19T16:19:51Z","updated_at":"2014-12-19T16:20:34Z","repo":"moment","user":{"login":"icambron","id":244988},"owner":"moment","id":22112692}
{"_id":{"$oid":"54945109bd3543254f00537a"},"commit_id":"b5cb1d8e7a76e2b4f19886eea9e1b9ccb50d064e","created_at":"2014-12-19T16:22:21Z","updated_at":"2014-12-19T16:22:21Z","repo":"moment","user":{"login":"Toilal","id":1165758},"owner":"moment","id":22112854}
{"_id":{"$oid":"542720b7bd354367f40355d8"},"commit_id":"853e4a088acb7d49b5b02fe2e8bac66fae834ce2","created_at":"2014-09-27T20:39:03Z","updated_at":"2014-09-27T20:39:03Z","repo":"moment","user":{"login":"ichernev","id":757060},"owner":"moment","id":18125680}
{"_id":{"$oid":"542725b9bd3543681a03382c"},"commit_id":"853e4a088acb7d49b5b02fe2e8bac66fae834ce2","created_at":"2014-09-27T20:39:03Z","updated_at":"2014-09-27T20:39:03Z","repo":"moment","user":{"login":"ichernev","id":757060},"owner":"moment","id":18125680}
{"_id":{"$oid":"54272280bd35436785032c3a"},"commit_id":"853e4a088acb7d49b5b02fe2e8bac66fae834ce2","created_at":"2014-09-27T20:42:05Z","updated_at":"2014-09-27T20:42:05Z","repo":"moment","user":{"login":"ichernev","id":757060},"owner":"moment","id":18125693}
{"_id":{"$oid":"542725c3bd354368d4036e10"},"commit_id":"1f25a8bf33c1d2290483200a75957d97716db838","created_at":"2014-09-27T21:01:47Z","updated_at":"2014-09-27T21:01:47Z","repo":"moment","user":{"login":"ichernev","id":757060},"owner":"moment","id":18125806}
{"_id":{"$oid":"542726c3bd354369200329ac"},"commit_id":"1f25a8bf33c1d2290483200a75957d97716db838","created_at":"2014-09-27T21:02:23Z","updated_at":"2014-09-27T21:02:23Z","repo":"moment","user":{"login":"ichernev","id":757060},"owner":"moment","id":18125810}
{"_id":{"$oid":"546a17dfbd3543c20b00f807"},"commit_id":"b79ec61d18833e8dfbe475a5f02f511b46bbe2f1","created_at":"2014-11-17T15:42:07Z","updated_at":"2014-11-17T15:42:07Z","repo":"moment","user":{"login":"Oire","id":595597},"owner":"moment","id":20442631}
{"_id":{"$oid":"54875973bd35436142001e40"},"commit_id":"b79ec61d18833e8dfbe475a5f02f511b46bbe2f1","created_at":"2014-11-17T15:42:07Z","updated_at":"2014-11-17T15:42:07Z","repo":"moment","user":{"login":"Oire","id":595597},"owner":"moment","id":20442631}
{"_id":{"$oid":"542c0bbdbd35435fdf00baec"},"commit_id":"c9023b563a670476317b050feea4a2d758940d9a","created_at":"2014-10-01T14:11:39Z","updated_at":"2014-10-01T14:11:39Z","repo":"moment","user":{"login":"icambron","id":244988},"owner":"moment","id":18280470}
{"_id":{"$oid":"54880420bd354390380037b2"},"commit_id":"955dfcc4e1357d99df0af33884ae61c66a47dbde","created_at":"2014-11-30T19:01:04Z","updated_at":"2014-11-30T20:25:07Z","repo":"moment","user":{"login":"ichernev","id":757060},"owner":"moment","id":21062497}
{"_id":{"$oid":"54880423bd3543906b003b64"},"commit_id":"955dfcc4e1357d99df0af33884ae61c66a47dbde","created_at":"2014-11-30T19:01:31Z","updated_at":"2014-11-30T20:25:07Z","repo":"moment","user":{"login":"ichernev","id":757060},"owner":"moment","id":21062503}
{"_id":{"$oid":"54880488bd3543905a00378a"},"commit_id":"955dfcc4e1357d99df0af33884ae61c66a47dbde","created_at":"2014-11-30T20:26:42Z","updated_at":"2014-11-30T20:26:42Z","repo":"moment","user":{"login":"dandv","id":33569},"owner":"moment","id":21063133}
{"_id":{"$oid":"551cb174bd3543735e006a86"},"commit_id":"179b956ed366124b96c007c96c244f2b070abffd","created_at":"2015-04-01T06:45:24Z","updated_at":"2015-04-01T06:45:24Z","repo":"moment","user":{"login":"icambron","id":244988},"owner":"moment","id":27547879}
{"_id":{"$oid":"5490ad04bd35431c4302ddec"},"commit_id":"c71b50ed5ccdea3e09490581de45ffd8bec0ab12","created_at":"2014-12-16T22:06:51Z","updated_at":"2014-12-16T22:06:51Z","repo":"moment","user":{"login":"Oire","id":595597},"owner":"moment","id":21936237}
{"_id":{"$oid":"5490ad40bd354324c301418d"},"commit_id":"c71b50ed5ccdea3e09490581de45ffd8bec0ab12","created_at":"2014-12-16T22:07:56Z","updated_at":"2014-12-16T22:07:56Z","repo":"moment","user":{"login":"robin0van0der0v","id":692029},"owner":"moment","id":21936345}
{"_id":{"$oid":"549985d0bd35432cac00b9a7"},"commit_id":"ccd1cefcf9efb67b693b3b195b1b753203f09dd9","created_at":"2014-12-23T15:09:40Z","updated_at":"2014-12-23T15:09:40Z","repo":"moment","user":{"login":"robin0van0der0v","id":692029},"owner":"moment","id":22218159}
{"_id":{"$oid":"54ba1fcfbd3543eca800d0d0"},"commit_id":"f832f3786fedb8ff00f1d5c40b34a7ebc833d844","created_at":"2015-01-17T08:30:14Z","updated_at":"2015-01-17T08:37:26Z","repo":"moment","user":{"login":"ichernev","id":757060},"owner":"moment","id":23123778}
{"_id":{"$oid":"54ba1daabd3543fbc000c405"},"commit_id":"57f3890608d2b892e589357395c5aa81265b7f42","created_at":"2015-01-17T08:30:23Z","updated_at":"2015-01-17T08:30:23Z","repo":"moment","user":{"login":"ichernev","id":757060},"owner":"moment","id":23123779}
{"_id":{"$oid":"54ba1aeebd3543ecd400e297"},"commit_id":"a29b6e981f71c818bd117f22731c00318c43eb36","created_at":"2015-01-17T08:08:12Z","updated_at":"2015-01-17T08:08:12Z","repo":"moment","user":{"login":"ichernev","id":757060},"owner":"moment","id":23123703}
{"_id":{"$oid":"54c0ada6bd3543df6f00476f"},"commit_id":"461401e36db23095d67a2b981ca64e58a6c9bee8","created_at":"2015-01-22T07:58:25Z","updated_at":"2015-01-22T07:58:25Z","repo":"moment","user":{"login":"ichernev","id":757060},"owner":"moment","id":23359892}
{"_id":{"$oid":"54c0add3bd3543dcdd00478d"},"commit_id":"461401e36db23095d67a2b981ca64e58a6c9bee8","created_at":"2015-01-22T07:59:10Z","updated_at":"2015-01-22T07:59:10Z","repo":"moment","user":{"login":"ichernev","id":757060},"owner":"moment","id":23359916}
{"_id":{"$oid":"54c0adeebd3543e6a50047f3"},"commit_id":"461401e36db23095d67a2b981ca64e58a6c9bee8","created_at":"2015-01-22T07:59:33Z","updated_at":"2015-01-22T07:59:33Z","repo":"moment","user":{"login":"ichernev","id":757060},"owner":"moment","id":23359923}
{"_id":{"$oid":"54c0ae60bd3543e90f004693"},"commit_id":"461401e36db23095d67a2b981ca64e58a6c9bee8","created_at":"2015-01-22T08:01:30Z","updated_at":"2015-01-22T08:01:30Z","repo":"moment","user":{"login":"ichernev","id":757060},"owner":"moment","id":23359979}
{"_id":{"$oid":"54c0aef8bd3543d3da0048ca"},"commit_id":"461401e36db23095d67a2b981ca64e58a6c9bee8","created_at":"2015-01-22T08:04:02Z","updated_at":"2015-01-22T08:04:02Z","repo":"moment","user":{"login":"ichernev","id":757060},"owner":"moment","id":23360057}
{"_id":{"$oid":"54c12767bd3543d3af005e05"},"commit_id":"461401e36db23095d67a2b981ca64e58a6c9bee8","created_at":"2015-01-22T16:37:56Z","updated_at":"2015-01-22T16:37:56Z","repo":"moment","user":{"login":"timrwood","id":643885},"owner":"moment","id":23388679}
{"_id":{"$oid":"54c1281cbd3543e644005eb4"},"commit_id":"19d9b26ce2e29c2c1690799c9285c3367dab2dee","created_at":"2015-01-22T16:40:51Z","updated_at":"2015-01-22T16:40:51Z","repo":"moment","user":{"login":"timrwood","id":643885},"owner":"moment","id":23388915}
{"_id":{"$oid":"54c1288abd3543e6a5005ff1"},"commit_id":"19d9b26ce2e29c2c1690799c9285c3367dab2dee","created_at":"2015-01-22T16:42:48Z","updated_at":"2015-01-22T16:42:48Z","repo":"moment","user":{"login":"timrwood","id":643885},"owner":"moment","id":23389045}
{"_id":{"$oid":"54c132b9bd3543d4f6005ef2"},"commit_id":"8f4aa8f80681e4e46bc5ea64077527cdb1a08c07","created_at":"2015-01-22T17:26:14Z","updated_at":"2015-01-22T17:26:14Z","repo":"moment","user":{"login":"ichernev","id":757060},"owner":"moment","id":23392317}
{"_id":{"$oid":"54c136a2bd3543df6f006266"},"commit_id":"8f4aa8f80681e4e46bc5ea64077527cdb1a08c07","created_at":"2015-01-22T17:42:56Z","updated_at":"2015-01-22T17:42:56Z","repo":"moment","user":{"login":"timrwood","id":643885},"owner":"moment","id":23393508}
{"_id":{"$oid":"552ff1d0bd35436d5003a322"},"commit_id":"c9ffdffb9fb0f540a2cb39497cf342c5b30c4fd3","created_at":"2015-04-16T17:30:52Z","updated_at":"2015-04-16T17:30:52Z","repo":"moment","user":{"login":"skakri","id":693982},"owner":"moment","id":28531202}
{"_id":{"$oid":"55491b89bd35436109000388"},"commit_id":"81c07f926467a5a9c5587bc1c87333ed216ccbb4","created_at":"2015-05-05T19:35:34Z","updated_at":"2015-05-05T19:35:34Z","repo":"moment","user":{"login":"myabc","id":755},"owner":"moment","id":29704358}
{"_id":{"$oid":"5549d340bd354362850022a9"},"commit_id":"81c07f926467a5a9c5587bc1c87333ed216ccbb4","created_at":"2015-05-06T08:39:23Z","updated_at":"2015-05-06T08:39:23Z","repo":"moment","user":{"login":"NobodysNightmare","id":453584},"owner":"moment","id":29742255}
{"_id":{"$oid":"5549d3a6bd354360c9002383"},"commit_id":"81c07f926467a5a9c5587bc1c87333ed216ccbb4","created_at":"2015-05-06T08:41:06Z","updated_at":"2015-05-06T08:41:06Z","repo":"moment","user":{"login":"myabc","id":755},"owner":"moment","id":29742327}
{"_id":{"$oid":"5596f196bd3543bf5400151b"},"commit_id":"e827a5d19adedef009ef0d8c5969f339a9349cf4","created_at":"2015-07-03T10:45:39Z","updated_at":"2015-07-03T10:45:39Z","repo":"moment","user":{"login":"ichernev","id":757060},"owner":"moment","id":33855283}
{"_id":{"$oid":"5596f199bd3543bde3000805"},"commit_id":"e827a5d19adedef009ef0d8c5969f339a9349cf4","created_at":"2015-07-03T10:47:16Z","updated_at":"2015-07-03T10:47:16Z","repo":"moment","user":{"login":"ichernev","id":757060},"owner":"moment","id":33855361}
{"_id":{"$oid":"5586ab25bd3543b81c000f29"},"commit_id":"032f0b6695f5267c7694b5351cb657a08266dabb","created_at":"2015-06-19T05:57:25Z","updated_at":"2015-06-19T05:57:25Z","repo":"moment","user":{"login":"mj1856","id":1396388},"owner":"moment","id":32803155}
{"_id":{"$oid":"5589af8dbd3543f29e001eae"},"commit_id":"032f0b6695f5267c7694b5351cb657a08266dabb","created_at":"2015-06-23T19:11:42Z","updated_at":"2015-06-23T19:11:42Z","repo":"moment","user":{"login":"philjohnson789","id":1245940},"owner":"moment","id":33079652}
{"_id":{"$oid":"558fcdbdbd3543ed0901d79e"},"commit_id":"032f0b6695f5267c7694b5351cb657a08266dabb","created_at":"2015-06-28T10:34:30Z","updated_at":"2015-06-28T10:34:30Z","repo":"moment","user":{"login":"ichernev","id":757060},"owner":"moment","id":33421396}
{"_id":{"$oid":"5590d80fbd3543f1970207bf"},"commit_id":"3206fab341a0b8da32b5f8fc75ef91854d706fa5","created_at":"2015-06-29T05:30:41Z","updated_at":"2015-06-29T05:30:41Z","repo":"moment","user":{"login":"mmozuras","id":54526},"owner":"moment","id":33435054}
