{"_id":{"$oid":"51bc59eebd35432e7900002e"},"repo":"video.js","owner":"videojs","name":"bug"}
{"_id":{"$oid":"51bc59eebd35432e7900002f"},"repo":"video.js","owner":"videojs","name":"feature"}
{"_id":{"$oid":"51bc59eebd35432e79000030"},"repo":"video.js","owner":"videojs","name":"iOS"}
{"_id":{"$oid":"51bc59eebd35432e79000031"},"repo":"video.js","owner":"videojs","name":"ie"}
{"_id":{"$oid":"51bc59eebd35432e79000032"},"repo":"video.js","owner":"videojs","name":"old version"}
{"_id":{"$oid":"51bc59eebd35432e79000033"},"repo":"video.js","owner":"videojs","name":"duplicate"}
{"_id":{"$oid":"51bc59eebd35432e79000034"},"repo":"video.js","owner":"videojs","name":"invalid"}
{"_id":{"$oid":"51bc59efbd35432e79000035"},"repo":"video.js","owner":"videojs","name":"plugin"}
{"_id":{"$oid":"51bc59efbd35432e79000036"},"repo":"video.js","owner":"videojs","name":"needs discussion"}
{"_id":{"$oid":"51bc59efbd35432e79000037"},"repo":"video.js","owner":"videojs","name":"needs research"}
{"_id":{"$oid":"51bc59efbd35432e79000038"},"repo":"video.js","owner":"videojs","name":"needs reduced test case"}
{"_id":{"$oid":"51bc59efbd35432e79000039"},"repo":"video.js","owner":"videojs","name":"needs response"}
{"_id":{"$oid":"51cc24834681246ea4000ca9"},"repo":"video.js","owner":"videojs","name":"browser bug"}
{"_id":{"$oid":"51f67ee6bd354307f80001c9"},"repo":"video.js","owner":"videojs","name":"ready for implementation"}
{"_id":{"$oid":"52126542bd35433ebf00016d"},"repo":"video.js","owner":"videojs","name":"old"}
{"_id":{"$oid":"52126542bd35433ebf00016e"},"repo":"video.js","owner":"videojs","name":"needs: discussion"}
{"_id":{"$oid":"52126542bd35433ebf00016f"},"repo":"video.js","owner":"videojs","name":"needs: research"}
{"_id":{"$oid":"52126542bd35433ebf000170"},"repo":"video.js","owner":"videojs","name":"needs: reduced test case"}
{"_id":{"$oid":"52126542bd35433ebf000171"},"repo":"video.js","owner":"videojs","name":"needs: response"}
{"_id":{"$oid":"52126542bd35433ebf000172"},"repo":"video.js","owner":"videojs","name":"icebox"}
{"_id":{"$oid":"522f55a3bd3543b50e008a98"},"repo":"video.js","owner":"videojs","name":"question"}
{"_id":{"$oid":"524b566bbd3543d871000650"},"repo":"video.js","owner":"videojs","name":"docs + guides"}
{"_id":{"$oid":"525dd509bd3543e799000c9e"},"repo":"video.js","owner":"videojs","name":"needs: more info"}
{"_id":{"$oid":"5293e6b6bd3543834d000035"},"repo":"video.js","owner":"videojs","name":"enhancement"}
{"_id":{"$oid":"5293e6b6bd3543834d000036"},"repo":"video.js","owner":"videojs","name":"confirmed"}
{"_id":{"$oid":"5293e6b6bd3543834d000037"},"repo":"video.js","owner":"videojs","name":"unclaimed"}
{"_id":{"$oid":"5293e6b6bd3543834d000038"},"repo":"video.js","owner":"videojs","name":"docs"}
{"_id":{"$oid":"52f57b02bd35439210018253"},"repo":"video.js","owner":"videojs","name":"needs: confirmation"}
{"_id":{"$oid":"5320cce5bd3543c83d013559"},"repo":"video.js","owner":"videojs","name":"needs: addressing"}
{"_id":{"$oid":"539b6004bd35432abb03ce7d"},"repo":"video.js","owner":"videojs","name":"difficulty: easy"}
