{"_id":{"$oid":"53bc6a5bbd35437816004dbc"},"repo":"video.js","owner":"videojs","login":"BCjwhisenant","id":359060}
{"_id":{"$oid":"53bc6a5bbd35437816004dbd"},"repo":"video.js","owner":"videojs","login":"bclwhitaker","id":1394865}
{"_id":{"$oid":"53bc6a5bbd35437816004dbe"},"repo":"video.js","owner":"videojs","login":"dmlap","id":56667}
{"_id":{"$oid":"53bc6a5bbd35437816004dbf"},"repo":"video.js","owner":"videojs","login":"gkatsev","id":535884}
{"_id":{"$oid":"53bc6a5bbd35437816004dc0"},"repo":"video.js","owner":"videojs","login":"heff","id":166}
{"_id":{"$oid":"53bc6a5bbd35437816004dc1"},"repo":"video.js","owner":"videojs","login":"jnwng","id":1118534}
{"_id":{"$oid":"53bc6a5bbd35437816004dc2"},"repo":"video.js","owner":"videojs","login":"mmcc","id":794988}
{"_id":{"$oid":"53bc6a5bbd35437816004dc3"},"repo":"video.js","owner":"videojs","login":"seniorflexdeveloper","id":810126}
