{"_id":{"$oid":"536f255bbd354320810068d5"},"repo":"atom","owner":"atom","name":"enhancement"}
{"_id":{"$oid":"536f255bbd354320810068d6"},"repo":"atom","owner":"atom","name":"bug"}
{"_id":{"$oid":"536f255bbd354320810068d7"},"repo":"atom","owner":"atom","name":"chore"}
{"_id":{"$oid":"536f255bbd354320810068d8"},"repo":"atom","owner":"atom","name":"performance"}
{"_id":{"$oid":"536f255bbd354320810068d9"},"repo":"atom","owner":"atom","name":"docs"}
{"_id":{"$oid":"536f255bbd354320810068da"},"repo":"atom","owner":"atom","name":"design"}
{"_id":{"$oid":"536f255bbd354320810068db"},"repo":"atom","owner":"atom","name":"windows"}
{"_id":{"$oid":"536f255bbd354320810068dc"},"repo":"atom","owner":"atom","name":"editor rendering"}
{"_id":{"$oid":"536f255bbd354320810068dd"},"repo":"atom","owner":"atom","name":"help wanted"}
{"_id":{"$oid":"536f255bbd354320810068de"},"repo":"atom","owner":"atom","name":"linux"}
{"_id":{"$oid":"536f255bbd354320810068df"},"repo":"atom","owner":"atom","name":"react-editor"}
{"_id":{"$oid":"536f255bbd354320810068e0"},"repo":"atom","owner":"atom","name":"build-error"}
{"_id":{"$oid":"536f255bbd354320810068e1"},"repo":"atom","owner":"atom","name":"more-information-needed"}
{"_id":{"$oid":"536f255bbd354320810068e2"},"repo":"atom","owner":"atom","name":"os-x"}
{"_id":{"$oid":"537cbebbbd354323bd001ced"},"repo":"atom","owner":"atom","name":"editor-rendering"}
{"_id":{"$oid":"5388c9debd35431a42007d33"},"repo":"atom","owner":"atom","name":"milestone"}
{"_id":{"$oid":"5391e44dbd3543092000c49a"},"repo":"atom","owner":"atom","name":"ready"}
{"_id":{"$oid":"539643aebd35432a3b02c6da"},"repo":"atom","owner":"atom","name":"in progress"}
{"_id":{"$oid":"53a0878fbd3543f7dd00108a"},"repo":"atom","owner":"atom","name":"react-editor-bug"}
{"_id":{"$oid":"53a9b9e1bd3543ad0300e8da"},"repo":"atom","owner":"atom","name":"documentation"}
{"_id":{"$oid":"53d95f2cbd35432e00026bc6"},"repo":"atom","owner":"atom","name":"api"}
{"_id":{"$oid":"541d6821bd354306bf00916d"},"repo":"atom","owner":"atom","name":"mac"}
{"_id":{"$oid":"542d51c8bd35435d3c00e18a"},"repo":"atom","owner":"atom","name":"on-deck"}
{"_id":{"$oid":"542d51c8bd35435d3c00e18b"},"repo":"atom","owner":"atom","name":"in-progress"}
{"_id":{"$oid":"542d51c8bd35435d3c00e18c"},"repo":"atom","owner":"atom","name":"shipping"}
{"_id":{"$oid":"542d51c8bd35435d3c00e18d"},"repo":"atom","owner":"atom","name":"api-freeze-roadmap"}
{"_id":{"$oid":"542d520bbd35435a7b00e446"},"repo":"atom","owner":"atom","name":"1.0-roadmap"}
{"_id":{"$oid":"542d6c7dbd35435ad0015346"},"repo":"atom","owner":"atom","name":"product-roadmap"}
{"_id":{"$oid":"5472c3e3bd3543c2140252f0"},"repo":"atom","owner":"atom","name":"wontfix"}
{"_id":{"$oid":"5486b78ebd354383700006db"},"repo":"atom","owner":"atom","name":"crash"}
{"_id":{"$oid":"548b5b82bd354315160060a3"},"repo":"atom","owner":"atom","name":"auto-indent"}
{"_id":{"$oid":"54add892bd35433b4c01529d"},"repo":"atom","owner":"atom","name":"encoding"}
{"_id":{"$oid":"54add892bd35433b4c01529e"},"repo":"atom","owner":"atom","name":"atom"}
{"_id":{"$oid":"54add892bd35433b4c01529f"},"repo":"atom","owner":"atom","name":"error-from-pathwatcher"}
{"_id":{"$oid":"54add892bd35433b4c0152a0"},"repo":"atom","owner":"atom","name":"error-from-save"}
{"_id":{"$oid":"54ca0249bd3543d44f01e1d4"},"repo":"atom","owner":"atom","name":"error-from-open"}
{"_id":{"$oid":"54ca0249bd3543d44f01e1d5"},"repo":"atom","owner":"atom","name":"good-first"}
{"_id":{"$oid":"54ca0249bd3543d44f01e1d6"},"repo":"atom","owner":"atom","name":"needs-reproduction"}
{"_id":{"$oid":"54d8eb9bbd354371c9017bce"},"repo":"atom","owner":"atom","name":"question"}
{"_id":{"$oid":"54dd3406bd35435125002805"},"repo":"atom","owner":"atom","name":"installer"}
{"_id":{"$oid":"5523648abd35436981017db9"},"repo":"atom","owner":"atom","name":"network"}
{"_id":{"$oid":"5523648abd35436981017dba"},"repo":"atom","owner":"atom","name":"security"}
{"_id":{"$oid":"5523648abd35436981017dbb"},"repo":"atom","owner":"atom","name":"blocked"}
{"_id":{"$oid":"5523648abd35436981017dbc"},"repo":"atom","owner":"atom","name":"feedback"}
{"_id":{"$oid":"5523648abd35436981017dbd"},"repo":"atom","owner":"atom","name":"duplicate"}
{"_id":{"$oid":"552eeb37bd354366e403912c"},"repo":"atom","owner":"atom","name":"help-wanted"}
{"_id":{"$oid":"5531592abd354361f003e568"},"repo":"atom","owner":"atom","name":"beginner"}
{"_id":{"$oid":"5531592abd354361f003e569"},"repo":"atom","owner":"atom","name":"package-idea"}
{"_id":{"$oid":"554017dcbd35431867002af1"},"repo":"atom","owner":"atom","name":"invalid"}
{"_id":{"$oid":"55462999bd354372e1005cb4"},"repo":"atom","owner":"atom","name":"work-in-progress"}
{"_id":{"$oid":"55462999bd354372e1005cb5"},"repo":"atom","owner":"atom","name":"needs-review"}
{"_id":{"$oid":"55462999bd354372e1005cb6"},"repo":"atom","owner":"atom","name":"under-review"}
{"_id":{"$oid":"55462999bd354372e1005cb7"},"repo":"atom","owner":"atom","name":"requires-changes"}
{"_id":{"$oid":"55462999bd354372e1005cb8"},"repo":"atom","owner":"atom","name":"needs-testing"}
{"_id":{"$oid":"55462999bd354372e1005cb9"},"repo":"atom","owner":"atom","name":"triage-help-needed"}
{"_id":{"$oid":"55462999bd354372e1005cba"},"repo":"atom","owner":"atom","name":"ui"}
{"_id":{"$oid":"55464598bd3543843300606b"},"repo":"atom","owner":"atom","name":"atom.io"}
{"_id":{"$oid":"5553f37fbd35431300003b98"},"repo":"atom","owner":"atom","name":"uncaught-exception"}
{"_id":{"$oid":"556eeedfbd3543bb4e016eef"},"repo":"atom","owner":"atom","name":"deprecation-help"}
{"_id":{"$oid":"558c2609bd3543f27600c909"},"repo":"atom","owner":"atom","name":"wrong-repo"}
{"_id":{"$oid":"5592de6dbd3543ee5302751e"},"repo":"atom","owner":"atom","name":"post-1.0-roadmap"}
