{"_id":{"$oid":"51d67835bd3543f93d000001"},"commit_id":"185acbbae2051235909150a10cb7a0856fcab878","created_at":"2013-06-22T02:42:17Z","updated_at":"2013-06-22T03:19:20Z","repo":"animate.css","user":{"login":"geoffstokes","id":282113},"owner":"daneden","id":4830127}
{"_id":{"$oid":"51d67836bd3543f93d000002"},"commit_id":"185acbbae2051235909150a10cb7a0856fcab878","created_at":"2013-06-22T02:44:55Z","updated_at":"2013-06-22T03:19:20Z","repo":"animate.css","user":{"login":"geoffstokes","id":282113},"owner":"daneden","id":4830133}
{"_id":{"$oid":"51d67836bd3543f93d000003"},"commit_id":"185acbbae2051235909150a10cb7a0856fcab878","created_at":"2013-06-22T02:53:46Z","updated_at":"2013-06-22T03:19:20Z","repo":"animate.css","user":{"login":"mimiflynn","id":414934},"owner":"daneden","id":4830156}
{"_id":{"$oid":"51d67836bd3543f93d000004"},"commit_id":"185acbbae2051235909150a10cb7a0856fcab878","created_at":"2013-06-22T02:55:38Z","updated_at":"2013-06-22T03:19:20Z","repo":"animate.css","user":{"login":"mimiflynn","id":414934},"owner":"daneden","id":4830160}
{"_id":{"$oid":"51d67836bd3543f93d000005"},"commit_id":"185acbbae2051235909150a10cb7a0856fcab878","created_at":"2013-06-22T02:57:35Z","updated_at":"2013-06-22T03:19:20Z","repo":"animate.css","user":{"login":"geoffstokes","id":282113},"owner":"daneden","id":4830163}
{"_id":{"$oid":"51d67836bd3543f93d000006"},"commit_id":"185acbbae2051235909150a10cb7a0856fcab878","created_at":"2013-06-22T04:17:18Z","updated_at":"2013-06-22T04:17:18Z","repo":"animate.css","user":{"login":"Akamaozu","id":1587024},"owner":"daneden","id":4830248}
{"_id":{"$oid":"51d67836bd3543f93d000007"},"commit_id":"185acbbae2051235909150a10cb7a0856fcab878","created_at":"2013-06-22T11:55:32Z","updated_at":"2013-06-22T11:55:32Z","repo":"animate.css","user":{"login":"mimiflynn","id":414934},"owner":"daneden","id":4830824}
{"_id":{"$oid":"54258d7ebd35436a6702c773"},"commit_id":"7645a7a0486a1af7643a50e1120f957313731a11","created_at":"2014-09-26T15:37:44Z","updated_at":"2014-09-26T15:37:44Z","repo":"animate.css","user":{"login":"dereknutile","id":146833},"owner":"daneden","id":18095863}
{"_id":{"$oid":"55384891bd3543306200c8fc"},"commit_id":"29325cfcf6950b27bc2ff1726ca6a09ff78b4472","created_at":"2015-04-23T01:19:08Z","updated_at":"2015-04-23T01:19:08Z","repo":"animate.css","user":{"login":"procodeing","id":10468507},"owner":"daneden","id":28929886}
{"_id":{"$oid":"553848d7bd354315af00c3af"},"commit_id":"29325cfcf6950b27bc2ff1726ca6a09ff78b4472","created_at":"2015-04-23T01:20:19Z","updated_at":"2015-04-23T01:20:19Z","repo":"animate.css","user":{"login":"procodeing","id":10468507},"owner":"daneden","id":28929945}
{"_id":{"$oid":"553987d7bd35432d03002fb7"},"commit_id":"29325cfcf6950b27bc2ff1726ca6a09ff78b4472","created_at":"2015-04-24T00:01:23Z","updated_at":"2015-04-24T00:01:23Z","repo":"animate.css","user":{"login":"UiCandy","id":5708402},"owner":"daneden","id":29014737}
{"_id":{"$oid":"5540310fbd35430e870031fd"},"commit_id":"e115a70fd0b4dbe782ba05aab245f538153896be","created_at":"2015-04-29T01:16:36Z","updated_at":"2015-04-29T01:16:36Z","repo":"animate.css","user":{"login":"daneden","id":439365},"owner":"daneden","id":29304342}
{"_id":{"$oid":"5540314cbd35430ec0003109"},"commit_id":"51226ab38861da4bfa69fb4b261692b399e2e3d4","created_at":"2015-04-29T01:17:11Z","updated_at":"2015-04-29T01:17:14Z","repo":"animate.css","user":{"login":"daneden","id":439365},"owner":"daneden","id":29304365}
{"_id":{"$oid":"554031a8bd35430de50030ef"},"commit_id":"e8344ee5f5204883de27ab733cfef4c45d55ab18","created_at":"2015-04-29T01:19:26Z","updated_at":"2015-04-29T01:19:26Z","repo":"animate.css","user":{"login":"daneden","id":439365},"owner":"daneden","id":29304433}
{"_id":{"$oid":"55576821bd3543fb7b01390b"},"commit_id":"83124f1ebb057f11ae4d2a6cafd25c42358be04d","created_at":"2015-05-16T15:54:01Z","updated_at":"2015-05-16T15:54:01Z","repo":"animate.css","user":{"login":"procodeing","id":10468507},"owner":"daneden","id":30462127}
