{"_id":{"$oid":"530e7d75bd35437a1a00461c"},"repo":"animate.css","owner":"daneden","name":"bug fix"}
{"_id":{"$oid":"530e7d75bd35437a1a00461d"},"repo":"animate.css","owner":"daneden","name":"browser bug"}
{"_id":{"$oid":"530e7d75bd35437a1a00461e"},"repo":"animate.css","owner":"daneden","name":"feature request"}
{"_id":{"$oid":"530e7d75bd35437a1a00461f"},"repo":"animate.css","owner":"daneden","name":"new animation"}
{"_id":{"$oid":"53bc0908bd35437904000df3"},"repo":"animate.css","owner":"daneden","name":"that one issue"}
{"_id":{"$oid":"54f79efbbd3543d5e4004bf8"},"repo":"animate.css","owner":"daneden","name":"demo site"}
{"_id":{"$oid":"55124a68bd35434a3901b3f9"},"repo":"animate.css","owner":"daneden","name":"wontfix"}
