{"_id":{"$oid":"51ba9a68bd35437c34001511"},"repo":"scrapy","owner":"scrapy","name":"scrapyd"}
{"_id":{"$oid":"51ba9a68bd35437c34001512"},"repo":"scrapy","owner":"scrapy","name":"feature"}
{"_id":{"$oid":"51ba9a68bd35437c34001513"},"repo":"scrapy","owner":"scrapy","name":"sgml"}
{"_id":{"$oid":"52ab73b0bd354313af000fd9"},"repo":"scrapy","owner":"scrapy","name":"bug"}
{"_id":{"$oid":"52ab73b0bd354313af000fda"},"repo":"scrapy","owner":"scrapy","name":"enhancement"}
{"_id":{"$oid":"52ab73b0bd354313af000fdb"},"repo":"scrapy","owner":"scrapy","name":"duplicate"}
{"_id":{"$oid":"52ab73b0bd354313af000fdc"},"repo":"scrapy","owner":"scrapy","name":"invalid"}
{"_id":{"$oid":"52ab73b0bd354313af000fdd"},"repo":"scrapy","owner":"scrapy","name":"question"}
{"_id":{"$oid":"52ab73b0bd354313af000fde"},"repo":"scrapy","owner":"scrapy","name":"wontfix"}
{"_id":{"$oid":"53042b40bd3543f8ef009cf4"},"repo":"scrapy","owner":"scrapy","name":"easy"}
{"_id":{"$oid":"5502cc62bd3543c430025e9d"},"repo":"scrapy","owner":"scrapy","name":"reviewed-for-1.0"}
{"_id":{"$oid":"5502cc63bd3543c430025e9e"},"repo":"scrapy","owner":"scrapy","name":"gsoc-candidate"}
{"_id":{"$oid":"5502cc64bd3543c430025e9f"},"repo":"scrapy","owner":"scrapy","name":"docs"}
