{"_id":{"$oid":"50d2a15fedecb5619b0009da"},"repo":"scrapy","owner":"scrapy","login":"alexcepoi","id":215764}
{"_id":{"$oid":"50d2a15fedecb5619b0009db"},"repo":"scrapy","owner":"scrapy","login":"dangra","id":37369}
{"_id":{"$oid":"52ab731dbd354313af00078e"},"repo":"scrapy","owner":"scrapy","login":"kmike","id":107893}
{"_id":{"$oid":"52ab731dbd354313af00078f"},"repo":"scrapy","owner":"scrapy","login":"nramirezuy","id":1042865}
{"_id":{"$oid":"50d2a160edecb5619b0009dc"},"repo":"scrapy","owner":"scrapy","login":"pablohoffman","id":185212}
{"_id":{"$oid":"50d2a160edecb5619b0009dd"},"repo":"scrapy","owner":"scrapy","login":"shane42","id":220454}
