{"_id":{"$oid":"5468ba89bd3543c0fe00b3ce"},"created_at":"2012-05-11T11:26:51Z","updated_at":"2014-11-16T14:53:40Z","repo":"linux","state":"closed","user":{"login":"WNeZRoS","id":1008720},"owner":"torvalds","closed_at":"2012-05-11T11:27:55Z","id":4531940}
{"_id":{"$oid":"5468ba89bd3543c0fe00b3cd"},"created_at":"2012-05-11T12:30:15Z","updated_at":"2012-05-16T02:18:53Z","repo":"linux","state":"closed","user":{"login":"WNeZRoS","id":1008720},"owner":"torvalds","closed_at":"2012-05-16T02:18:53Z","id":4532729}
{"_id":{"$oid":"5468ba89bd3543c0fe00b3cc"},"created_at":"2012-06-01T06:30:21Z","updated_at":"2012-06-01T06:31:12Z","repo":"linux","state":"closed","user":{"login":"vargheseapm","id":1596982},"owner":"torvalds","closed_at":"2012-06-01T06:31:12Z","id":4851669}
{"_id":{"$oid":"5468ba89bd3543c0fe00b3cb"},"created_at":"2012-06-26T23:29:25Z","updated_at":"2013-04-29T19:22:49Z","repo":"linux","state":"closed","user":{"login":"goeke","id":1885445},"owner":"torvalds","closed_at":"2013-04-29T19:22:49Z","id":5286276}
{"_id":{"$oid":"5468ba88bd3543c0fe00b3ca"},"created_at":"2012-08-24T02:44:33Z","updated_at":"2012-08-25T23:26:42Z","repo":"linux","state":"closed","user":{"login":"asamy45","id":1820645},"owner":"torvalds","closed_at":"2012-08-25T23:26:42Z","id":6424794}
{"_id":{"$oid":"5468ba88bd3543c0fe00b3c9"},"created_at":"2012-09-16T02:27:38Z","updated_at":"2013-07-02T19:28:26Z","repo":"linux","state":"closed","user":{"login":"minhazul-haque","id":1847242},"owner":"torvalds","closed_at":"2013-07-02T19:28:26Z","id":6900376}
{"_id":{"$oid":"5468ba88bd3543c0fe00b3c8"},"created_at":"2012-10-01T01:06:29Z","updated_at":"2013-07-04T00:19:22Z","repo":"linux","state":"closed","user":{"login":"oscarvei","id":1051533},"owner":"torvalds","closed_at":"2013-07-04T00:19:22Z","id":7250840}
{"_id":{"$oid":"5468ba88bd3543c0fe00b3c7"},"created_at":"2012-10-23T13:16:36Z","updated_at":"2013-07-10T18:44:11Z","repo":"linux","state":"closed","user":{"login":"minhazul-haque","id":1847242},"owner":"torvalds","closed_at":"2013-07-10T18:44:11Z","id":7796721}
{"_id":{"$oid":"5468ba88bd3543c0fe00b3c6"},"created_at":"2012-11-10T11:15:00Z","updated_at":"2013-09-03T19:00:19Z","repo":"linux","state":"closed","user":{"login":"paolostivanin","id":1040943},"owner":"torvalds","closed_at":"2013-09-03T19:00:19Z","id":8260975}
{"_id":{"$oid":"5468ba88bd3543c0fe00b3c5"},"created_at":"2012-11-27T18:57:46Z","updated_at":"2012-11-27T20:29:10Z","repo":"linux","state":"closed","user":{"login":"alexey-pelykh","id":345102},"owner":"torvalds","closed_at":"2012-11-27T20:29:10Z","id":8732668}
{"_id":{"$oid":"5468ba88bd3543c0fe00b3c4"},"created_at":"2013-02-27T05:16:46Z","updated_at":"2013-11-15T10:28:45Z","repo":"linux","state":"closed","user":{"login":"kingpotato","id":1057504},"owner":"torvalds","closed_at":"2013-11-15T05:27:17Z","id":11442462}
{"_id":{"$oid":"5468ba88bd3543c0fe00b3c3"},"created_at":"2013-03-01T20:12:20Z","updated_at":"2013-03-01T21:25:59Z","repo":"linux","state":"closed","user":{"login":"mikegagnon","id":1526852},"owner":"torvalds","closed_at":"2013-03-01T21:25:59Z","id":11559923}
{"_id":{"$oid":"5468ba88bd3543c0fe00b3c2"},"created_at":"2013-03-05T14:29:00Z","updated_at":"2013-03-05T14:33:21Z","repo":"linux","state":"closed","user":{"login":"abdelli","id":1395794},"owner":"torvalds","closed_at":"2013-03-05T14:33:21Z","id":11668771}
{"_id":{"$oid":"5468ba88bd3543c0fe00b3c1"},"created_at":"2013-03-09T14:16:30Z","updated_at":"2013-10-06T06:56:51Z","repo":"linux","state":"closed","user":{"login":"mdrjr","id":675208},"owner":"torvalds","closed_at":"2013-03-09T14:16:52Z","id":11839046}
{"_id":{"$oid":"5468ba84bd3543c0fe00b391"},"created_at":"2013-03-20T21:37:45Z","updated_at":"2013-04-03T01:43:38Z","repo":"linux","state":"open","user":{"login":"ordoss","id":3913603},"owner":"torvalds","closed_at":null,"id":12249820}
{"_id":{"$oid":"5468ba84bd3543c0fe00b390"},"created_at":"2013-05-12T12:33:33Z","updated_at":"2013-10-03T09:10:07Z","repo":"linux","state":"open","user":{"login":"halitalptekin","id":1284666},"owner":"torvalds","closed_at":null,"id":14234227}
{"_id":{"$oid":"5468ba84bd3543c0fe00b38f"},"created_at":"2013-05-16T09:06:29Z","updated_at":"2013-05-16T20:37:53Z","repo":"linux","state":"open","user":{"login":"ryzhovau","id":1623091},"owner":"torvalds","closed_at":null,"id":14396643}
{"_id":{"$oid":"5468ba84bd3543c0fe00b38e"},"created_at":"2013-05-18T02:13:05Z","updated_at":"2013-05-18T02:13:05Z","repo":"linux","state":"open","user":{"login":"smeaime","id":1170438},"owner":"torvalds","closed_at":null,"id":14478021}
{"_id":{"$oid":"5468ba84bd3543c0fe00b38d"},"created_at":"2013-05-30T07:03:17Z","updated_at":"2013-05-30T07:03:17Z","repo":"linux","state":"open","user":{"login":"njsubedi","id":3161806},"owner":"torvalds","closed_at":null,"id":14927677}
{"_id":{"$oid":"5468ba84bd3543c0fe00b38c"},"created_at":"2013-06-05T21:41:10Z","updated_at":"2013-06-05T21:41:10Z","repo":"linux","state":"open","user":{"login":"gwaltgw","id":3420153},"owner":"torvalds","closed_at":null,"id":15195245}
{"_id":{"$oid":"5468ba88bd3543c0fe00b3c0"},"created_at":"2013-06-19T21:45:29Z","updated_at":"2013-06-19T21:59:12Z","repo":"linux","state":"closed","user":{"login":"nmtigor","id":892399},"owner":"torvalds","closed_at":"2013-06-19T21:59:06Z","id":15770290}
{"_id":{"$oid":"5468ba88bd3543c0fe00b3bf"},"created_at":"2013-06-19T22:20:21Z","updated_at":"2013-07-17T13:17:35Z","repo":"linux","state":"closed","user":{"login":"nmtigor","id":892399},"owner":"torvalds","closed_at":"2013-07-17T13:17:35Z","id":15771792}
{"_id":{"$oid":"5468ba88bd3543c0fe00b3be"},"created_at":"2013-06-22T21:08:19Z","updated_at":"2014-04-08T22:01:20Z","repo":"linux","state":"closed","user":{"login":"Eloff","id":27574},"owner":"torvalds","closed_at":"2014-04-08T22:01:20Z","id":15889756}
{"_id":{"$oid":"5468ba84bd3543c0fe00b38b"},"created_at":"2013-06-25T08:19:38Z","updated_at":"2013-06-25T08:19:38Z","repo":"linux","state":"open","user":{"login":"lsmushroom","id":2442989},"owner":"torvalds","closed_at":null,"id":15966247}
{"_id":{"$oid":"5468ba84bd3543c0fe00b38a"},"created_at":"2013-08-01T10:33:56Z","updated_at":"2014-03-02T13:22:12Z","repo":"linux","state":"open","user":{"login":"moonlinux","id":1024230},"owner":"torvalds","closed_at":null,"id":17500472}
{"_id":{"$oid":"5468ba88bd3543c0fe00b3bd"},"created_at":"2013-08-07T09:35:37Z","updated_at":"2013-08-08T09:33:25Z","repo":"linux","state":"closed","user":{"login":"cshubhamrao","id":3601491},"owner":"torvalds","closed_at":"2013-08-08T09:33:18Z","id":17738107}
{"_id":{"$oid":"5468ba84bd3543c0fe00b389"},"created_at":"2013-08-10T22:10:19Z","updated_at":"2013-08-10T22:10:19Z","repo":"linux","state":"open","user":{"login":"nmtigor","id":892399},"owner":"torvalds","closed_at":null,"id":17904779}
{"_id":{"$oid":"5468ba84bd3543c0fe00b388"},"created_at":"2013-08-19T16:33:52Z","updated_at":"2013-08-19T16:53:18Z","repo":"linux","state":"open","user":{"login":"intermediatech","id":534152},"owner":"torvalds","closed_at":null,"id":18249491}
{"_id":{"$oid":"5468ba88bd3543c0fe00b3bc"},"created_at":"2013-08-29T22:08:33Z","updated_at":"2013-08-29T23:12:58Z","repo":"linux","state":"closed","user":{"login":"EvandroZanatta","id":5280085},"owner":"torvalds","closed_at":"2013-08-29T23:12:58Z","id":18760463}
{"_id":{"$oid":"5468ba88bd3543c0fe00b3bb"},"created_at":"2013-09-10T19:29:08Z","updated_at":"2014-05-21T08:44:10Z","repo":"linux","state":"closed","user":{"login":"tedivm","id":121709},"owner":"torvalds","closed_at":"2014-05-21T08:44:10Z","id":19279706}
{"_id":{"$oid":"5468ba84bd3543c0fe00b387"},"created_at":"2013-09-13T23:20:28Z","updated_at":"2013-09-13T23:20:28Z","repo":"linux","state":"open","user":{"login":"xuanmk","id":2265426},"owner":"torvalds","closed_at":null,"id":19481347}
{"_id":{"$oid":"5468ba84bd3543c0fe00b386"},"created_at":"2013-09-16T17:33:58Z","updated_at":"2013-09-16T20:00:18Z","repo":"linux","state":"open","user":{"login":"noelbk","id":4550655},"owner":"torvalds","closed_at":null,"id":19565221}
{"_id":{"$oid":"5468ba88bd3543c0fe00b3ba"},"created_at":"2013-10-02T08:23:57Z","updated_at":"2013-10-02T17:33:48Z","repo":"linux","state":"closed","user":{"login":"arjun024","id":2861611},"owner":"torvalds","closed_at":"2013-10-02T17:33:03Z","id":20380382}
{"_id":{"$oid":"5468ba83bd3543c0fe00b385"},"created_at":"2013-10-09T09:59:34Z","updated_at":"2013-12-04T04:51:12Z","repo":"linux","state":"open","user":{"login":"nvan7891","id":5645281},"owner":"torvalds","closed_at":null,"id":20732827}
{"_id":{"$oid":"5468ba88bd3543c0fe00b3b9"},"created_at":"2013-10-23T23:27:51Z","updated_at":"2013-10-23T23:30:03Z","repo":"linux","state":"closed","user":{"login":"korneliuszo","id":3156912},"owner":"torvalds","closed_at":"2013-10-23T23:30:03Z","id":21491966}
{"_id":{"$oid":"5468ba88bd3543c0fe00b3b8"},"created_at":"2013-10-27T08:56:10Z","updated_at":"2014-02-01T00:57:12Z","repo":"linux","state":"closed","user":{"login":"RobertBColton","id":3212801},"owner":"torvalds","closed_at":"2013-10-29T14:56:45Z","id":21649344}
{"_id":{"$oid":"5468ba88bd3543c0fe00b3b7"},"created_at":"2013-10-27T15:07:35Z","updated_at":"2013-10-30T23:07:03Z","repo":"linux","state":"closed","user":{"login":"RobertBColton","id":3212801},"owner":"torvalds","closed_at":"2013-10-29T15:01:41Z","id":21654064}
{"_id":{"$oid":"5468ba83bd3543c0fe00b384"},"created_at":"2013-10-31T14:14:42Z","updated_at":"2013-10-31T14:14:42Z","repo":"linux","state":"open","user":{"login":"jpbruyere","id":1450088},"owner":"torvalds","closed_at":null,"id":21898429}
{"_id":{"$oid":"5468ba88bd3543c0fe00b3b6"},"created_at":"2013-11-04T07:58:14Z","updated_at":"2013-11-04T08:00:54Z","repo":"linux","state":"closed","user":{"login":"coder280","id":5002949},"owner":"torvalds","closed_at":"2013-11-04T08:00:41Z","id":22038012}
{"_id":{"$oid":"5468ba88bd3543c0fe00b3b5"},"created_at":"2013-11-04T08:01:34Z","updated_at":"2013-11-04T08:02:49Z","repo":"linux","state":"closed","user":{"login":"coder280","id":5002949},"owner":"torvalds","closed_at":"2013-11-04T08:02:49Z","id":22038094}
{"_id":{"$oid":"5468ba88bd3543c0fe00b3b4"},"created_at":"2013-11-16T11:52:45Z","updated_at":"2013-11-16T11:53:39Z","repo":"linux","state":"closed","user":{"login":"coder280","id":5002949},"owner":"torvalds","closed_at":"2013-11-16T11:53:39Z","id":22776706}
{"_id":{"$oid":"5468ba88bd3543c0fe00b3b3"},"created_at":"2013-11-20T07:40:42Z","updated_at":"2014-02-09T19:11:57Z","repo":"linux","state":"closed","user":{"login":"RobertBColton","id":3212801},"owner":"torvalds","closed_at":"2014-02-09T19:11:57Z","id":22975514}
{"_id":{"$oid":"5468ba83bd3543c0fe00b383"},"created_at":"2013-11-29T16:44:45Z","updated_at":"2013-11-29T16:44:45Z","repo":"linux","state":"open","user":{"login":"anshulk","id":3637620},"owner":"torvalds","closed_at":null,"id":23501310}
{"_id":{"$oid":"5468ba83bd3543c0fe00b382"},"created_at":"2013-12-01T11:56:37Z","updated_at":"2013-12-01T11:56:37Z","repo":"linux","state":"open","user":{"login":"yang-le","id":1812324},"owner":"torvalds","closed_at":null,"id":23535424}
{"_id":{"$oid":"5468ba88bd3543c0fe00b3b2"},"created_at":"2013-12-15T14:39:08Z","updated_at":"2014-06-12T15:37:22Z","repo":"linux","state":"closed","user":{"login":"Creaprog","id":5238814},"owner":"torvalds","closed_at":"2014-06-12T15:37:22Z","id":24312509}
{"_id":{"$oid":"5468ba83bd3543c0fe00b381"},"created_at":"2013-12-18T09:59:50Z","updated_at":"2013-12-20T21:24:31Z","repo":"linux","state":"open","user":{"login":"ngatnicdotmil","id":6200254},"owner":"torvalds","closed_at":null,"id":24479744}
{"_id":{"$oid":"5468ba83bd3543c0fe00b380"},"created_at":"2013-12-19T05:10:17Z","updated_at":"2014-01-02T07:02:12Z","repo":"linux","state":"open","user":{"login":"hany0622","id":6220163},"owner":"torvalds","closed_at":null,"id":24537403}
{"_id":{"$oid":"5468ba83bd3543c0fe00b37f"},"created_at":"2013-12-24T15:56:36Z","updated_at":"2013-12-24T15:56:36Z","repo":"linux","state":"open","user":{"login":"lzto","id":4539237},"owner":"torvalds","closed_at":null,"id":24750266}
{"_id":{"$oid":"5468ba83bd3543c0fe00b37e"},"created_at":"2014-01-02T14:31:45Z","updated_at":"2014-01-02T14:31:45Z","repo":"linux","state":"open","user":{"login":"ngatnicdotmil","id":6200254},"owner":"torvalds","closed_at":null,"id":24966330}
{"_id":{"$oid":"5468ba88bd3543c0fe00b3b1"},"created_at":"2014-01-03T13:50:06Z","updated_at":"2014-01-03T14:10:23Z","repo":"linux","state":"closed","user":{"login":"jmickeyd","id":1882711},"owner":"torvalds","closed_at":"2014-01-03T13:50:35Z","id":25015133}
{"_id":{"$oid":"5468ba83bd3543c0fe00b37d"},"created_at":"2014-01-13T13:09:24Z","updated_at":"2014-01-13T13:09:24Z","repo":"linux","state":"open","user":{"login":"danss70","id":6293765},"owner":"torvalds","closed_at":null,"id":25495734}
{"_id":{"$oid":"5468ba88bd3543c0fe00b3b0"},"created_at":"2014-01-22T05:10:12Z","updated_at":"2014-01-22T05:16:09Z","repo":"linux","state":"closed","user":{"login":"shanmin","id":3272277},"owner":"torvalds","closed_at":"2014-01-22T05:16:09Z","id":26067246}
{"_id":{"$oid":"5468ba83bd3543c0fe00b37c"},"created_at":"2014-01-22T09:52:16Z","updated_at":"2014-01-22T09:52:16Z","repo":"linux","state":"open","user":{"login":"arjun024","id":2861611},"owner":"torvalds","closed_at":null,"id":26077637}
{"_id":{"$oid":"5468ba88bd3543c0fe00b3af"},"created_at":"2014-02-09T19:08:52Z","updated_at":"2014-05-08T01:19:22Z","repo":"linux","state":"closed","user":{"login":"RobertBColton","id":3212801},"owner":"torvalds","closed_at":"2014-05-08T01:19:22Z","id":27228603}
{"_id":{"$oid":"5468ba83bd3543c0fe00b37b"},"created_at":"2014-02-18T17:08:51Z","updated_at":"2014-02-18T17:08:51Z","repo":"linux","state":"open","user":{"login":"punctual","id":6718329},"owner":"torvalds","closed_at":null,"id":27809911}
{"_id":{"$oid":"5468ba87bd3543c0fe00b3ae"},"created_at":"2014-02-21T01:54:49Z","updated_at":"2014-02-21T01:55:36Z","repo":"linux","state":"closed","user":{"login":"shanmin","id":3272277},"owner":"torvalds","closed_at":"2014-02-21T01:55:36Z","id":28013327}
{"_id":{"$oid":"5468ba83bd3543c0fe00b37a"},"created_at":"2014-02-22T22:10:15Z","updated_at":"2014-02-22T22:10:15Z","repo":"linux","state":"open","user":{"login":"vadik2014","id":6107451},"owner":"torvalds","closed_at":null,"id":28106052}
{"_id":{"$oid":"5468ba83bd3543c0fe00b379"},"created_at":"2014-02-25T17:39:58Z","updated_at":"2014-02-26T14:17:30Z","repo":"linux","state":"open","user":{"login":"thedj21","id":4938338},"owner":"torvalds","closed_at":null,"id":28267055}
{"_id":{"$oid":"5468ba83bd3543c0fe00b378"},"created_at":"2014-03-02T02:26:36Z","updated_at":"2014-03-02T02:27:28Z","repo":"linux","state":"open","user":{"login":"john1117","id":6026645},"owner":"torvalds","closed_at":null,"id":28571447}
{"_id":{"$oid":"5468ba83bd3543c0fe00b377"},"created_at":"2014-03-05T08:16:58Z","updated_at":"2014-03-05T08:16:58Z","repo":"linux","state":"open","user":{"login":"ruckuus","id":53867},"owner":"torvalds","closed_at":null,"id":28772222}
{"_id":{"$oid":"5468ba83bd3543c0fe00b376"},"created_at":"2014-03-07T16:20:39Z","updated_at":"2014-03-07T16:39:10Z","repo":"linux","state":"open","user":{"login":"kiteflyingmonkey","id":2970165},"owner":"torvalds","closed_at":null,"id":28977631}
{"_id":{"$oid":"5468ba83bd3543c0fe00b375"},"created_at":"2014-03-16T12:12:36Z","updated_at":"2014-03-23T19:04:16Z","repo":"linux","state":"open","user":{"login":"raincoats","id":5381177},"owner":"torvalds","closed_at":null,"id":29515507}
{"_id":{"$oid":"5468ba83bd3543c0fe00b374"},"created_at":"2014-03-16T17:50:35Z","updated_at":"2014-03-16T17:50:35Z","repo":"linux","state":"open","user":{"login":"russellpwirtz","id":987237},"owner":"torvalds","closed_at":null,"id":29521827}
{"_id":{"$oid":"5468ba87bd3543c0fe00b3ad"},"created_at":"2014-03-17T16:44:53Z","updated_at":"2014-03-18T16:19:04Z","repo":"linux","state":"closed","user":{"login":"abak","id":393038},"owner":"torvalds","closed_at":"2014-03-18T16:19:04Z","id":29577075}
{"_id":{"$oid":"5468ba83bd3543c0fe00b373"},"created_at":"2014-03-18T05:17:16Z","updated_at":"2014-09-29T13:31:24Z","repo":"linux","state":"open","user":{"login":"raincoats","id":5381177},"owner":"torvalds","closed_at":null,"id":29620745}
{"_id":{"$oid":"5468ba83bd3543c0fe00b372"},"created_at":"2014-03-26T02:42:27Z","updated_at":"2014-03-26T06:45:53Z","repo":"linux","state":"open","user":{"login":"wuborush","id":2533659},"owner":"torvalds","closed_at":null,"id":30181558}
{"_id":{"$oid":"54400147bd3543a266027eb0"},"created_at":"2014-03-31T06:24:24Z","updated_at":"2014-10-16T17:32:50Z","repo":"linux","state":"open","user":{"login":"FriendlyHacker","id":5436748},"owner":"torvalds","closed_at":null,"id":30487648}
{"_id":{"$oid":"5468ba87bd3543c0fe00b3ac"},"created_at":"2014-03-31T08:07:47Z","updated_at":"2014-03-31T08:10:59Z","repo":"linux","state":"closed","user":{"login":"e-mailky","id":3960858},"owner":"torvalds","closed_at":"2014-03-31T08:10:59Z","id":30491915}
{"_id":{"$oid":"5468ba87bd3543c0fe00b3ab"},"created_at":"2014-03-31T08:11:59Z","updated_at":"2014-03-31T09:11:18Z","repo":"linux","state":"closed","user":{"login":"e-mailky","id":3960858},"owner":"torvalds","closed_at":"2014-03-31T09:11:18Z","id":30492133}
{"_id":{"$oid":"5468ba87bd3543c0fe00b3aa"},"created_at":"2014-04-02T11:43:00Z","updated_at":"2014-04-02T11:52:44Z","repo":"linux","state":"closed","user":{"login":"fbigun","id":4226523},"owner":"torvalds","closed_at":"2014-04-02T11:52:44Z","id":30680445}
{"_id":{"$oid":"5468ba87bd3543c0fe00b3a9"},"created_at":"2014-04-07T05:48:02Z","updated_at":"2014-04-21T17:17:03Z","repo":"linux","state":"closed","user":{"login":"fbigun","id":4226523},"owner":"torvalds","closed_at":"2014-04-21T17:17:03Z","id":30959521}
{"_id":{"$oid":"5468ba87bd3543c0fe00b3a8"},"created_at":"2014-04-08T07:56:37Z","updated_at":"2014-04-13T06:55:07Z","repo":"linux","state":"closed","user":{"login":"renweihub","id":4652375},"owner":"torvalds","closed_at":"2014-04-08T08:19:39Z","id":31050057}
{"_id":{"$oid":"54400147bd3543a266027eaf"},"created_at":"2014-04-08T08:31:03Z","updated_at":"2014-04-08T08:38:15Z","repo":"linux","state":"open","user":{"login":"renweihub","id":4652375},"owner":"torvalds","closed_at":null,"id":31051895}
{"_id":{"$oid":"54400147bd3543a266027eae"},"created_at":"2014-04-23T02:34:43Z","updated_at":"2014-04-23T02:34:43Z","repo":"linux","state":"open","user":{"login":"Ulexus","id":1946248},"owner":"torvalds","closed_at":null,"id":32027702}
{"_id":{"$oid":"54400147bd3543a266027ead"},"created_at":"2014-04-23T15:19:08Z","updated_at":"2014-04-23T15:19:08Z","repo":"linux","state":"open","user":{"login":"maestrx","id":6150459},"owner":"torvalds","closed_at":null,"id":32070417}
{"_id":{"$oid":"54400147bd3543a266027eac"},"created_at":"2014-05-23T08:50:03Z","updated_at":"2014-05-23T17:10:17Z","repo":"linux","state":"open","user":{"login":"kerlw","id":1137510},"owner":"torvalds","closed_at":null,"id":34156062}
{"_id":{"$oid":"54400147bd3543a266027eab"},"created_at":"2014-05-23T09:08:26Z","updated_at":"2014-05-23T09:08:26Z","repo":"linux","state":"open","user":{"login":"AnTAVR","id":3823936},"owner":"torvalds","closed_at":null,"id":34157450}
{"_id":{"$oid":"54400147bd3543a266027eaa"},"created_at":"2014-05-24T16:24:03Z","updated_at":"2014-05-26T05:46:58Z","repo":"linux","state":"open","user":{"login":"daneos","id":2900361},"owner":"torvalds","closed_at":null,"id":34237285}
{"_id":{"$oid":"54400147bd3543a266027ea9"},"created_at":"2014-05-28T17:04:06Z","updated_at":"2014-06-05T18:07:54Z","repo":"linux","state":"open","user":{"login":"invicnaper","id":6239381},"owner":"torvalds","closed_at":null,"id":34486400}
{"_id":{"$oid":"54400147bd3543a266027ea8"},"created_at":"2014-05-30T03:46:08Z","updated_at":"2014-05-30T03:46:08Z","repo":"linux","state":"open","user":{"login":"sonofaforester","id":478115},"owner":"torvalds","closed_at":null,"id":34615826}
{"_id":{"$oid":"5468ba87bd3543c0fe00b3a7"},"created_at":"2014-05-30T09:43:04Z","updated_at":"2014-05-30T19:17:08Z","repo":"linux","state":"closed","user":{"login":"kjenova","id":7745427},"owner":"torvalds","closed_at":"2014-05-30T19:17:08Z","id":34631025}
{"_id":{"$oid":"54400147bd3543a266027ea7"},"created_at":"2014-06-05T17:52:58Z","updated_at":"2014-06-17T03:28:23Z","repo":"linux","state":"open","user":{"login":"tanenn","id":271781},"owner":"torvalds","closed_at":null,"id":35080959}
{"_id":{"$oid":"5468ba87bd3543c0fe00b3a6"},"created_at":"2014-06-18T01:10:21Z","updated_at":"2014-06-18T01:10:59Z","repo":"linux","state":"closed","user":{"login":"mbin","id":1317671},"owner":"torvalds","closed_at":"2014-06-18T01:10:59Z","id":35946791}
{"_id":{"$oid":"5468ba87bd3543c0fe00b3a5"},"created_at":"2014-06-27T15:54:37Z","updated_at":"2014-06-28T07:23:47Z","repo":"linux","state":"closed","user":{"login":"DemonPrince","id":7589835},"owner":"torvalds","closed_at":"2014-06-27T15:55:34Z","id":36679551}
{"_id":{"$oid":"54400147bd3543a266027ea6"},"created_at":"2014-06-29T20:55:01Z","updated_at":"2014-06-29T20:55:01Z","repo":"linux","state":"open","user":{"login":"ikus060","id":921251},"owner":"torvalds","closed_at":null,"id":36756682}
{"_id":{"$oid":"54400147bd3543a266027ea5"},"created_at":"2014-06-29T21:47:51Z","updated_at":"2014-06-30T20:42:20Z","repo":"linux","state":"open","user":{"login":"burakkoken","id":5354910},"owner":"torvalds","closed_at":null,"id":36758062}
{"_id":{"$oid":"5468ba87bd3543c0fe00b3a4"},"created_at":"2014-06-30T09:59:27Z","updated_at":"2014-07-08T15:00:37Z","repo":"linux","state":"closed","user":{"login":"psrafo","id":5071289},"owner":"torvalds","closed_at":"2014-07-08T15:00:37Z","id":36784040}
{"_id":{"$oid":"5468ba87bd3543c0fe00b3a3"},"created_at":"2014-06-30T10:03:58Z","updated_at":"2014-08-07T11:06:39Z","repo":"linux","state":"closed","user":{"login":"psrafo","id":5071289},"owner":"torvalds","closed_at":"2014-08-07T11:06:39Z","id":36784329}
{"_id":{"$oid":"5468ba87bd3543c0fe00b3a2"},"created_at":"2014-07-17T13:56:08Z","updated_at":"2014-07-23T03:12:42Z","repo":"linux","state":"closed","user":{"login":"blackmiaool","id":5674588},"owner":"torvalds","closed_at":"2014-07-23T00:23:58Z","id":38082948}
{"_id":{"$oid":"5468ba87bd3543c0fe00b3a1"},"created_at":"2014-07-18T23:52:24Z","updated_at":"2014-07-22T01:05:53Z","repo":"linux","state":"closed","user":{"login":"dvorakcoder","id":8205063},"owner":"torvalds","closed_at":"2014-07-22T01:05:53Z","id":38220857}
{"_id":{"$oid":"5468ba87bd3543c0fe00b3a0"},"created_at":"2014-07-23T22:23:53Z","updated_at":"2014-08-11T18:06:51Z","repo":"linux","state":"closed","user":{"login":"rhapsodist","id":2518517},"owner":"torvalds","closed_at":"2014-08-11T18:06:51Z","id":38578842}
{"_id":{"$oid":"5468ba87bd3543c0fe00b39f"},"created_at":"2014-07-25T22:21:50Z","updated_at":"2014-07-29T19:42:14Z","repo":"linux","state":"closed","user":{"login":"rosellef","id":8271437},"owner":"torvalds","closed_at":"2014-07-29T19:42:14Z","id":38775595}
{"_id":{"$oid":"5468ba87bd3543c0fe00b39e"},"created_at":"2014-07-30T19:01:46Z","updated_at":"2014-07-30T19:06:14Z","repo":"linux","state":"closed","user":{"login":"arjun024","id":2861611},"owner":"torvalds","closed_at":"2014-07-30T19:06:14Z","id":39125469}
{"_id":{"$oid":"54294f50bd354368ea04571a"},"created_at":"2014-08-03T09:54:49Z","updated_at":"2014-09-19T03:08:20Z","repo":"linux","state":"open","user":{"login":"Thinkwall","id":6905129},"owner":"torvalds","closed_at":null,"id":39367243}
{"_id":{"$oid":"5468ba87bd3543c0fe00b39d"},"created_at":"2014-08-05T04:51:04Z","updated_at":"2014-08-05T04:53:50Z","repo":"linux","state":"closed","user":{"login":"tgsergeant","id":745035},"owner":"torvalds","closed_at":"2014-08-05T04:51:21Z","id":39484961}
{"_id":{"$oid":"5468ba87bd3543c0fe00b39c"},"created_at":"2014-08-16T10:32:37Z","updated_at":"2014-08-16T10:35:45Z","repo":"linux","state":"closed","user":{"login":"ghost","id":10137},"owner":"torvalds","closed_at":"2014-08-16T10:35:45Z","id":40408356}
{"_id":{"$oid":"5468ba87bd3543c0fe00b39b"},"created_at":"2014-08-18T02:10:22Z","updated_at":"2014-08-20T01:07:19Z","repo":"linux","state":"closed","user":{"login":"e-mailky","id":3960858},"owner":"torvalds","closed_at":"2014-08-20T01:07:19Z","id":40450036}
{"_id":{"$oid":"54294f50bd354368ea045719"},"created_at":"2014-08-21T17:17:09Z","updated_at":"2014-08-21T17:17:09Z","repo":"linux","state":"open","user":{"login":"KonstantinBYvitebsk","id":8515668},"owner":"torvalds","closed_at":null,"id":40827038}
{"_id":{"$oid":"54294f50bd354368ea045718"},"created_at":"2014-08-23T14:23:30Z","updated_at":"2014-08-23T14:23:30Z","repo":"linux","state":"open","user":{"login":"NETFORCE2","id":6505968},"owner":"torvalds","closed_at":null,"id":40976646}
{"_id":{"$oid":"54294f50bd354368ea045717"},"created_at":"2014-08-28T22:18:50Z","updated_at":"2014-09-19T03:09:05Z","repo":"linux","state":"open","user":{"login":"get52","id":6475886},"owner":"torvalds","closed_at":null,"id":41451502}
{"_id":{"$oid":"5427a604bd3543687603561f"},"created_at":"2014-09-12T10:03:25Z","updated_at":"2014-09-12T13:49:49Z","repo":"linux","state":"open","user":{"login":"zhenyuchen","id":3871835},"owner":"torvalds","closed_at":null,"id":42614016}
{"_id":{"$oid":"5427a604bd3543687603561e"},"created_at":"2014-09-14T05:53:01Z","updated_at":"2014-09-14T05:53:01Z","repo":"linux","state":"open","user":{"login":"Johvoo","id":4149405},"owner":"torvalds","closed_at":null,"id":42713885}
{"_id":{"$oid":"5427a604bd3543687603561d"},"created_at":"2014-09-16T14:40:31Z","updated_at":"2014-09-16T14:40:31Z","repo":"linux","state":"open","user":{"login":"1800alex","id":4698304},"owner":"torvalds","closed_at":null,"id":42889587}
{"_id":{"$oid":"5468ba86bd3543c0fe00b39a"},"created_at":"2014-09-17T02:36:52Z","updated_at":"2014-09-17T02:37:26Z","repo":"linux","state":"closed","user":{"login":"baoruxing","id":1472576},"owner":"torvalds","closed_at":"2014-09-17T02:37:26Z","id":42956887}
{"_id":{"$oid":"5468ba86bd3543c0fe00b399"},"created_at":"2014-09-19T06:14:41Z","updated_at":"2014-09-19T06:14:45Z","repo":"linux","state":"closed","user":{"login":"rakesh-gopal","id":1679290},"owner":"torvalds","closed_at":"2014-09-19T06:14:45Z","id":43207745}
{"_id":{"$oid":"5468ba86bd3543c0fe00b398"},"created_at":"2014-09-19T06:16:38Z","updated_at":"2014-09-19T06:16:45Z","repo":"linux","state":"closed","user":{"login":"rakesh-gopal","id":1679290},"owner":"torvalds","closed_at":"2014-09-19T06:16:45Z","id":43207828}
{"_id":{"$oid":"5468ba86bd3543c0fe00b397"},"created_at":"2014-09-19T12:34:10Z","updated_at":"2014-09-19T12:39:03Z","repo":"linux","state":"closed","user":{"login":"rakesh-gopal","id":1679290},"owner":"torvalds","closed_at":"2014-09-19T12:39:03Z","id":43233200}
{"_id":{"$oid":"5427a604bd3543687603561c"},"created_at":"2014-09-24T08:49:16Z","updated_at":"2014-09-24T08:50:56Z","repo":"linux","state":"open","user":{"login":"vjiki","id":1561716},"owner":"torvalds","closed_at":null,"id":43737414}
{"_id":{"$oid":"5468ba86bd3543c0fe00b396"},"created_at":"2014-09-25T06:44:39Z","updated_at":"2014-09-25T06:45:50Z","repo":"linux","state":"closed","user":{"login":"1q84","id":2426362},"owner":"torvalds","closed_at":"2014-09-25T06:45:50Z","id":43869220}
{"_id":{"$oid":"5468ba86bd3543c0fe00b395"},"created_at":"2014-09-30T20:11:15Z","updated_at":"2014-09-30T21:28:35Z","repo":"linux","state":"closed","user":{"login":"prajoshpremdas","id":1749109},"owner":"torvalds","closed_at":"2014-09-30T21:28:35Z","id":44494182}
{"_id":{"$oid":"5468ba83bd3543c0fe00b371"},"created_at":"2014-10-24T07:20:55Z","updated_at":"2014-10-24T07:20:55Z","repo":"linux","state":"open","user":{"login":"gfreewind","id":1177045},"owner":"torvalds","closed_at":null,"id":46710638}
{"_id":{"$oid":"54513be9bd35439fc906740a"},"created_at":"2014-10-29T07:08:47Z","updated_at":"2014-10-29T19:11:27Z","repo":"linux","state":"open","user":{"login":"chemelnucfin","id":3982092},"owner":"torvalds","closed_at":null,"id":47117567}
{"_id":{"$oid":"5468ba86bd3543c0fe00b394"},"created_at":"2014-10-29T23:31:24Z","updated_at":"2014-10-29T23:32:50Z","repo":"linux","state":"closed","user":{"login":"dabrace","id":8514718},"owner":"torvalds","closed_at":"2014-10-29T23:32:50Z","id":47217074}
{"_id":{"$oid":"5468ba86bd3543c0fe00b393"},"created_at":"2014-10-29T23:34:36Z","updated_at":"2014-10-29T23:34:53Z","repo":"linux","state":"closed","user":{"login":"dabrace","id":8514718},"owner":"torvalds","closed_at":"2014-10-29T23:34:53Z","id":47217339}
{"_id":{"$oid":"5468ba83bd3543c0fe00b370"},"created_at":"2014-10-30T23:20:16Z","updated_at":"2014-10-30T23:20:16Z","repo":"linux","state":"open","user":{"login":"luvkg","id":9444935},"owner":"torvalds","closed_at":null,"id":47343997}
{"_id":{"$oid":"54575f19bd3543e45800f772"},"created_at":"2014-11-03T06:43:00Z","updated_at":"2014-11-03T10:55:14Z","repo":"linux","state":"open","user":{"login":"atonkyra","id":1787479},"owner":"torvalds","closed_at":null,"id":47566866}
{"_id":{"$oid":"5468ba86bd3543c0fe00b392"},"created_at":"2014-11-09T17:52:34Z","updated_at":"2014-11-09T17:52:55Z","repo":"linux","state":"closed","user":{"login":"dabrace","id":8514718},"owner":"torvalds","closed_at":"2014-11-09T17:52:55Z","id":48208018}
{"_id":{"$oid":"54665781bd3543c1a500351e"},"created_at":"2014-11-14T17:52:48Z","updated_at":"2014-11-14T18:12:22Z","repo":"linux","state":"open","user":{"login":"foodprocessor","id":7050012},"owner":"torvalds","closed_at":null,"id":48818807}
{"_id":{"$oid":"5466fea6bd3543c124006112"},"created_at":"2014-11-15T07:10:12Z","updated_at":"2014-11-15T07:10:30Z","repo":"linux","state":"open","user":{"login":"linbingchen","id":4736721},"owner":"torvalds","closed_at":null,"id":48880874}
{"_id":{"$oid":"54728587bd3543c1580265a6"},"created_at":"2014-11-24T01:07:44Z","updated_at":"2014-11-24T01:10:22Z","repo":"linux","state":"open","user":{"login":"qioixiy","id":1950178},"owner":"torvalds","closed_at":null,"id":49847966}
{"_id":{"$oid":"54775750bd3543c0fe031589"},"created_at":"2014-11-26T05:42:44Z","updated_at":"2014-11-26T05:42:44Z","repo":"linux","state":"open","user":{"login":"SiarheiVolkau","id":9957833},"owner":"torvalds","closed_at":null,"id":50120729}
{"_id":{"$oid":"54775752bd3543c0fe03158a"},"created_at":"2014-11-27T16:31:07Z","updated_at":"2014-11-27T16:40:18Z","repo":"linux","state":"closed","user":{"login":"sumanta23","id":4776144},"owner":"torvalds","closed_at":"2014-11-27T16:40:18Z","id":50308013}
{"_id":{"$oid":"547768ccbd3543c07202e4a2"},"created_at":"2014-11-27T18:08:24Z","updated_at":"2014-11-27T18:09:05Z","repo":"linux","state":"open","user":{"login":"sumanta23","id":4776144},"owner":"torvalds","closed_at":null,"id":50315000}
{"_id":{"$oid":"548c21fdbd3543099000a2f7"},"created_at":"2014-11-30T10:45:25Z","updated_at":"2014-11-30T10:45:25Z","repo":"linux","state":"open","user":{"login":"Amitabha2001","id":9076557},"owner":"torvalds","closed_at":null,"id":50453981}
{"_id":{"$oid":"548c21fdbd3543099000a2f6"},"created_at":"2014-12-03T01:37:04Z","updated_at":"2014-12-03T01:37:04Z","repo":"linux","state":"open","user":{"login":"alex8092","id":5229563},"owner":"torvalds","closed_at":null,"id":50761375}
{"_id":{"$oid":"548c2200bd3543099000a2f8"},"created_at":"2014-12-11T21:12:39Z","updated_at":"2014-12-11T21:19:05Z","repo":"linux","state":"closed","user":{"login":"danger89","id":628926},"owner":"torvalds","closed_at":"2014-12-11T21:18:55Z","id":51738546}
{"_id":{"$oid":"54971d83bd35431a4700e071"},"created_at":"2014-12-21T19:11:24Z","updated_at":"2014-12-21T19:18:50Z","repo":"linux","state":"open","user":{"login":"Irvandoval","id":10261798},"owner":"torvalds","closed_at":null,"id":52603321}
{"_id":{"$oid":"549ba9dfbd354322ce012eef"},"created_at":"2014-12-25T05:13:48Z","updated_at":"2014-12-25T06:08:23Z","repo":"linux","state":"open","user":{"login":"jimjim116","id":10293985},"owner":"torvalds","closed_at":null,"id":52847993}
{"_id":{"$oid":"549cfb8cbd354333ec0127cd"},"created_at":"2014-12-26T06:01:56Z","updated_at":"2014-12-26T06:09:09Z","repo":"linux","state":"open","user":{"login":"aaleksu","id":1092344},"owner":"torvalds","closed_at":null,"id":52883790}
{"_id":{"$oid":"54ac2777bd354338b8010753"},"created_at":"2015-01-06T06:31:31Z","updated_at":"2015-01-06T18:20:32Z","repo":"linux","state":"open","user":{"login":"felixphew","id":3969114},"owner":"torvalds","closed_at":null,"id":53485856}
{"_id":{"$oid":"54ba181abd3543fe3a00e0e9"},"created_at":"2015-01-17T02:38:31Z","updated_at":"2015-01-17T08:06:30Z","repo":"linux","state":"open","user":{"login":"Triton64","id":5893868},"owner":"torvalds","closed_at":null,"id":54647816}
{"_id":{"$oid":"54baf38abd35430211015598"},"created_at":"2015-01-17T22:48:56Z","updated_at":"2015-01-17T23:42:58Z","repo":"linux","state":"open","user":{"login":"xMooz","id":8323584},"owner":"torvalds","closed_at":null,"id":54678454}
{"_id":{"$oid":"54bcd633bd3543eda101b9e2"},"created_at":"2015-01-19T08:02:36Z","updated_at":"2015-01-19T10:02:19Z","repo":"linux","state":"open","user":{"login":"yuxuanchen1997","id":10124793},"owner":"torvalds","closed_at":null,"id":54735751}
{"_id":{"$oid":"54d4a435bd35438a1b00db90"},"created_at":"2015-02-05T14:43:10Z","updated_at":"2015-02-06T11:23:25Z","repo":"linux","state":"open","user":{"login":"nibblebits","id":10853777},"owner":"torvalds","closed_at":null,"id":56678572}
{"_id":{"$oid":"54de720ebd35437c2b001902"},"created_at":"2015-02-11T16:03:53Z","updated_at":"2015-02-13T21:52:08Z","repo":"linux","state":"open","user":{"login":"amegz","id":10666902},"owner":"torvalds","closed_at":null,"id":57335742}
{"_id":{"$oid":"54e679fbbd35437a9a01725b"},"created_at":"2015-02-19T20:10:55Z","updated_at":"2015-02-19T21:36:00Z","repo":"linux","state":"open","user":{"login":"sillicoin","id":6666242},"owner":"torvalds","closed_at":null,"id":58261790}
{"_id":{"$oid":"54e762a5bd35437c270021a7"},"created_at":"2015-02-20T15:58:04Z","updated_at":"2015-02-20T16:36:39Z","repo":"linux","state":"open","user":{"login":"nhubbard","id":3649523},"owner":"torvalds","closed_at":null,"id":58371647}
{"_id":{"$oid":"54edefddbd3543ccba001ffa"},"created_at":"2015-02-25T04:06:40Z","updated_at":"2015-02-25T15:52:55Z","repo":"linux","state":"open","user":{"login":"razzius","id":2244895},"owner":"torvalds","closed_at":null,"id":58847365}
{"_id":{"$oid":"54fc8d26bd3543c40401439d"},"created_at":"2015-03-07T22:39:00Z","updated_at":"2015-03-08T17:55:44Z","repo":"linux","state":"open","user":{"login":"siddhartha-sharma","id":11217120},"owner":"torvalds","closed_at":null,"id":60228173}
{"_id":{"$oid":"54fe17e6bd3543c565018bc2"},"created_at":"2015-03-09T20:32:48Z","updated_at":"2015-03-09T21:59:38Z","repo":"linux","state":"open","user":{"login":"siddhartha-sharma","id":11217120},"owner":"torvalds","closed_at":null,"id":60405101}
{"_id":{"$oid":"5507e54cbd3543e67700757f"},"created_at":"2015-03-16T17:43:58Z","updated_at":"2015-03-16T19:10:45Z","repo":"linux","state":"closed","user":{"login":"dautov2","id":4597187},"owner":"torvalds","closed_at":"2015-03-16T19:10:45Z","id":62159632}
{"_id":{"$oid":"5507e54bbd3543e67700757e"},"created_at":"2015-03-16T17:56:33Z","updated_at":"2015-03-16T20:50:46Z","repo":"linux","state":"closed","user":{"login":"dautov2","id":4597187},"owner":"torvalds","closed_at":"2015-03-16T19:10:36Z","id":62163530}
{"_id":{"$oid":"5507e54bbd3543e67700757d"},"created_at":"2015-03-16T18:12:36Z","updated_at":"2015-03-16T19:10:20Z","repo":"linux","state":"closed","user":{"login":"dautov2","id":4597187},"owner":"torvalds","closed_at":"2015-03-16T19:10:20Z","id":62166929}
{"_id":{"$oid":"5565e1aabd3543f01a015590"},"created_at":"2015-03-17T19:55:36Z","updated_at":"2015-03-17T19:55:36Z","repo":"linux","state":"open","user":{"login":"dabrace","id":8514718},"owner":"torvalds","closed_at":null,"id":62502759}
{"_id":{"$oid":"551b2be2bd354371500058ce"},"created_at":"2015-03-31T19:13:42Z","updated_at":"2015-03-31T23:20:51Z","repo":"linux","state":"open","user":{"login":"huntergregal","id":6970250},"owner":"torvalds","closed_at":null,"id":65524965}
{"_id":{"$oid":"55217c88bd35437d3301b364"},"created_at":"2015-04-05T18:13:30Z","updated_at":"2015-04-05T18:18:41Z","repo":"linux","state":"open","user":{"login":"revmischa","id":245131},"owner":"torvalds","closed_at":null,"id":66466254}
{"_id":{"$oid":"5539a03fbd35432a98003255"},"created_at":"2015-04-23T23:41:07Z","updated_at":"2015-04-24T01:45:28Z","repo":"linux","state":"open","user":{"login":"tsteinholz","id":5491170},"owner":"torvalds","closed_at":null,"id":70541624}
{"_id":{"$oid":"553c3792bd354329a10090ed"},"created_at":"2015-04-26T00:14:39Z","updated_at":"2015-04-26T00:55:39Z","repo":"linux","state":"open","user":{"login":"Erendis","id":200219},"owner":"torvalds","closed_at":null,"id":70984969}
{"_id":{"$oid":"554987f1bd35435f99001725"},"created_at":"2015-05-06T02:45:15Z","updated_at":"2015-05-06T03:18:00Z","repo":"linux","state":"open","user":{"login":"deddokatana","id":1284384},"owner":"torvalds","closed_at":null,"id":73495174}
{"_id":{"$oid":"5551e678bd3543e97c000e76"},"created_at":"2015-05-11T10:43:22Z","updated_at":"2015-05-11T20:33:17Z","repo":"linux","state":"open","user":{"login":"dgucsekelly","id":8018739},"owner":"torvalds","closed_at":null,"id":75176499}
{"_id":{"$oid":"5551e677bd3543f8d3000cc4"},"created_at":"2015-05-11T11:57:07Z","updated_at":"2015-05-11T20:33:16Z","repo":"linux","state":"open","user":{"login":"dgucsekelly","id":8018739},"owner":"torvalds","closed_at":null,"id":75197454}
{"_id":{"$oid":"5565e1aabd3543f01a01558f"},"created_at":"2015-05-23T14:40:28Z","updated_at":"2015-05-23T14:40:28Z","repo":"linux","state":"open","user":{"login":"Crazylobster96","id":5519326},"owner":"torvalds","closed_at":null,"id":79864085}
{"_id":{"$oid":"5565e1adbd3543f01a015591"},"created_at":"2015-05-27T15:07:31Z","updated_at":"2015-05-27T15:24:19Z","repo":"linux","state":"closed","user":{"login":"Antonius-git","id":798174},"owner":"torvalds","closed_at":"2015-05-27T15:24:19Z","id":81485766}
{"_id":{"$oid":"5565f9d8bd354305300154c8"},"created_at":"2015-05-27T15:28:54Z","updated_at":"2015-05-27T17:07:26Z","repo":"linux","state":"open","user":{"login":"Antonius-git","id":798174},"owner":"torvalds","closed_at":null,"id":81496266}
{"_id":{"$oid":"55705ed1bd354317da000742"},"created_at":"2015-06-04T14:11:01Z","updated_at":"2015-06-04T14:20:57Z","repo":"linux","state":"open","user":{"login":"Robdeprop","id":3193618},"owner":"torvalds","closed_at":null,"id":85116320}
{"_id":{"$oid":"558ab0ecbd3543f460006647"},"created_at":"2015-06-23T10:42:17Z","updated_at":"2015-06-24T07:44:37Z","repo":"linux","state":"closed","user":{"login":"dileep-p","id":7344815},"owner":"torvalds","closed_at":"2015-06-24T07:44:37Z","id":90351781}
