{"_id":{"$oid":"51dd17a7bd35433f82000001"},"commit_id":"9650915104af07a86dc27ba6538370a494c18f90","created_at":"2012-03-29T15:37:00Z","updated_at":"2012-03-29T15:37:00Z","repo":"linux","user":{"login":"1lj4z1","id":876665},"owner":"torvalds","id":621580}
{"_id":{"$oid":"51d9c085bd3543fb1d000001"},"commit_id":"62cf68120f647cfd17773bc40f02c7b5f7f6f8a1","created_at":"2012-07-27T21:42:07Z","updated_at":"2012-07-27T21:42:07Z","repo":"linux","user":{"login":"sergeychipiga","id":1479651},"owner":"torvalds","id":1256839}
{"_id":{"$oid":"51d9c085bd3543fb1d000002"},"commit_id":"62cf68120f647cfd17773bc40f02c7b5f7f6f8a1","created_at":"2012-08-13T00:26:00Z","updated_at":"2012-08-13T00:26:00Z","repo":"linux","user":{"login":"dysoco","id":889301},"owner":"torvalds","id":1359213}
{"_id":{"$oid":"51d5f46fbd35433a34000001"},"commit_id":"da7115edcd79581c692785dc959920ce4605916d","created_at":"2013-06-20T08:09:13Z","updated_at":"2013-06-20T08:09:13Z","repo":"linux","user":{"login":"nmtigor","id":892399},"owner":"torvalds","id":4791512}
{"_id":{"$oid":"538b2a2cbd35431a6801a802"},"commit_id":"fd7c2a78f305cb8577f430ce5296a43325c37e19","created_at":"2014-06-01T13:27:02Z","updated_at":"2014-06-01T13:27:02Z","repo":"linux","user":{"login":"nizqsut","id":1464272},"owner":"torvalds","id":13266563}
{"_id":{"$oid":"549ca518bd35433379011f97"},"commit_id":"05de0a7fb8ff5cf0808298d8df1aa047371baecc","created_at":"2014-12-26T00:00:12Z","updated_at":"2014-12-26T00:00:12Z","repo":"linux","user":{"login":"SirBomble","id":1883455},"owner":"torvalds","id":22276017}
{"_id":{"$oid":"54bc5d40bd3543ed4c0196ed"},"commit_id":"ab23d786248aa65120c6164eca3da39e994888c9","created_at":"2015-01-19T01:26:05Z","updated_at":"2015-01-19T01:26:05Z","repo":"linux","user":{"login":"xbony2","id":5623501},"owner":"torvalds","id":23139503}
{"_id":{"$oid":"54bd8631bd3543d8bd000492"},"commit_id":"c99ba75226888a2a3b64a93b1a4f477c1f37899e","created_at":"2015-01-19T22:33:13Z","updated_at":"2015-01-19T22:33:13Z","repo":"linux","user":{"login":"jakesyl","id":6392429},"owner":"torvalds","id":23191487}
{"_id":{"$oid":"54bd868cbd3543e7160004ea"},"commit_id":"c99ba75226888a2a3b64a93b1a4f477c1f37899e","created_at":"2015-01-19T22:34:44Z","updated_at":"2015-01-19T22:34:44Z","repo":"linux","user":{"login":"jakesyl","id":6392429},"owner":"torvalds","id":23191580}
{"_id":{"$oid":"55001727bd3543c36701dc9c"},"commit_id":"69f9f9a9375d410d258fb8757a40dcc5f877c01f","created_at":"2015-03-11T10:20:35Z","updated_at":"2015-03-11T10:20:35Z","repo":"linux","user":{"login":"MichalPaszkiewicz","id":6673982},"owner":"torvalds","id":26200958}
{"_id":{"$oid":"5500185ebd3543d8e101ffe9"},"commit_id":"69f9f9a9375d410d258fb8757a40dcc5f877c01f","created_at":"2015-03-11T10:25:30Z","updated_at":"2015-03-11T10:25:30Z","repo":"linux","user":{"login":"Jaykay-x","id":5611239},"owner":"torvalds","id":26201223}
{"_id":{"$oid":"55001913bd3543c375021043"},"commit_id":"69f9f9a9375d410d258fb8757a40dcc5f877c01f","created_at":"2015-03-11T10:29:01Z","updated_at":"2015-03-11T10:29:01Z","repo":"linux","user":{"login":"MichalPaszkiewicz","id":6673982},"owner":"torvalds","id":26201439}
