{"_id":{"$oid":"53ad0a86bd3543acab01c649"},"created_at":"2014-06-27T06:09:05Z","number":1,"updated_at":"2014-06-27T06:09:05Z","repo":"chartist-js","merged_at":null,"state":"open","user":{"following_url":"https://api.github.com/users/ivester/following{/other_user}","events_url":"https://api.github.com/users/ivester/events{/privacy}","organizations_url":"https://api.github.com/users/ivester/orgs","url":"https://api.github.com/users/ivester","gists_url":"https://api.github.com/users/ivester/gists{/gist_id}","html_url":"https://github.com/ivester","subscriptions_url":"https://api.github.com/users/ivester/subscriptions","avatar_url":"https://avatars.githubusercontent.com/u/4711851?","repos_url":"https://api.github.com/users/ivester/repos","received_events_url":"https://api.github.com/users/ivester/received_events","gravatar_id":"4c2ab51182166c2c4b81ab83462144c0","starred_url":"https://api.github.com/users/ivester/starred{/owner}{/repo}","site_admin":false,"login":"ivester","type":"User","id":4711851,"followers_url":"https://api.github.com/users/ivester/followers"},"owner":"gionkunz","closed_at":null,"id":17687568}
{"_id":{"$oid":"541f5228bd354376910030f6"},"created_at":"2014-08-30T21:52:48Z","number":12,"updated_at":"2014-08-31T22:49:34Z","repo":"chartist-js","merged_at":"2014-08-31T22:00:39Z","state":"closed","user":{"following_url":"https://api.github.com/users/paradox41/following{/other_user}","events_url":"https://api.github.com/users/paradox41/events{/privacy}","organizations_url":"https://api.github.com/users/paradox41/orgs","url":"https://api.github.com/users/paradox41","gists_url":"https://api.github.com/users/paradox41/gists{/gist_id}","html_url":"https://github.com/paradox41","subscriptions_url":"https://api.github.com/users/paradox41/subscriptions","avatar_url":"https://avatars.githubusercontent.com/u/2791730?v=2","repos_url":"https://api.github.com/users/paradox41/repos","received_events_url":"https://api.github.com/users/paradox41/received_events","gravatar_id":"794a7d477e6351dd3ece78063ba912da","starred_url":"https://api.github.com/users/paradox41/starred{/owner}{/repo}","site_admin":false,"login":"paradox41","type":"User","id":2791730,"followers_url":"https://api.github.com/users/paradox41/followers"},"owner":"gionkunz","closed_at":"2014-08-31T22:00:39Z","id":20539638}
{"_id":{"$oid":"541db108bd3543078000bdb2"},"created_at":"2014-08-31T22:56:58Z","number":14,"updated_at":"2014-09-01T16:18:04Z","repo":"chartist-js","merged_at":"2014-08-31T23:13:37Z","state":"closed","user":{"following_url":"https://api.github.com/users/phun/following{/other_user}","events_url":"https://api.github.com/users/phun/events{/privacy}","organizations_url":"https://api.github.com/users/phun/orgs","url":"https://api.github.com/users/phun","gists_url":"https://api.github.com/users/phun/gists{/gist_id}","html_url":"https://github.com/phun","subscriptions_url":"https://api.github.com/users/phun/subscriptions","avatar_url":"https://avatars.githubusercontent.com/u/410858?v=2","repos_url":"https://api.github.com/users/phun/repos","received_events_url":"https://api.github.com/users/phun/received_events","gravatar_id":"5686b6cd06ba479f5ae6abde4b2d314b","starred_url":"https://api.github.com/users/phun/starred{/owner}{/repo}","site_admin":false,"login":"phun","type":"User","id":410858,"followers_url":"https://api.github.com/users/phun/followers"},"owner":"gionkunz","closed_at":"2014-08-31T23:13:37Z","id":20550465}
{"_id":{"$oid":"541db108bd3543078000bdb1"},"created_at":"2014-09-01T05:10:01Z","number":16,"updated_at":"2014-09-02T09:13:47Z","repo":"chartist-js","merged_at":"2014-09-01T08:19:40Z","state":"closed","user":{"following_url":"https://api.github.com/users/phun/following{/other_user}","events_url":"https://api.github.com/users/phun/events{/privacy}","organizations_url":"https://api.github.com/users/phun/orgs","url":"https://api.github.com/users/phun","gists_url":"https://api.github.com/users/phun/gists{/gist_id}","html_url":"https://github.com/phun","subscriptions_url":"https://api.github.com/users/phun/subscriptions","avatar_url":"https://avatars.githubusercontent.com/u/410858?v=2","repos_url":"https://api.github.com/users/phun/repos","received_events_url":"https://api.github.com/users/phun/received_events","gravatar_id":"5686b6cd06ba479f5ae6abde4b2d314b","starred_url":"https://api.github.com/users/phun/starred{/owner}{/repo}","site_admin":false,"login":"phun","type":"User","id":410858,"followers_url":"https://api.github.com/users/phun/followers"},"owner":"gionkunz","closed_at":"2014-09-01T08:19:40Z","id":20555049}
{"_id":{"$oid":"541db108bd3543078000bdb0"},"created_at":"2014-09-02T15:35:39Z","number":22,"updated_at":"2014-09-02T16:25:58Z","repo":"chartist-js","merged_at":"2014-09-02T16:25:58Z","state":"closed","user":{"following_url":"https://api.github.com/users/CalebKester/following{/other_user}","events_url":"https://api.github.com/users/CalebKester/events{/privacy}","organizations_url":"https://api.github.com/users/CalebKester/orgs","url":"https://api.github.com/users/CalebKester","gists_url":"https://api.github.com/users/CalebKester/gists{/gist_id}","html_url":"https://github.com/CalebKester","subscriptions_url":"https://api.github.com/users/CalebKester/subscriptions","avatar_url":"https://avatars.githubusercontent.com/u/1319995?v=2","repos_url":"https://api.github.com/users/CalebKester/repos","received_events_url":"https://api.github.com/users/CalebKester/received_events","gravatar_id":"c78fafec41534f7457ca4f9f33635477","starred_url":"https://api.github.com/users/CalebKester/starred{/owner}{/repo}","site_admin":false,"login":"CalebKester","type":"User","id":1319995,"followers_url":"https://api.github.com/users/CalebKester/followers"},"owner":"gionkunz","closed_at":"2014-09-02T16:25:58Z","id":20620639}
{"_id":{"$oid":"541db108bd3543078000bdaf"},"created_at":"2014-09-02T17:02:09Z","number":24,"updated_at":"2014-09-02T18:11:46Z","repo":"chartist-js","merged_at":"2014-09-02T17:57:55Z","state":"closed","user":{"following_url":"https://api.github.com/users/JamieKnight/following{/other_user}","events_url":"https://api.github.com/users/JamieKnight/events{/privacy}","organizations_url":"https://api.github.com/users/JamieKnight/orgs","url":"https://api.github.com/users/JamieKnight","gists_url":"https://api.github.com/users/JamieKnight/gists{/gist_id}","html_url":"https://github.com/JamieKnight","subscriptions_url":"https://api.github.com/users/JamieKnight/subscriptions","avatar_url":"https://avatars.githubusercontent.com/u/370619?v=2","repos_url":"https://api.github.com/users/JamieKnight/repos","received_events_url":"https://api.github.com/users/JamieKnight/received_events","gravatar_id":"6fdcde19e3d2df91dd1208383c2a3c86","starred_url":"https://api.github.com/users/JamieKnight/starred{/owner}{/repo}","site_admin":false,"login":"JamieKnight","type":"User","id":370619,"followers_url":"https://api.github.com/users/JamieKnight/followers"},"owner":"gionkunz","closed_at":"2014-09-02T17:57:55Z","id":20626117}
{"_id":{"$oid":"541db108bd3543078000bdae"},"created_at":"2014-09-04T07:19:20Z","number":28,"updated_at":"2014-09-04T13:32:05Z","repo":"chartist-js","merged_at":null,"state":"closed","user":{"following_url":"https://api.github.com/users/tooltonix/following{/other_user}","events_url":"https://api.github.com/users/tooltonix/events{/privacy}","organizations_url":"https://api.github.com/users/tooltonix/orgs","url":"https://api.github.com/users/tooltonix","gists_url":"https://api.github.com/users/tooltonix/gists{/gist_id}","html_url":"https://github.com/tooltonix","subscriptions_url":"https://api.github.com/users/tooltonix/subscriptions","avatar_url":"https://avatars.githubusercontent.com/u/6328598?v=2","repos_url":"https://api.github.com/users/tooltonix/repos","received_events_url":"https://api.github.com/users/tooltonix/received_events","gravatar_id":"043ba3288060870a25b2be207c67ffd3","starred_url":"https://api.github.com/users/tooltonix/starred{/owner}{/repo}","site_admin":false,"login":"tooltonix","type":"User","id":6328598,"followers_url":"https://api.github.com/users/tooltonix/followers"},"owner":"gionkunz","closed_at":"2014-09-04T13:31:54Z","id":20725970}
{"_id":{"$oid":"541db108bd3543078000bdad"},"created_at":"2014-09-09T08:45:35Z","number":30,"updated_at":"2014-09-10T16:10:40Z","repo":"chartist-js","merged_at":null,"state":"closed","user":{"following_url":"https://api.github.com/users/dominicrico/following{/other_user}","events_url":"https://api.github.com/users/dominicrico/events{/privacy}","organizations_url":"https://api.github.com/users/dominicrico/orgs","url":"https://api.github.com/users/dominicrico","gists_url":"https://api.github.com/users/dominicrico/gists{/gist_id}","html_url":"https://github.com/dominicrico","subscriptions_url":"https://api.github.com/users/dominicrico/subscriptions","avatar_url":"https://avatars.githubusercontent.com/u/6437833?v=2","repos_url":"https://api.github.com/users/dominicrico/repos","received_events_url":"https://api.github.com/users/dominicrico/received_events","gravatar_id":"1ee881663d8fa10cf1a9abd06dc992db","starred_url":"https://api.github.com/users/dominicrico/starred{/owner}{/repo}","site_admin":false,"login":"dominicrico","type":"User","id":6437833,"followers_url":"https://api.github.com/users/dominicrico/followers"},"owner":"gionkunz","closed_at":"2014-09-10T01:04:48Z","id":20941096}
{"_id":{"$oid":"541db108bd3543078000bdac"},"created_at":"2014-09-09T22:06:42Z","number":33,"updated_at":"2014-09-09T22:49:14Z","repo":"chartist-js","merged_at":"2014-09-09T22:49:14Z","state":"closed","user":{"following_url":"https://api.github.com/users/CalebKester/following{/other_user}","events_url":"https://api.github.com/users/CalebKester/events{/privacy}","organizations_url":"https://api.github.com/users/CalebKester/orgs","url":"https://api.github.com/users/CalebKester","gists_url":"https://api.github.com/users/CalebKester/gists{/gist_id}","html_url":"https://github.com/CalebKester","subscriptions_url":"https://api.github.com/users/CalebKester/subscriptions","avatar_url":"https://avatars.githubusercontent.com/u/1319995?v=2","repos_url":"https://api.github.com/users/CalebKester/repos","received_events_url":"https://api.github.com/users/CalebKester/received_events","gravatar_id":"c78fafec41534f7457ca4f9f33635477","starred_url":"https://api.github.com/users/CalebKester/starred{/owner}{/repo}","site_admin":false,"login":"CalebKester","type":"User","id":1319995,"followers_url":"https://api.github.com/users/CalebKester/followers"},"owner":"gionkunz","closed_at":"2014-09-09T22:49:14Z","id":20987096}
{"_id":{"$oid":"541db108bd3543078000bdab"},"created_at":"2014-09-10T19:29:22Z","number":34,"updated_at":"2014-09-15T20:29:08Z","repo":"chartist-js","merged_at":null,"state":"closed","user":{"following_url":"https://api.github.com/users/JamieKnight/following{/other_user}","events_url":"https://api.github.com/users/JamieKnight/events{/privacy}","organizations_url":"https://api.github.com/users/JamieKnight/orgs","url":"https://api.github.com/users/JamieKnight","gists_url":"https://api.github.com/users/JamieKnight/gists{/gist_id}","html_url":"https://github.com/JamieKnight","subscriptions_url":"https://api.github.com/users/JamieKnight/subscriptions","avatar_url":"https://avatars.githubusercontent.com/u/370619?v=2","repos_url":"https://api.github.com/users/JamieKnight/repos","received_events_url":"https://api.github.com/users/JamieKnight/received_events","gravatar_id":"6fdcde19e3d2df91dd1208383c2a3c86","starred_url":"https://api.github.com/users/JamieKnight/starred{/owner}{/repo}","site_admin":false,"login":"JamieKnight","type":"User","id":370619,"followers_url":"https://api.github.com/users/JamieKnight/followers"},"owner":"gionkunz","closed_at":"2014-09-15T20:29:08Z","id":21044042}
{"_id":{"$oid":"541db108bd3543078000bdaa"},"created_at":"2014-09-13T10:52:19Z","number":38,"updated_at":"2014-09-15T22:05:54Z","repo":"chartist-js","merged_at":"2014-09-13T20:13:40Z","state":"closed","user":{"following_url":"https://api.github.com/users/ivester/following{/other_user}","events_url":"https://api.github.com/users/ivester/events{/privacy}","organizations_url":"https://api.github.com/users/ivester/orgs","url":"https://api.github.com/users/ivester","gists_url":"https://api.github.com/users/ivester/gists{/gist_id}","html_url":"https://github.com/ivester","subscriptions_url":"https://api.github.com/users/ivester/subscriptions","avatar_url":"https://avatars.githubusercontent.com/u/4711851?v=2","repos_url":"https://api.github.com/users/ivester/repos","received_events_url":"https://api.github.com/users/ivester/received_events","gravatar_id":"4c2ab51182166c2c4b81ab83462144c0","starred_url":"https://api.github.com/users/ivester/starred{/owner}{/repo}","site_admin":false,"login":"ivester","type":"User","id":4711851,"followers_url":"https://api.github.com/users/ivester/followers"},"owner":"gionkunz","closed_at":"2014-09-13T20:13:40Z","id":21191773}
{"_id":{"$oid":"541db108bd3543078000bda9"},"created_at":"2014-09-15T20:17:45Z","number":42,"updated_at":"2014-09-15T21:07:25Z","repo":"chartist-js","merged_at":"2014-09-15T21:07:17Z","state":"closed","user":{"following_url":"https://api.github.com/users/JamieKnight/following{/other_user}","events_url":"https://api.github.com/users/JamieKnight/events{/privacy}","organizations_url":"https://api.github.com/users/JamieKnight/orgs","url":"https://api.github.com/users/JamieKnight","gists_url":"https://api.github.com/users/JamieKnight/gists{/gist_id}","html_url":"https://github.com/JamieKnight","subscriptions_url":"https://api.github.com/users/JamieKnight/subscriptions","avatar_url":"https://avatars.githubusercontent.com/u/370619?v=2","repos_url":"https://api.github.com/users/JamieKnight/repos","received_events_url":"https://api.github.com/users/JamieKnight/received_events","gravatar_id":"6fdcde19e3d2df91dd1208383c2a3c86","starred_url":"https://api.github.com/users/JamieKnight/starred{/owner}{/repo}","site_admin":false,"login":"JamieKnight","type":"User","id":370619,"followers_url":"https://api.github.com/users/JamieKnight/followers"},"owner":"gionkunz","closed_at":"2014-09-15T21:07:17Z","id":21257680}
{"_id":{"$oid":"541db108bd3543078000bda8"},"created_at":"2014-09-19T04:37:07Z","number":46,"updated_at":"2014-09-19T12:09:41Z","repo":"chartist-js","merged_at":"2014-09-19T12:09:41Z","state":"closed","user":{"following_url":"https://api.github.com/users/gregerg/following{/other_user}","events_url":"https://api.github.com/users/gregerg/events{/privacy}","organizations_url":"https://api.github.com/users/gregerg/orgs","url":"https://api.github.com/users/gregerg","gists_url":"https://api.github.com/users/gregerg/gists{/gist_id}","html_url":"https://github.com/gregerg","subscriptions_url":"https://api.github.com/users/gregerg/subscriptions","avatar_url":"https://avatars.githubusercontent.com/u/1521261?v=2","repos_url":"https://api.github.com/users/gregerg/repos","received_events_url":"https://api.github.com/users/gregerg/received_events","gravatar_id":"b1913ee7a61f767ce44c1d8927b07b0d","starred_url":"https://api.github.com/users/gregerg/starred{/owner}{/repo}","site_admin":false,"login":"gregerg","type":"User","id":1521261,"followers_url":"https://api.github.com/users/gregerg/followers"},"owner":"gionkunz","closed_at":"2014-09-19T12:09:41Z","id":21477621}
{"_id":{"$oid":"541db108bd3543078000bda7"},"created_at":"2014-09-20T12:11:46Z","number":48,"updated_at":"2014-09-20T14:22:35Z","repo":"chartist-js","merged_at":"2014-09-20T14:22:22Z","state":"closed","user":{"following_url":"https://api.github.com/users/bobbyshaw/following{/other_user}","events_url":"https://api.github.com/users/bobbyshaw/events{/privacy}","organizations_url":"https://api.github.com/users/bobbyshaw/orgs","url":"https://api.github.com/users/bobbyshaw","gists_url":"https://api.github.com/users/bobbyshaw/gists{/gist_id}","html_url":"https://github.com/bobbyshaw","subscriptions_url":"https://api.github.com/users/bobbyshaw/subscriptions","avatar_url":"https://avatars.githubusercontent.com/u/553566?v=2","repos_url":"https://api.github.com/users/bobbyshaw/repos","received_events_url":"https://api.github.com/users/bobbyshaw/received_events","gravatar_id":"167e3044ed845338afdf5cc3446f5b17","starred_url":"https://api.github.com/users/bobbyshaw/starred{/owner}{/repo}","site_admin":false,"login":"bobbyshaw","type":"User","id":553566,"followers_url":"https://api.github.com/users/bobbyshaw/followers"},"owner":"gionkunz","closed_at":"2014-09-20T14:22:22Z","id":21536784}
{"_id":{"$oid":"541f5226bd354376910030f5"},"created_at":"2014-09-21T15:03:14Z","number":50,"updated_at":"2014-09-21T21:09:02Z","repo":"chartist-js","merged_at":null,"state":"open","user":{"following_url":"https://api.github.com/users/valotas/following{/other_user}","events_url":"https://api.github.com/users/valotas/events{/privacy}","organizations_url":"https://api.github.com/users/valotas/orgs","url":"https://api.github.com/users/valotas","gists_url":"https://api.github.com/users/valotas/gists{/gist_id}","html_url":"https://github.com/valotas","subscriptions_url":"https://api.github.com/users/valotas/subscriptions","avatar_url":"https://avatars.githubusercontent.com/u/26611?v=2","repos_url":"https://api.github.com/users/valotas/repos","received_events_url":"https://api.github.com/users/valotas/received_events","gravatar_id":"924e71476dd53049c8b68a2f4afdd493","starred_url":"https://api.github.com/users/valotas/starred{/owner}{/repo}","site_admin":false,"login":"valotas","type":"User","id":26611,"followers_url":"https://api.github.com/users/valotas/followers"},"owner":"gionkunz","closed_at":null,"id":21548992}
{"_id":{"$oid":"542c64a0bd35435d3c00916c"},"created_at":"2014-09-29T23:45:55Z","number":57,"updated_at":"2014-09-30T21:25:32Z","repo":"chartist-js","merged_at":"2014-09-30T21:25:32Z","state":"closed","user":{"following_url":"https://api.github.com/users/jonsadka/following{/other_user}","events_url":"https://api.github.com/users/jonsadka/events{/privacy}","organizations_url":"https://api.github.com/users/jonsadka/orgs","url":"https://api.github.com/users/jonsadka","gists_url":"https://api.github.com/users/jonsadka/gists{/gist_id}","html_url":"https://github.com/jonsadka","subscriptions_url":"https://api.github.com/users/jonsadka/subscriptions","avatar_url":"https://avatars.githubusercontent.com/u/6504944?v=2","repos_url":"https://api.github.com/users/jonsadka/repos","received_events_url":"https://api.github.com/users/jonsadka/received_events","gravatar_id":"","starred_url":"https://api.github.com/users/jonsadka/starred{/owner}{/repo}","site_admin":false,"login":"jonsadka","type":"User","id":6504944,"followers_url":"https://api.github.com/users/jonsadka/followers"},"owner":"gionkunz","closed_at":"2014-09-30T21:25:32Z","id":21973111}
{"_id":{"$oid":"54317323bd3543637604c002"},"created_at":"2014-10-05T16:34:24Z","number":59,"updated_at":"2014-10-05T16:34:24Z","repo":"chartist-js","merged_at":null,"state":"open","user":{"following_url":"https://api.github.com/users/chmac/following{/other_user}","events_url":"https://api.github.com/users/chmac/events{/privacy}","organizations_url":"https://api.github.com/users/chmac/orgs","url":"https://api.github.com/users/chmac","gists_url":"https://api.github.com/users/chmac/gists{/gist_id}","html_url":"https://github.com/chmac","subscriptions_url":"https://api.github.com/users/chmac/subscriptions","avatar_url":"https://avatars.githubusercontent.com/u/690997?v=2","repos_url":"https://api.github.com/users/chmac/repos","received_events_url":"https://api.github.com/users/chmac/received_events","gravatar_id":"","starred_url":"https://api.github.com/users/chmac/starred{/owner}{/repo}","site_admin":false,"login":"chmac","type":"User","id":690997,"followers_url":"https://api.github.com/users/chmac/followers"},"owner":"gionkunz","closed_at":null,"id":22256177}
{"_id":{"$oid":"5432dd42bd35435a5505ccf2"},"created_at":"2014-10-06T18:19:02Z","number":61,"updated_at":"2014-10-06T18:19:02Z","repo":"chartist-js","merged_at":null,"state":"open","user":{"following_url":"https://api.github.com/users/djlimbs/following{/other_user}","events_url":"https://api.github.com/users/djlimbs/events{/privacy}","organizations_url":"https://api.github.com/users/djlimbs/orgs","url":"https://api.github.com/users/djlimbs","gists_url":"https://api.github.com/users/djlimbs/gists{/gist_id}","html_url":"https://github.com/djlimbs","subscriptions_url":"https://api.github.com/users/djlimbs/subscriptions","avatar_url":"https://avatars.githubusercontent.com/u/4561661?v=2","repos_url":"https://api.github.com/users/djlimbs/repos","received_events_url":"https://api.github.com/users/djlimbs/received_events","gravatar_id":"","starred_url":"https://api.github.com/users/djlimbs/starred{/owner}{/repo}","site_admin":false,"login":"djlimbs","type":"User","id":4561661,"followers_url":"https://api.github.com/users/djlimbs/followers"},"owner":"gionkunz","closed_at":null,"id":22303112}
{"_id":{"$oid":"54337b3dbd35435a1503ecf0"},"created_at":"2014-10-07T05:33:32Z","number":62,"updated_at":"2014-10-07T05:33:32Z","repo":"chartist-js","merged_at":null,"state":"open","user":{"following_url":"https://api.github.com/users/una/following{/other_user}","events_url":"https://api.github.com/users/una/events{/privacy}","organizations_url":"https://api.github.com/users/una/orgs","url":"https://api.github.com/users/una","gists_url":"https://api.github.com/users/una/gists{/gist_id}","html_url":"https://github.com/una","subscriptions_url":"https://api.github.com/users/una/subscriptions","avatar_url":"https://avatars.githubusercontent.com/u/1693164?v=2","repos_url":"https://api.github.com/users/una/repos","received_events_url":"https://api.github.com/users/una/received_events","gravatar_id":"","starred_url":"https://api.github.com/users/una/starred{/owner}{/repo}","site_admin":false,"login":"una","type":"User","id":1693164,"followers_url":"https://api.github.com/users/una/followers"},"owner":"gionkunz","closed_at":null,"id":22331718}
{"_id":{"$oid":"5434a109bd35436599041e30"},"created_at":"2014-10-08T02:27:13Z","number":63,"updated_at":"2014-10-08T02:27:13Z","repo":"chartist-js","merged_at":null,"state":"open","user":{"following_url":"https://api.github.com/users/una/following{/other_user}","events_url":"https://api.github.com/users/una/events{/privacy}","organizations_url":"https://api.github.com/users/una/orgs","url":"https://api.github.com/users/una","gists_url":"https://api.github.com/users/una/gists{/gist_id}","html_url":"https://github.com/una","subscriptions_url":"https://api.github.com/users/una/subscriptions","avatar_url":"https://avatars.githubusercontent.com/u/1693164?v=2","repos_url":"https://api.github.com/users/una/repos","received_events_url":"https://api.github.com/users/una/received_events","gravatar_id":"","starred_url":"https://api.github.com/users/una/starred{/owner}{/repo}","site_admin":false,"login":"una","type":"User","id":1693164,"followers_url":"https://api.github.com/users/una/followers"},"owner":"gionkunz","closed_at":null,"id":22397333}
{"_id":{"$oid":"54419ed8bd3543a152029335"},"created_at":"2014-10-17T15:38:51Z","number":71,"updated_at":"2014-10-17T22:57:24Z","repo":"chartist-js","merged_at":"2014-10-17T22:57:24Z","state":"closed","user":{"following_url":"https://api.github.com/users/paradox41/following{/other_user}","events_url":"https://api.github.com/users/paradox41/events{/privacy}","organizations_url":"https://api.github.com/users/paradox41/orgs","url":"https://api.github.com/users/paradox41","gists_url":"https://api.github.com/users/paradox41/gists{/gist_id}","html_url":"https://github.com/paradox41","subscriptions_url":"https://api.github.com/users/paradox41/subscriptions","avatar_url":"https://avatars.githubusercontent.com/u/2791730?v=2","repos_url":"https://api.github.com/users/paradox41/repos","received_events_url":"https://api.github.com/users/paradox41/received_events","gravatar_id":"","starred_url":"https://api.github.com/users/paradox41/starred{/owner}{/repo}","site_admin":false,"login":"paradox41","type":"User","id":2791730,"followers_url":"https://api.github.com/users/paradox41/followers"},"owner":"gionkunz","closed_at":"2014-10-17T22:57:24Z","id":22933077}
{"_id":{"$oid":"544a6f4cbd3543a0e304d5b8"},"created_at":"2014-10-24T15:24:52Z","number":76,"updated_at":"2014-10-24T15:24:52Z","repo":"chartist-js","merged_at":null,"state":"open","user":{"following_url":"https://api.github.com/users/SteveEdson/following{/other_user}","events_url":"https://api.github.com/users/SteveEdson/events{/privacy}","organizations_url":"https://api.github.com/users/SteveEdson/orgs","url":"https://api.github.com/users/SteveEdson","gists_url":"https://api.github.com/users/SteveEdson/gists{/gist_id}","html_url":"https://github.com/SteveEdson","subscriptions_url":"https://api.github.com/users/SteveEdson/subscriptions","avatar_url":"https://avatars.githubusercontent.com/u/1201960?v=2","repos_url":"https://api.github.com/users/SteveEdson/repos","received_events_url":"https://api.github.com/users/SteveEdson/received_events","gravatar_id":"","starred_url":"https://api.github.com/users/SteveEdson/starred{/owner}{/repo}","site_admin":false,"login":"SteveEdson","type":"User","id":1201960,"followers_url":"https://api.github.com/users/SteveEdson/followers"},"owner":"gionkunz","closed_at":null,"id":23303421}
{"_id":{"$oid":"545b520fbd3543e3650232fc"},"created_at":"2014-11-06T10:47:36Z","number":78,"updated_at":"2014-11-06T10:47:36Z","repo":"chartist-js","merged_at":null,"state":"open","user":{"following_url":"https://api.github.com/users/faizans/following{/other_user}","events_url":"https://api.github.com/users/faizans/events{/privacy}","organizations_url":"https://api.github.com/users/faizans/orgs","url":"https://api.github.com/users/faizans","gists_url":"https://api.github.com/users/faizans/gists{/gist_id}","html_url":"https://github.com/faizans","subscriptions_url":"https://api.github.com/users/faizans/subscriptions","avatar_url":"https://avatars.githubusercontent.com/u/975960?v=2","repos_url":"https://api.github.com/users/faizans/repos","received_events_url":"https://api.github.com/users/faizans/received_events","gravatar_id":"","starred_url":"https://api.github.com/users/faizans/starred{/owner}{/repo}","site_admin":false,"login":"faizans","type":"User","id":975960,"followers_url":"https://api.github.com/users/faizans/followers"},"owner":"gionkunz","closed_at":null,"id":23972246}
{"_id":{"$oid":"546178aabd354316ae002046"},"created_at":"2014-11-10T22:41:09Z","number":81,"updated_at":"2014-11-10T22:42:17Z","repo":"chartist-js","merged_at":null,"state":"open","user":{"following_url":"https://api.github.com/users/drewbarontini/following{/other_user}","events_url":"https://api.github.com/users/drewbarontini/events{/privacy}","organizations_url":"https://api.github.com/users/drewbarontini/orgs","url":"https://api.github.com/users/drewbarontini","gists_url":"https://api.github.com/users/drewbarontini/gists{/gist_id}","html_url":"https://github.com/drewbarontini","subscriptions_url":"https://api.github.com/users/drewbarontini/subscriptions","avatar_url":"https://avatars.githubusercontent.com/u/30208?v=3","repos_url":"https://api.github.com/users/drewbarontini/repos","received_events_url":"https://api.github.com/users/drewbarontini/received_events","gravatar_id":"","starred_url":"https://api.github.com/users/drewbarontini/starred{/owner}{/repo}","site_admin":false,"login":"drewbarontini","type":"User","id":30208,"followers_url":"https://api.github.com/users/drewbarontini/followers"},"owner":"gionkunz","closed_at":null,"id":24183890}
{"_id":{"$oid":"546a39ddbd3543c13b00f9f6"},"created_at":"2014-11-17T18:09:13Z","number":83,"updated_at":"2014-11-17T18:09:13Z","repo":"chartist-js","merged_at":null,"state":"open","user":{"following_url":"https://api.github.com/users/solutionportal121/following{/other_user}","events_url":"https://api.github.com/users/solutionportal121/events{/privacy}","organizations_url":"https://api.github.com/users/solutionportal121/orgs","url":"https://api.github.com/users/solutionportal121","gists_url":"https://api.github.com/users/solutionportal121/gists{/gist_id}","html_url":"https://github.com/solutionportal121","subscriptions_url":"https://api.github.com/users/solutionportal121/subscriptions","avatar_url":"https://avatars.githubusercontent.com/u/5003051?v=3","repos_url":"https://api.github.com/users/solutionportal121/repos","received_events_url":"https://api.github.com/users/solutionportal121/received_events","gravatar_id":"","starred_url":"https://api.github.com/users/solutionportal121/starred{/owner}{/repo}","site_admin":false,"login":"solutionportal121","type":"User","id":5003051,"followers_url":"https://api.github.com/users/solutionportal121/followers"},"owner":"gionkunz","closed_at":null,"id":24554742}
{"_id":{"$oid":"546f1fdbbd3543c15801d35a"},"created_at":"2014-11-21T11:18:56Z","number":86,"updated_at":"2014-11-21T11:18:56Z","repo":"chartist-js","merged_at":null,"state":"open","user":{"following_url":"https://api.github.com/users/Autarc/following{/other_user}","events_url":"https://api.github.com/users/Autarc/events{/privacy}","organizations_url":"https://api.github.com/users/Autarc/orgs","url":"https://api.github.com/users/Autarc","gists_url":"https://api.github.com/users/Autarc/gists{/gist_id}","html_url":"https://github.com/Autarc","subscriptions_url":"https://api.github.com/users/Autarc/subscriptions","avatar_url":"https://avatars.githubusercontent.com/u/1060490?v=3","repos_url":"https://api.github.com/users/Autarc/repos","received_events_url":"https://api.github.com/users/Autarc/received_events","gravatar_id":"","starred_url":"https://api.github.com/users/Autarc/starred{/owner}{/repo}","site_admin":false,"login":"Autarc","type":"User","id":1060490,"followers_url":"https://api.github.com/users/Autarc/followers"},"owner":"gionkunz","closed_at":null,"id":24833461}
{"_id":{"$oid":"54744578bd3543c0c40305c9"},"created_at":"2014-11-25T09:00:27Z","number":89,"updated_at":"2014-11-25T09:00:27Z","repo":"chartist-js","merged_at":null,"state":"open","user":{"following_url":"https://api.github.com/users/Autarc/following{/other_user}","events_url":"https://api.github.com/users/Autarc/events{/privacy}","organizations_url":"https://api.github.com/users/Autarc/orgs","url":"https://api.github.com/users/Autarc","gists_url":"https://api.github.com/users/Autarc/gists{/gist_id}","html_url":"https://github.com/Autarc","subscriptions_url":"https://api.github.com/users/Autarc/subscriptions","avatar_url":"https://avatars.githubusercontent.com/u/1060490?v=3","repos_url":"https://api.github.com/users/Autarc/repos","received_events_url":"https://api.github.com/users/Autarc/received_events","gravatar_id":"","starred_url":"https://api.github.com/users/Autarc/starred{/owner}{/repo}","site_admin":false,"login":"Autarc","type":"User","id":1060490,"followers_url":"https://api.github.com/users/Autarc/followers"},"owner":"gionkunz","closed_at":null,"id":24992803}
{"_id":{"$oid":"5475dcbbbd3543c13b02f971"},"created_at":"2014-11-26T13:58:33Z","number":93,"updated_at":"2014-11-26T13:58:33Z","repo":"chartist-js","merged_at":null,"state":"open","user":{"following_url":"https://api.github.com/users/danieldiekmeier/following{/other_user}","events_url":"https://api.github.com/users/danieldiekmeier/events{/privacy}","organizations_url":"https://api.github.com/users/danieldiekmeier/orgs","url":"https://api.github.com/users/danieldiekmeier","gists_url":"https://api.github.com/users/danieldiekmeier/gists{/gist_id}","html_url":"https://github.com/danieldiekmeier","subscriptions_url":"https://api.github.com/users/danieldiekmeier/subscriptions","avatar_url":"https://avatars.githubusercontent.com/u/2098462?v=3","repos_url":"https://api.github.com/users/danieldiekmeier/repos","received_events_url":"https://api.github.com/users/danieldiekmeier/received_events","gravatar_id":"","starred_url":"https://api.github.com/users/danieldiekmeier/starred{/owner}{/repo}","site_admin":false,"login":"danieldiekmeier","type":"User","id":2098462,"followers_url":"https://api.github.com/users/danieldiekmeier/followers"},"owner":"gionkunz","closed_at":null,"id":25085260}
{"_id":{"$oid":"547711f5bd3543bff002d5a9"},"created_at":"2014-11-27T11:57:07Z","number":94,"updated_at":"2014-11-27T11:57:07Z","repo":"chartist-js","merged_at":null,"state":"open","user":{"following_url":"https://api.github.com/users/riccardo-forina/following{/other_user}","events_url":"https://api.github.com/users/riccardo-forina/events{/privacy}","organizations_url":"https://api.github.com/users/riccardo-forina/orgs","url":"https://api.github.com/users/riccardo-forina","gists_url":"https://api.github.com/users/riccardo-forina/gists{/gist_id}","html_url":"https://github.com/riccardo-forina","subscriptions_url":"https://api.github.com/users/riccardo-forina/subscriptions","avatar_url":"https://avatars.githubusercontent.com/u/966316?v=3","repos_url":"https://api.github.com/users/riccardo-forina/repos","received_events_url":"https://api.github.com/users/riccardo-forina/received_events","gravatar_id":"","starred_url":"https://api.github.com/users/riccardo-forina/starred{/owner}{/repo}","site_admin":false,"login":"riccardo-forina","type":"User","id":966316,"followers_url":"https://api.github.com/users/riccardo-forina/followers"},"owner":"gionkunz","closed_at":null,"id":25146542}
{"_id":{"$oid":"548a4253bd35431764001f05"},"created_at":"2014-12-08T16:19:12Z","number":104,"updated_at":"2014-12-08T16:34:07Z","repo":"chartist-js","merged_at":"2014-12-08T16:34:05Z","state":"closed","user":{"following_url":"https://api.github.com/users/kennygrant/following{/other_user}","events_url":"https://api.github.com/users/kennygrant/events{/privacy}","organizations_url":"https://api.github.com/users/kennygrant/orgs","url":"https://api.github.com/users/kennygrant","gists_url":"https://api.github.com/users/kennygrant/gists{/gist_id}","html_url":"https://github.com/kennygrant","subscriptions_url":"https://api.github.com/users/kennygrant/subscriptions","avatar_url":"https://avatars.githubusercontent.com/u/68352?v=3","repos_url":"https://api.github.com/users/kennygrant/repos","received_events_url":"https://api.github.com/users/kennygrant/received_events","gravatar_id":"","starred_url":"https://api.github.com/users/kennygrant/starred{/owner}{/repo}","site_admin":false,"login":"kennygrant","type":"User","id":68352,"followers_url":"https://api.github.com/users/kennygrant/followers"},"owner":"gionkunz","closed_at":"2014-12-08T16:34:05Z","id":25677054}
{"_id":{"$oid":"548ada94bd354317640040b5"},"created_at":"2014-12-12T12:06:56Z","number":113,"updated_at":"2014-12-12T12:06:56Z","repo":"chartist-js","merged_at":null,"state":"open","user":{"following_url":"https://api.github.com/users/deckool/following{/other_user}","events_url":"https://api.github.com/users/deckool/events{/privacy}","organizations_url":"https://api.github.com/users/deckool/orgs","url":"https://api.github.com/users/deckool","gists_url":"https://api.github.com/users/deckool/gists{/gist_id}","html_url":"https://github.com/deckool","subscriptions_url":"https://api.github.com/users/deckool/subscriptions","avatar_url":"https://avatars.githubusercontent.com/u/181992?v=3","repos_url":"https://api.github.com/users/deckool/repos","received_events_url":"https://api.github.com/users/deckool/received_events","gravatar_id":"","starred_url":"https://api.github.com/users/deckool/starred{/owner}{/repo}","site_admin":false,"login":"deckool","type":"User","id":181992,"followers_url":"https://api.github.com/users/deckool/followers"},"owner":"gionkunz","closed_at":null,"id":25969246}
{"_id":{"$oid":"548b4813bd3543095800696d"},"created_at":"2014-12-12T19:54:30Z","number":114,"updated_at":"2014-12-12T19:54:30Z","repo":"chartist-js","merged_at":null,"state":"open","user":{"following_url":"https://api.github.com/users/drdla/following{/other_user}","events_url":"https://api.github.com/users/drdla/events{/privacy}","organizations_url":"https://api.github.com/users/drdla/orgs","url":"https://api.github.com/users/drdla","gists_url":"https://api.github.com/users/drdla/gists{/gist_id}","html_url":"https://github.com/drdla","subscriptions_url":"https://api.github.com/users/drdla/subscriptions","avatar_url":"https://avatars.githubusercontent.com/u/135148?v=3","repos_url":"https://api.github.com/users/drdla/repos","received_events_url":"https://api.github.com/users/drdla/received_events","gravatar_id":"","starred_url":"https://api.github.com/users/drdla/starred{/owner}{/repo}","site_admin":false,"login":"drdla","type":"User","id":135148,"followers_url":"https://api.github.com/users/drdla/followers"},"owner":"gionkunz","closed_at":null,"id":25998179}
{"_id":{"$oid":"54aead20bd35433b23017f40"},"created_at":"2015-01-08T16:15:10Z","number":134,"updated_at":"2015-01-08T16:15:10Z","repo":"chartist-js","merged_at":null,"state":"open","user":{"following_url":"https://api.github.com/users/christianseel/following{/other_user}","events_url":"https://api.github.com/users/christianseel/events{/privacy}","organizations_url":"https://api.github.com/users/christianseel/orgs","url":"https://api.github.com/users/christianseel","gists_url":"https://api.github.com/users/christianseel/gists{/gist_id}","html_url":"https://github.com/christianseel","subscriptions_url":"https://api.github.com/users/christianseel/subscriptions","avatar_url":"https://avatars.githubusercontent.com/u/482184?v=3","repos_url":"https://api.github.com/users/christianseel/repos","received_events_url":"https://api.github.com/users/christianseel/received_events","gravatar_id":"","starred_url":"https://api.github.com/users/christianseel/starred{/owner}{/repo}","site_admin":false,"login":"christianseel","type":"User","id":482184,"followers_url":"https://api.github.com/users/christianseel/followers"},"owner":"gionkunz","closed_at":null,"id":27039008}
{"_id":{"$oid":"54af3a89bd354338ce0196d2"},"created_at":"2015-01-09T02:18:41Z","number":135,"updated_at":"2015-01-09T02:18:41Z","repo":"chartist-js","merged_at":null,"state":"open","user":{"following_url":"https://api.github.com/users/tylergaw/following{/other_user}","events_url":"https://api.github.com/users/tylergaw/events{/privacy}","organizations_url":"https://api.github.com/users/tylergaw/orgs","url":"https://api.github.com/users/tylergaw","gists_url":"https://api.github.com/users/tylergaw/gists{/gist_id}","html_url":"https://github.com/tylergaw","subscriptions_url":"https://api.github.com/users/tylergaw/subscriptions","avatar_url":"https://avatars.githubusercontent.com/u/233859?v=3","repos_url":"https://api.github.com/users/tylergaw/repos","received_events_url":"https://api.github.com/users/tylergaw/received_events","gravatar_id":"","starred_url":"https://api.github.com/users/tylergaw/starred{/owner}{/repo}","site_admin":false,"login":"tylergaw","type":"User","id":233859,"followers_url":"https://api.github.com/users/tylergaw/followers"},"owner":"gionkunz","closed_at":null,"id":27076164}
{"_id":{"$oid":"54b69c26bd3543aaac001dcb"},"created_at":"2015-01-12T10:03:04Z","number":140,"updated_at":"2015-01-12T13:38:46Z","repo":"chartist-js","merged_at":"2015-01-12T10:10:15Z","state":"closed","user":{"following_url":"https://api.github.com/users/coderaiser/following{/other_user}","events_url":"https://api.github.com/users/coderaiser/events{/privacy}","organizations_url":"https://api.github.com/users/coderaiser/orgs","url":"https://api.github.com/users/coderaiser","gists_url":"https://api.github.com/users/coderaiser/gists{/gist_id}","html_url":"https://github.com/coderaiser","subscriptions_url":"https://api.github.com/users/coderaiser/subscriptions","avatar_url":"https://avatars.githubusercontent.com/u/1573141?v=3","repos_url":"https://api.github.com/users/coderaiser/repos","received_events_url":"https://api.github.com/users/coderaiser/received_events","gravatar_id":"","starred_url":"https://api.github.com/users/coderaiser/starred{/owner}{/repo}","site_admin":false,"login":"coderaiser","type":"User","id":1573141,"followers_url":"https://api.github.com/users/coderaiser/followers"},"owner":"gionkunz","closed_at":"2015-01-12T10:10:15Z","id":27183609}
{"_id":{"$oid":"54b69bf5bd3543aa7b001755"},"created_at":"2015-01-12T10:06:15Z","number":141,"updated_at":"2015-01-12T13:38:40Z","repo":"chartist-js","merged_at":"2015-01-12T10:10:30Z","state":"closed","user":{"following_url":"https://api.github.com/users/coderaiser/following{/other_user}","events_url":"https://api.github.com/users/coderaiser/events{/privacy}","organizations_url":"https://api.github.com/users/coderaiser/orgs","url":"https://api.github.com/users/coderaiser","gists_url":"https://api.github.com/users/coderaiser/gists{/gist_id}","html_url":"https://github.com/coderaiser","subscriptions_url":"https://api.github.com/users/coderaiser/subscriptions","avatar_url":"https://avatars.githubusercontent.com/u/1573141?v=3","repos_url":"https://api.github.com/users/coderaiser/repos","received_events_url":"https://api.github.com/users/coderaiser/received_events","gravatar_id":"","starred_url":"https://api.github.com/users/coderaiser/starred{/owner}{/repo}","site_admin":false,"login":"coderaiser","type":"User","id":1573141,"followers_url":"https://api.github.com/users/coderaiser/followers"},"owner":"gionkunz","closed_at":"2015-01-12T10:10:30Z","id":27183750}
{"_id":{"$oid":"54b69bf2bd3543aa7b001754"},"created_at":"2015-01-13T08:22:28Z","number":142,"updated_at":"2015-01-13T16:12:21Z","repo":"chartist-js","merged_at":null,"state":"open","user":{"following_url":"https://api.github.com/users/coderaiser/following{/other_user}","events_url":"https://api.github.com/users/coderaiser/events{/privacy}","organizations_url":"https://api.github.com/users/coderaiser/orgs","url":"https://api.github.com/users/coderaiser","gists_url":"https://api.github.com/users/coderaiser/gists{/gist_id}","html_url":"https://github.com/coderaiser","subscriptions_url":"https://api.github.com/users/coderaiser/subscriptions","avatar_url":"https://avatars.githubusercontent.com/u/1573141?v=3","repos_url":"https://api.github.com/users/coderaiser/repos","received_events_url":"https://api.github.com/users/coderaiser/received_events","gravatar_id":"","starred_url":"https://api.github.com/users/coderaiser/starred{/owner}{/repo}","site_admin":false,"login":"coderaiser","type":"User","id":1573141,"followers_url":"https://api.github.com/users/coderaiser/followers"},"owner":"gionkunz","closed_at":null,"id":27254408}
{"_id":{"$oid":"54b7d32dbd3543fe3a000c61"},"created_at":"2015-01-15T00:39:01Z","number":146,"updated_at":"2015-01-15T14:47:39Z","repo":"chartist-js","merged_at":null,"state":"open","user":{"following_url":"https://api.github.com/users/tylergaw/following{/other_user}","events_url":"https://api.github.com/users/tylergaw/events{/privacy}","organizations_url":"https://api.github.com/users/tylergaw/orgs","url":"https://api.github.com/users/tylergaw","gists_url":"https://api.github.com/users/tylergaw/gists{/gist_id}","html_url":"https://github.com/tylergaw","subscriptions_url":"https://api.github.com/users/tylergaw/subscriptions","avatar_url":"https://avatars.githubusercontent.com/u/233859?v=3","repos_url":"https://api.github.com/users/tylergaw/repos","received_events_url":"https://api.github.com/users/tylergaw/received_events","gravatar_id":"","starred_url":"https://api.github.com/users/tylergaw/starred{/owner}{/repo}","site_admin":false,"login":"tylergaw","type":"User","id":233859,"followers_url":"https://api.github.com/users/tylergaw/followers"},"owner":"gionkunz","closed_at":null,"id":27397164}
{"_id":{"$oid":"54b7d32cbd3543fe3a000c60"},"created_at":"2015-01-15T10:22:24Z","number":147,"updated_at":"2015-01-15T10:25:14Z","repo":"chartist-js","merged_at":null,"state":"open","user":{"following_url":"https://api.github.com/users/gionkunz/following{/other_user}","events_url":"https://api.github.com/users/gionkunz/events{/privacy}","organizations_url":"https://api.github.com/users/gionkunz/orgs","url":"https://api.github.com/users/gionkunz","gists_url":"https://api.github.com/users/gionkunz/gists{/gist_id}","html_url":"https://github.com/gionkunz","subscriptions_url":"https://api.github.com/users/gionkunz/subscriptions","avatar_url":"https://avatars.githubusercontent.com/u/2203704?v=3","repos_url":"https://api.github.com/users/gionkunz/repos","received_events_url":"https://api.github.com/users/gionkunz/received_events","gravatar_id":"","starred_url":"https://api.github.com/users/gionkunz/starred{/owner}{/repo}","site_admin":false,"login":"gionkunz","type":"User","id":2203704,"followers_url":"https://api.github.com/users/gionkunz/followers"},"owner":"gionkunz","closed_at":null,"id":27418182}
{"_id":{"$oid":"54b8782ebd3543ff640044d9"},"created_at":"2015-01-15T22:37:55Z","number":149,"updated_at":"2015-01-15T22:37:55Z","repo":"chartist-js","merged_at":null,"state":"open","user":{"following_url":"https://api.github.com/users/akharazia/following{/other_user}","events_url":"https://api.github.com/users/akharazia/events{/privacy}","organizations_url":"https://api.github.com/users/akharazia/orgs","url":"https://api.github.com/users/akharazia","gists_url":"https://api.github.com/users/akharazia/gists{/gist_id}","html_url":"https://github.com/akharazia","subscriptions_url":"https://api.github.com/users/akharazia/subscriptions","avatar_url":"https://avatars.githubusercontent.com/u/422657?v=3","repos_url":"https://api.github.com/users/akharazia/repos","received_events_url":"https://api.github.com/users/akharazia/received_events","gravatar_id":"","starred_url":"https://api.github.com/users/akharazia/starred{/owner}{/repo}","site_admin":false,"login":"akharazia","type":"User","id":422657,"followers_url":"https://api.github.com/users/akharazia/followers"},"owner":"gionkunz","closed_at":null,"id":27468874}
{"_id":{"$oid":"54bcd8d6bd3543022c019b7f"},"created_at":"2015-01-19T10:13:32Z","number":155,"updated_at":"2015-01-19T10:13:32Z","repo":"chartist-js","merged_at":null,"state":"open","user":{"following_url":"https://api.github.com/users/danieldiekmeier/following{/other_user}","events_url":"https://api.github.com/users/danieldiekmeier/events{/privacy}","organizations_url":"https://api.github.com/users/danieldiekmeier/orgs","url":"https://api.github.com/users/danieldiekmeier","gists_url":"https://api.github.com/users/danieldiekmeier/gists{/gist_id}","html_url":"https://github.com/danieldiekmeier","subscriptions_url":"https://api.github.com/users/danieldiekmeier/subscriptions","avatar_url":"https://avatars.githubusercontent.com/u/2098462?v=3","repos_url":"https://api.github.com/users/danieldiekmeier/repos","received_events_url":"https://api.github.com/users/danieldiekmeier/received_events","gravatar_id":"","starred_url":"https://api.github.com/users/danieldiekmeier/starred{/owner}{/repo}","site_admin":false,"login":"danieldiekmeier","type":"User","id":2098462,"followers_url":"https://api.github.com/users/danieldiekmeier/followers"},"owner":"gionkunz","closed_at":null,"id":27596157}
{"_id":{"$oid":"54c91c08bd3543d32201ad68"},"created_at":"2015-01-28T17:27:27Z","number":168,"updated_at":"2015-01-28T17:27:27Z","repo":"chartist-js","merged_at":null,"state":"open","user":{"following_url":"https://api.github.com/users/atavistock/following{/other_user}","events_url":"https://api.github.com/users/atavistock/events{/privacy}","organizations_url":"https://api.github.com/users/atavistock/orgs","url":"https://api.github.com/users/atavistock","gists_url":"https://api.github.com/users/atavistock/gists{/gist_id}","html_url":"https://github.com/atavistock","subscriptions_url":"https://api.github.com/users/atavistock/subscriptions","avatar_url":"https://avatars.githubusercontent.com/u/22277?v=3","repos_url":"https://api.github.com/users/atavistock/repos","received_events_url":"https://api.github.com/users/atavistock/received_events","gravatar_id":"","starred_url":"https://api.github.com/users/atavistock/starred{/owner}{/repo}","site_admin":false,"login":"atavistock","type":"User","id":22277,"followers_url":"https://api.github.com/users/atavistock/followers"},"owner":"gionkunz","closed_at":null,"id":28212326}
{"_id":{"$oid":"54cac4bebd35433be9001418"},"created_at":"2015-01-29T23:39:35Z","number":170,"updated_at":"2015-01-29T23:39:35Z","repo":"chartist-js","merged_at":null,"state":"open","user":{"following_url":"https://api.github.com/users/nfriedly/following{/other_user}","events_url":"https://api.github.com/users/nfriedly/events{/privacy}","organizations_url":"https://api.github.com/users/nfriedly/orgs","url":"https://api.github.com/users/nfriedly","gists_url":"https://api.github.com/users/nfriedly/gists{/gist_id}","html_url":"https://github.com/nfriedly","subscriptions_url":"https://api.github.com/users/nfriedly/subscriptions","avatar_url":"https://avatars.githubusercontent.com/u/114976?v=3","repos_url":"https://api.github.com/users/nfriedly/repos","received_events_url":"https://api.github.com/users/nfriedly/received_events","gravatar_id":"","starred_url":"https://api.github.com/users/nfriedly/starred{/owner}{/repo}","site_admin":false,"login":"nfriedly","type":"User","id":114976,"followers_url":"https://api.github.com/users/nfriedly/followers"},"owner":"gionkunz","closed_at":null,"id":28325770}
{"_id":{"$oid":"54d033b9bd35438a0d000f4f"},"created_at":"2015-02-03T02:34:31Z","number":179,"updated_at":"2015-02-03T02:34:31Z","repo":"chartist-js","merged_at":null,"state":"open","user":{"following_url":"https://api.github.com/users/gsklee/following{/other_user}","events_url":"https://api.github.com/users/gsklee/events{/privacy}","organizations_url":"https://api.github.com/users/gsklee/orgs","url":"https://api.github.com/users/gsklee","gists_url":"https://api.github.com/users/gsklee/gists{/gist_id}","html_url":"https://github.com/gsklee","subscriptions_url":"https://api.github.com/users/gsklee/subscriptions","avatar_url":"https://avatars.githubusercontent.com/u/1006291?v=3","repos_url":"https://api.github.com/users/gsklee/repos","received_events_url":"https://api.github.com/users/gsklee/received_events","gravatar_id":"","starred_url":"https://api.github.com/users/gsklee/starred{/owner}{/repo}","site_admin":false,"login":"gsklee","type":"User","id":1006291,"followers_url":"https://api.github.com/users/gsklee/followers"},"owner":"gionkunz","closed_at":null,"id":28522185}
{"_id":{"$oid":"54d0ba10bd3543760c0022d3"},"created_at":"2015-02-03T12:07:39Z","number":180,"updated_at":"2015-02-03T12:07:39Z","repo":"chartist-js","merged_at":null,"state":"open","user":{"following_url":"https://api.github.com/users/baks/following{/other_user}","events_url":"https://api.github.com/users/baks/events{/privacy}","organizations_url":"https://api.github.com/users/baks/orgs","url":"https://api.github.com/users/baks","gists_url":"https://api.github.com/users/baks/gists{/gist_id}","html_url":"https://github.com/baks","subscriptions_url":"https://api.github.com/users/baks/subscriptions","avatar_url":"https://avatars.githubusercontent.com/u/671469?v=3","repos_url":"https://api.github.com/users/baks/repos","received_events_url":"https://api.github.com/users/baks/received_events","gravatar_id":"","starred_url":"https://api.github.com/users/baks/starred{/owner}{/repo}","site_admin":false,"login":"baks","type":"User","id":671469,"followers_url":"https://api.github.com/users/baks/followers"},"owner":"gionkunz","closed_at":null,"id":28547175}
{"_id":{"$oid":"54d3d2a2bd3543759a00b88f"},"created_at":"2015-02-05T20:29:16Z","number":185,"updated_at":"2015-02-05T20:29:16Z","repo":"chartist-js","merged_at":null,"state":"open","user":{"following_url":"https://api.github.com/users/baks/following{/other_user}","events_url":"https://api.github.com/users/baks/events{/privacy}","organizations_url":"https://api.github.com/users/baks/orgs","url":"https://api.github.com/users/baks","gists_url":"https://api.github.com/users/baks/gists{/gist_id}","html_url":"https://github.com/baks","subscriptions_url":"https://api.github.com/users/baks/subscriptions","avatar_url":"https://avatars.githubusercontent.com/u/671469?v=3","repos_url":"https://api.github.com/users/baks/repos","received_events_url":"https://api.github.com/users/baks/received_events","gravatar_id":"","starred_url":"https://api.github.com/users/baks/starred{/owner}{/repo}","site_admin":false,"login":"baks","type":"User","id":671469,"followers_url":"https://api.github.com/users/baks/followers"},"owner":"gionkunz","closed_at":null,"id":28758442}
{"_id":{"$oid":"54db6f83bd3543806e01ec12"},"created_at":"2015-02-11T15:03:57Z","number":189,"updated_at":"2015-02-11T15:03:57Z","repo":"chartist-js","merged_at":null,"state":"open","user":{"following_url":"https://api.github.com/users/rrrene/following{/other_user}","events_url":"https://api.github.com/users/rrrene/events{/privacy}","organizations_url":"https://api.github.com/users/rrrene/orgs","url":"https://api.github.com/users/rrrene","gists_url":"https://api.github.com/users/rrrene/gists{/gist_id}","html_url":"https://github.com/rrrene","subscriptions_url":"https://api.github.com/users/rrrene/subscriptions","avatar_url":"https://avatars.githubusercontent.com/u/311914?v=3","repos_url":"https://api.github.com/users/rrrene/repos","received_events_url":"https://api.github.com/users/rrrene/received_events","gravatar_id":"","starred_url":"https://api.github.com/users/rrrene/starred{/owner}{/repo}","site_admin":false,"login":"rrrene","type":"User","id":311914,"followers_url":"https://api.github.com/users/rrrene/followers"},"owner":"gionkunz","closed_at":null,"id":29097478}
{"_id":{"$oid":"54db7c39bd3543749c01e477"},"created_at":"2015-02-11T15:58:32Z","number":190,"updated_at":"2015-02-11T15:58:32Z","repo":"chartist-js","merged_at":null,"state":"open","user":{"following_url":"https://api.github.com/users/danieldiekmeier/following{/other_user}","events_url":"https://api.github.com/users/danieldiekmeier/events{/privacy}","organizations_url":"https://api.github.com/users/danieldiekmeier/orgs","url":"https://api.github.com/users/danieldiekmeier","gists_url":"https://api.github.com/users/danieldiekmeier/gists{/gist_id}","html_url":"https://github.com/danieldiekmeier","subscriptions_url":"https://api.github.com/users/danieldiekmeier/subscriptions","avatar_url":"https://avatars.githubusercontent.com/u/2098462?v=3","repos_url":"https://api.github.com/users/danieldiekmeier/repos","received_events_url":"https://api.github.com/users/danieldiekmeier/received_events","gravatar_id":"","starred_url":"https://api.github.com/users/danieldiekmeier/starred{/owner}{/repo}","site_admin":false,"login":"danieldiekmeier","type":"User","id":2098462,"followers_url":"https://api.github.com/users/danieldiekmeier/followers"},"owner":"gionkunz","closed_at":null,"id":29102488}
{"_id":{"$oid":"54e8e96dbd354367d6008305"},"created_at":"2015-02-21T20:22:57Z","number":200,"updated_at":"2015-02-21T20:22:57Z","repo":"chartist-js","merged_at":null,"state":"open","user":{"following_url":"https://api.github.com/users/jarib/following{/other_user}","events_url":"https://api.github.com/users/jarib/events{/privacy}","organizations_url":"https://api.github.com/users/jarib/orgs","url":"https://api.github.com/users/jarib","gists_url":"https://api.github.com/users/jarib/gists{/gist_id}","html_url":"https://github.com/jarib","subscriptions_url":"https://api.github.com/users/jarib/subscriptions","avatar_url":"https://avatars.githubusercontent.com/u/572?v=3","repos_url":"https://api.github.com/users/jarib/repos","received_events_url":"https://api.github.com/users/jarib/received_events","gravatar_id":"","starred_url":"https://api.github.com/users/jarib/starred{/owner}{/repo}","site_admin":false,"login":"jarib","type":"User","id":572,"followers_url":"https://api.github.com/users/jarib/followers"},"owner":"gionkunz","closed_at":null,"id":29759344}
{"_id":{"$oid":"54e925babd35436f3c006e2f"},"created_at":"2015-02-22T00:41:18Z","number":201,"updated_at":"2015-02-22T00:41:18Z","repo":"chartist-js","merged_at":null,"state":"open","user":{"following_url":"https://api.github.com/users/evansharp/following{/other_user}","events_url":"https://api.github.com/users/evansharp/events{/privacy}","organizations_url":"https://api.github.com/users/evansharp/orgs","url":"https://api.github.com/users/evansharp","gists_url":"https://api.github.com/users/evansharp/gists{/gist_id}","html_url":"https://github.com/evansharp","subscriptions_url":"https://api.github.com/users/evansharp/subscriptions","avatar_url":"https://avatars.githubusercontent.com/u/1461350?v=3","repos_url":"https://api.github.com/users/evansharp/repos","received_events_url":"https://api.github.com/users/evansharp/received_events","gravatar_id":"","starred_url":"https://api.github.com/users/evansharp/starred{/owner}{/repo}","site_admin":false,"login":"evansharp","type":"User","id":1461350,"followers_url":"https://api.github.com/users/evansharp/followers"},"owner":"gionkunz","closed_at":null,"id":29763200}
{"_id":{"$oid":"54ed2899bd3543f792001f72"},"created_at":"2015-02-25T01:42:01Z","number":204,"updated_at":"2015-02-25T01:42:01Z","repo":"chartist-js","merged_at":null,"state":"open","user":{"following_url":"https://api.github.com/users/evansharp/following{/other_user}","events_url":"https://api.github.com/users/evansharp/events{/privacy}","organizations_url":"https://api.github.com/users/evansharp/orgs","url":"https://api.github.com/users/evansharp","gists_url":"https://api.github.com/users/evansharp/gists{/gist_id}","html_url":"https://github.com/evansharp","subscriptions_url":"https://api.github.com/users/evansharp/subscriptions","avatar_url":"https://avatars.githubusercontent.com/u/1461350?v=3","repos_url":"https://api.github.com/users/evansharp/repos","received_events_url":"https://api.github.com/users/evansharp/received_events","gravatar_id":"","starred_url":"https://api.github.com/users/evansharp/starred{/owner}{/repo}","site_admin":false,"login":"evansharp","type":"User","id":1461350,"followers_url":"https://api.github.com/users/evansharp/followers"},"owner":"gionkunz","closed_at":null,"id":29954334}
{"_id":{"$oid":"54f39a47bd3543c4d8011ac7"},"created_at":"2015-03-01T23:01:19Z","number":212,"updated_at":"2015-03-01T23:01:19Z","repo":"chartist-js","merged_at":null,"state":"open","user":{"following_url":"https://api.github.com/users/gionkunz/following{/other_user}","events_url":"https://api.github.com/users/gionkunz/events{/privacy}","organizations_url":"https://api.github.com/users/gionkunz/orgs","url":"https://api.github.com/users/gionkunz","gists_url":"https://api.github.com/users/gionkunz/gists{/gist_id}","html_url":"https://github.com/gionkunz","subscriptions_url":"https://api.github.com/users/gionkunz/subscriptions","avatar_url":"https://avatars.githubusercontent.com/u/2203704?v=3","repos_url":"https://api.github.com/users/gionkunz/repos","received_events_url":"https://api.github.com/users/gionkunz/received_events","gravatar_id":"","starred_url":"https://api.github.com/users/gionkunz/starred{/owner}{/repo}","site_admin":false,"login":"gionkunz","type":"User","id":2203704,"followers_url":"https://api.github.com/users/gionkunz/followers"},"owner":"gionkunz","closed_at":null,"id":30250854}
{"_id":{"$oid":"54f975febd3543d77200c106"},"created_at":"2015-03-06T09:40:10Z","number":221,"updated_at":"2015-03-06T09:40:10Z","repo":"chartist-js","merged_at":null,"state":"open","user":{"following_url":"https://api.github.com/users/craig0990/following{/other_user}","events_url":"https://api.github.com/users/craig0990/events{/privacy}","organizations_url":"https://api.github.com/users/craig0990/orgs","url":"https://api.github.com/users/craig0990","gists_url":"https://api.github.com/users/craig0990/gists{/gist_id}","html_url":"https://github.com/craig0990","subscriptions_url":"https://api.github.com/users/craig0990/subscriptions","avatar_url":"https://avatars.githubusercontent.com/u/461897?v=3","repos_url":"https://api.github.com/users/craig0990/repos","received_events_url":"https://api.github.com/users/craig0990/received_events","gravatar_id":"","starred_url":"https://api.github.com/users/craig0990/starred{/owner}{/repo}","site_admin":false,"login":"craig0990","type":"User","id":461897,"followers_url":"https://api.github.com/users/craig0990/followers"},"owner":"gionkunz","closed_at":null,"id":30631540}
{"_id":{"$oid":"550809b6bd3543cfc9007552"},"created_at":"2015-03-17T11:01:49Z","number":239,"updated_at":"2015-03-17T11:01:49Z","repo":"chartist-js","merged_at":null,"state":"open","user":{"following_url":"https://api.github.com/users/rbose85/following{/other_user}","events_url":"https://api.github.com/users/rbose85/events{/privacy}","organizations_url":"https://api.github.com/users/rbose85/orgs","url":"https://api.github.com/users/rbose85","gists_url":"https://api.github.com/users/rbose85/gists{/gist_id}","html_url":"https://github.com/rbose85","subscriptions_url":"https://api.github.com/users/rbose85/subscriptions","avatar_url":"https://avatars.githubusercontent.com/u/2758507?v=3","repos_url":"https://api.github.com/users/rbose85/repos","received_events_url":"https://api.github.com/users/rbose85/received_events","gravatar_id":"","starred_url":"https://api.github.com/users/rbose85/starred{/owner}{/repo}","site_admin":false,"login":"rbose85","type":"User","id":2758507,"followers_url":"https://api.github.com/users/rbose85/followers"},"owner":"gionkunz","closed_at":null,"id":31324838}
{"_id":{"$oid":"552c3e17bd354361e402fd49"},"created_at":"2015-04-13T22:07:10Z","number":270,"updated_at":"2015-04-13T22:07:10Z","repo":"chartist-js","merged_at":null,"state":"open","user":{"following_url":"https://api.github.com/users/alexBaizeau/following{/other_user}","events_url":"https://api.github.com/users/alexBaizeau/events{/privacy}","organizations_url":"https://api.github.com/users/alexBaizeau/orgs","url":"https://api.github.com/users/alexBaizeau","gists_url":"https://api.github.com/users/alexBaizeau/gists{/gist_id}","html_url":"https://github.com/alexBaizeau","subscriptions_url":"https://api.github.com/users/alexBaizeau/subscriptions","avatar_url":"https://avatars.githubusercontent.com/u/1521530?v=3","repos_url":"https://api.github.com/users/alexBaizeau/repos","received_events_url":"https://api.github.com/users/alexBaizeau/received_events","gravatar_id":"","starred_url":"https://api.github.com/users/alexBaizeau/starred{/owner}{/repo}","site_admin":false,"login":"alexBaizeau","type":"User","id":1521530,"followers_url":"https://api.github.com/users/alexBaizeau/followers"},"owner":"gionkunz","closed_at":null,"id":33208584}
{"_id":{"$oid":"552cf420bd35436931033394"},"created_at":"2015-04-14T11:03:46Z","number":271,"updated_at":"2015-04-14T11:03:46Z","repo":"chartist-js","merged_at":null,"state":"open","user":{"following_url":"https://api.github.com/users/gruberb/following{/other_user}","events_url":"https://api.github.com/users/gruberb/events{/privacy}","organizations_url":"https://api.github.com/users/gruberb/orgs","url":"https://api.github.com/users/gruberb","gists_url":"https://api.github.com/users/gruberb/gists{/gist_id}","html_url":"https://github.com/gruberb","subscriptions_url":"https://api.github.com/users/gruberb/subscriptions","avatar_url":"https://avatars.githubusercontent.com/u/2135077?v=3","repos_url":"https://api.github.com/users/gruberb/repos","received_events_url":"https://api.github.com/users/gruberb/received_events","gravatar_id":"","starred_url":"https://api.github.com/users/gruberb/starred{/owner}{/repo}","site_admin":false,"login":"gruberb","type":"User","id":2135077,"followers_url":"https://api.github.com/users/gruberb/followers"},"owner":"gionkunz","closed_at":null,"id":33246811}
{"_id":{"$oid":"552ff4a5bd3543728703c670"},"created_at":"2015-04-16T17:42:58Z","number":275,"updated_at":"2015-04-16T17:42:58Z","repo":"chartist-js","merged_at":null,"state":"open","user":{"following_url":"https://api.github.com/users/Globegitter/following{/other_user}","events_url":"https://api.github.com/users/Globegitter/events{/privacy}","organizations_url":"https://api.github.com/users/Globegitter/orgs","url":"https://api.github.com/users/Globegitter","gists_url":"https://api.github.com/users/Globegitter/gists{/gist_id}","html_url":"https://github.com/Globegitter","subscriptions_url":"https://api.github.com/users/Globegitter/subscriptions","avatar_url":"https://avatars.githubusercontent.com/u/2580254?v=3","repos_url":"https://api.github.com/users/Globegitter/repos","received_events_url":"https://api.github.com/users/Globegitter/received_events","gravatar_id":"","starred_url":"https://api.github.com/users/Globegitter/starred{/owner}{/repo}","site_admin":false,"login":"Globegitter","type":"User","id":2580254,"followers_url":"https://api.github.com/users/Globegitter/followers"},"owner":"gionkunz","closed_at":null,"id":33475012}
{"_id":{"$oid":"55325a9cbd354320cf000feb"},"created_at":"2015-04-18T13:22:31Z","number":277,"updated_at":"2015-04-18T13:22:31Z","repo":"chartist-js","merged_at":null,"state":"open","user":{"following_url":"https://api.github.com/users/Globegitter/following{/other_user}","events_url":"https://api.github.com/users/Globegitter/events{/privacy}","organizations_url":"https://api.github.com/users/Globegitter/orgs","url":"https://api.github.com/users/Globegitter","gists_url":"https://api.github.com/users/Globegitter/gists{/gist_id}","html_url":"https://github.com/Globegitter","subscriptions_url":"https://api.github.com/users/Globegitter/subscriptions","avatar_url":"https://avatars.githubusercontent.com/u/2580254?v=3","repos_url":"https://api.github.com/users/Globegitter/repos","received_events_url":"https://api.github.com/users/Globegitter/received_events","gravatar_id":"","starred_url":"https://api.github.com/users/Globegitter/starred{/owner}{/repo}","site_admin":false,"login":"Globegitter","type":"User","id":2580254,"followers_url":"https://api.github.com/users/Globegitter/followers"},"owner":"gionkunz","closed_at":null,"id":33602023}
{"_id":{"$oid":"5539f0eebd3543324c003db5"},"created_at":"2015-04-24T07:29:45Z","number":284,"updated_at":"2015-04-24T07:29:45Z","repo":"chartist-js","merged_at":null,"state":"open","user":{"following_url":"https://api.github.com/users/scthi/following{/other_user}","events_url":"https://api.github.com/users/scthi/events{/privacy}","organizations_url":"https://api.github.com/users/scthi/orgs","url":"https://api.github.com/users/scthi","gists_url":"https://api.github.com/users/scthi/gists{/gist_id}","html_url":"https://github.com/scthi","subscriptions_url":"https://api.github.com/users/scthi/subscriptions","avatar_url":"https://avatars.githubusercontent.com/u/318533?v=3","repos_url":"https://api.github.com/users/scthi/repos","received_events_url":"https://api.github.com/users/scthi/received_events","gravatar_id":"","starred_url":"https://api.github.com/users/scthi/starred{/owner}{/repo}","site_admin":false,"login":"scthi","type":"User","id":318533,"followers_url":"https://api.github.com/users/scthi/followers"},"owner":"gionkunz","closed_at":null,"id":34024599}
{"_id":{"$oid":"553ba597bd354325e00086c0"},"created_at":"2015-04-25T14:32:52Z","number":288,"updated_at":"2015-04-25T14:32:52Z","repo":"chartist-js","merged_at":null,"state":"open","user":{"following_url":"https://api.github.com/users/gruberb/following{/other_user}","events_url":"https://api.github.com/users/gruberb/events{/privacy}","organizations_url":"https://api.github.com/users/gruberb/orgs","url":"https://api.github.com/users/gruberb","gists_url":"https://api.github.com/users/gruberb/gists{/gist_id}","html_url":"https://github.com/gruberb","subscriptions_url":"https://api.github.com/users/gruberb/subscriptions","avatar_url":"https://avatars.githubusercontent.com/u/2135077?v=3","repos_url":"https://api.github.com/users/gruberb/repos","received_events_url":"https://api.github.com/users/gruberb/received_events","gravatar_id":"","starred_url":"https://api.github.com/users/gruberb/starred{/owner}{/repo}","site_admin":false,"login":"gruberb","type":"User","id":2135077,"followers_url":"https://api.github.com/users/gruberb/followers"},"owner":"gionkunz","closed_at":null,"id":34107141}
{"_id":{"$oid":"553ce240bd3543394e009f1c"},"created_at":"2015-04-26T13:03:57Z","number":292,"updated_at":"2015-04-26T13:03:57Z","repo":"chartist-js","merged_at":null,"state":"open","user":{"following_url":"https://api.github.com/users/scthi/following{/other_user}","events_url":"https://api.github.com/users/scthi/events{/privacy}","organizations_url":"https://api.github.com/users/scthi/orgs","url":"https://api.github.com/users/scthi","gists_url":"https://api.github.com/users/scthi/gists{/gist_id}","html_url":"https://github.com/scthi","subscriptions_url":"https://api.github.com/users/scthi/subscriptions","avatar_url":"https://avatars.githubusercontent.com/u/318533?v=3","repos_url":"https://api.github.com/users/scthi/repos","received_events_url":"https://api.github.com/users/scthi/received_events","gravatar_id":"","starred_url":"https://api.github.com/users/scthi/starred{/owner}{/repo}","site_admin":false,"login":"scthi","type":"User","id":318533,"followers_url":"https://api.github.com/users/scthi/followers"},"owner":"gionkunz","closed_at":null,"id":34122790}
{"_id":{"$oid":"55587abfbd35430f0f0128de"},"created_at":"2015-05-17T11:25:28Z","number":320,"updated_at":"2015-05-17T11:25:28Z","repo":"chartist-js","merged_at":null,"state":"open","user":{"following_url":"https://api.github.com/users/radist2s/following{/other_user}","events_url":"https://api.github.com/users/radist2s/events{/privacy}","organizations_url":"https://api.github.com/users/radist2s/orgs","url":"https://api.github.com/users/radist2s","gists_url":"https://api.github.com/users/radist2s/gists{/gist_id}","html_url":"https://github.com/radist2s","subscriptions_url":"https://api.github.com/users/radist2s/subscriptions","avatar_url":"https://avatars.githubusercontent.com/u/725645?v=3","repos_url":"https://api.github.com/users/radist2s/repos","received_events_url":"https://api.github.com/users/radist2s/received_events","gravatar_id":"","starred_url":"https://api.github.com/users/radist2s/starred{/owner}{/repo}","site_admin":false,"login":"radist2s","type":"User","id":725645,"followers_url":"https://api.github.com/users/radist2s/followers"},"owner":"gionkunz","closed_at":null,"id":35585639}
{"_id":{"$oid":"555bfb5ebd3543fc1201dacf"},"created_at":"2015-05-20T03:11:18Z","number":325,"updated_at":"2015-05-20T03:11:18Z","repo":"chartist-js","merged_at":null,"state":"open","user":{"following_url":"https://api.github.com/users/missedtheboat/following{/other_user}","events_url":"https://api.github.com/users/missedtheboat/events{/privacy}","organizations_url":"https://api.github.com/users/missedtheboat/orgs","url":"https://api.github.com/users/missedtheboat","gists_url":"https://api.github.com/users/missedtheboat/gists{/gist_id}","html_url":"https://github.com/missedtheboat","subscriptions_url":"https://api.github.com/users/missedtheboat/subscriptions","avatar_url":"https://avatars.githubusercontent.com/u/5274697?v=3","repos_url":"https://api.github.com/users/missedtheboat/repos","received_events_url":"https://api.github.com/users/missedtheboat/received_events","gravatar_id":"","starred_url":"https://api.github.com/users/missedtheboat/starred{/owner}{/repo}","site_admin":false,"login":"missedtheboat","type":"User","id":5274697,"followers_url":"https://api.github.com/users/missedtheboat/followers"},"owner":"gionkunz","closed_at":null,"id":35794832}
{"_id":{"$oid":"55637cb9bd3543f1c200dd7f"},"created_at":"2015-05-25T19:49:04Z","number":330,"updated_at":"2015-05-25T19:49:04Z","repo":"chartist-js","merged_at":null,"state":"open","user":{"following_url":"https://api.github.com/users/cdcarson/following{/other_user}","events_url":"https://api.github.com/users/cdcarson/events{/privacy}","organizations_url":"https://api.github.com/users/cdcarson/orgs","url":"https://api.github.com/users/cdcarson","gists_url":"https://api.github.com/users/cdcarson/gists{/gist_id}","html_url":"https://github.com/cdcarson","subscriptions_url":"https://api.github.com/users/cdcarson/subscriptions","avatar_url":"https://avatars.githubusercontent.com/u/78032?v=3","repos_url":"https://api.github.com/users/cdcarson/repos","received_events_url":"https://api.github.com/users/cdcarson/received_events","gravatar_id":"","starred_url":"https://api.github.com/users/cdcarson/starred{/owner}{/repo}","site_admin":false,"login":"cdcarson","type":"User","id":78032,"followers_url":"https://api.github.com/users/cdcarson/followers"},"owner":"gionkunz","closed_at":null,"id":36155365}
{"_id":{"$oid":"55637cb9bd3543f1f700e563"},"created_at":"2015-05-25T19:49:04Z","number":330,"updated_at":"2015-05-25T19:49:04Z","repo":"chartist-js","merged_at":null,"state":"open","user":{"following_url":"https://api.github.com/users/cdcarson/following{/other_user}","events_url":"https://api.github.com/users/cdcarson/events{/privacy}","organizations_url":"https://api.github.com/users/cdcarson/orgs","url":"https://api.github.com/users/cdcarson","gists_url":"https://api.github.com/users/cdcarson/gists{/gist_id}","html_url":"https://github.com/cdcarson","subscriptions_url":"https://api.github.com/users/cdcarson/subscriptions","avatar_url":"https://avatars.githubusercontent.com/u/78032?v=3","repos_url":"https://api.github.com/users/cdcarson/repos","received_events_url":"https://api.github.com/users/cdcarson/received_events","gravatar_id":"","starred_url":"https://api.github.com/users/cdcarson/starred{/owner}{/repo}","site_admin":false,"login":"cdcarson","type":"User","id":78032,"followers_url":"https://api.github.com/users/cdcarson/followers"},"owner":"gionkunz","closed_at":null,"id":36155365}
{"_id":{"$oid":"556d8aa9bd3543b9d80113bd"},"created_at":"2015-06-02T10:51:04Z","number":336,"updated_at":"2015-06-02T10:51:04Z","repo":"chartist-js","merged_at":null,"state":"open","user":{"following_url":"https://api.github.com/users/shootaroo/following{/other_user}","events_url":"https://api.github.com/users/shootaroo/events{/privacy}","organizations_url":"https://api.github.com/users/shootaroo/orgs","url":"https://api.github.com/users/shootaroo","gists_url":"https://api.github.com/users/shootaroo/gists{/gist_id}","html_url":"https://github.com/shootaroo","subscriptions_url":"https://api.github.com/users/shootaroo/subscriptions","avatar_url":"https://avatars.githubusercontent.com/u/435105?v=3","repos_url":"https://api.github.com/users/shootaroo/repos","received_events_url":"https://api.github.com/users/shootaroo/received_events","gravatar_id":"","starred_url":"https://api.github.com/users/shootaroo/starred{/owner}{/repo}","site_admin":false,"login":"shootaroo","type":"User","id":435105,"followers_url":"https://api.github.com/users/shootaroo/followers"},"owner":"gionkunz","closed_at":null,"id":36715807}
{"_id":{"$oid":"5578bf7abd3543156d009b7c"},"created_at":"2015-06-10T22:51:01Z","number":344,"updated_at":"2015-06-10T22:51:01Z","repo":"chartist-js","merged_at":null,"state":"open","user":{"following_url":"https://api.github.com/users/kkirsche/following{/other_user}","events_url":"https://api.github.com/users/kkirsche/events{/privacy}","organizations_url":"https://api.github.com/users/kkirsche/orgs","url":"https://api.github.com/users/kkirsche","gists_url":"https://api.github.com/users/kkirsche/gists{/gist_id}","html_url":"https://github.com/kkirsche","subscriptions_url":"https://api.github.com/users/kkirsche/subscriptions","avatar_url":"https://avatars.githubusercontent.com/u/947110?v=3","repos_url":"https://api.github.com/users/kkirsche/repos","received_events_url":"https://api.github.com/users/kkirsche/received_events","gravatar_id":"","starred_url":"https://api.github.com/users/kkirsche/starred{/owner}{/repo}","site_admin":false,"login":"kkirsche","type":"User","id":947110,"followers_url":"https://api.github.com/users/kkirsche/followers"},"owner":"gionkunz","closed_at":null,"id":37413248}
{"_id":{"$oid":"557a2c1bbd3543e63900331f"},"created_at":"2015-06-12T00:46:28Z","number":348,"updated_at":"2015-06-12T00:46:28Z","repo":"chartist-js","merged_at":null,"state":"open","user":{"following_url":"https://api.github.com/users/amsardesai/following{/other_user}","events_url":"https://api.github.com/users/amsardesai/events{/privacy}","organizations_url":"https://api.github.com/users/amsardesai/orgs","url":"https://api.github.com/users/amsardesai","gists_url":"https://api.github.com/users/amsardesai/gists{/gist_id}","html_url":"https://github.com/amsardesai","subscriptions_url":"https://api.github.com/users/amsardesai/subscriptions","avatar_url":"https://avatars.githubusercontent.com/u/2029031?v=3","repos_url":"https://api.github.com/users/amsardesai/repos","received_events_url":"https://api.github.com/users/amsardesai/received_events","gravatar_id":"","starred_url":"https://api.github.com/users/amsardesai/starred{/owner}{/repo}","site_admin":false,"login":"amsardesai","type":"User","id":2029031,"followers_url":"https://api.github.com/users/amsardesai/followers"},"owner":"gionkunz","closed_at":null,"id":37523160}
{"_id":{"$oid":"55800333bd354352f9000258"},"created_at":"2015-06-16T11:05:59Z","number":352,"updated_at":"2015-06-16T11:05:59Z","repo":"chartist-js","merged_at":null,"state":"open","user":{"following_url":"https://api.github.com/users/radist2s/following{/other_user}","events_url":"https://api.github.com/users/radist2s/events{/privacy}","organizations_url":"https://api.github.com/users/radist2s/orgs","url":"https://api.github.com/users/radist2s","gists_url":"https://api.github.com/users/radist2s/gists{/gist_id}","html_url":"https://github.com/radist2s","subscriptions_url":"https://api.github.com/users/radist2s/subscriptions","avatar_url":"https://avatars.githubusercontent.com/u/725645?v=3","repos_url":"https://api.github.com/users/radist2s/repos","received_events_url":"https://api.github.com/users/radist2s/received_events","gravatar_id":"","starred_url":"https://api.github.com/users/radist2s/starred{/owner}{/repo}","site_admin":false,"login":"radist2s","type":"User","id":725645,"followers_url":"https://api.github.com/users/radist2s/followers"},"owner":"gionkunz","closed_at":null,"id":37783079}
{"_id":{"$oid":"558298e3bd3543982f00bc8c"},"created_at":"2015-06-18T10:07:59Z","number":355,"updated_at":"2015-06-18T10:07:59Z","repo":"chartist-js","merged_at":null,"state":"open","user":{"following_url":"https://api.github.com/users/skoutuk/following{/other_user}","events_url":"https://api.github.com/users/skoutuk/events{/privacy}","organizations_url":"https://api.github.com/users/skoutuk/orgs","url":"https://api.github.com/users/skoutuk","gists_url":"https://api.github.com/users/skoutuk/gists{/gist_id}","html_url":"https://github.com/skoutuk","subscriptions_url":"https://api.github.com/users/skoutuk/subscriptions","avatar_url":"https://avatars.githubusercontent.com/u/12939287?v=3","repos_url":"https://api.github.com/users/skoutuk/repos","received_events_url":"https://api.github.com/users/skoutuk/received_events","gravatar_id":"","starred_url":"https://api.github.com/users/skoutuk/starred{/owner}{/repo}","site_admin":false,"login":"skoutuk","type":"User","id":12939287,"followers_url":"https://api.github.com/users/skoutuk/followers"},"owner":"gionkunz","closed_at":null,"id":37990411}
{"_id":{"$oid":"558913aabd35437c4c004d85"},"created_at":"2015-06-22T19:30:06Z","number":361,"updated_at":"2015-06-22T19:30:07Z","repo":"chartist-js","merged_at":null,"state":"open","user":{"following_url":"https://api.github.com/users/crivas/following{/other_user}","events_url":"https://api.github.com/users/crivas/events{/privacy}","organizations_url":"https://api.github.com/users/crivas/orgs","url":"https://api.github.com/users/crivas","gists_url":"https://api.github.com/users/crivas/gists{/gist_id}","html_url":"https://github.com/crivas","subscriptions_url":"https://api.github.com/users/crivas/subscriptions","avatar_url":"https://avatars.githubusercontent.com/u/1402814?v=3","repos_url":"https://api.github.com/users/crivas/repos","received_events_url":"https://api.github.com/users/crivas/received_events","gravatar_id":"","starred_url":"https://api.github.com/users/crivas/starred{/owner}{/repo}","site_admin":false,"login":"crivas","type":"User","id":1402814,"followers_url":"https://api.github.com/users/crivas/followers"},"owner":"gionkunz","closed_at":null,"id":38267136}
{"_id":{"$oid":"558ae928bd3543efb6007c09"},"created_at":"2015-06-24T17:28:36Z","number":367,"updated_at":"2015-06-24T17:28:36Z","repo":"chartist-js","merged_at":null,"state":"open","user":{"following_url":"https://api.github.com/users/alexstanbury/following{/other_user}","events_url":"https://api.github.com/users/alexstanbury/events{/privacy}","organizations_url":"https://api.github.com/users/alexstanbury/orgs","url":"https://api.github.com/users/alexstanbury","gists_url":"https://api.github.com/users/alexstanbury/gists{/gist_id}","html_url":"https://github.com/alexstanbury","subscriptions_url":"https://api.github.com/users/alexstanbury/subscriptions","avatar_url":"https://avatars.githubusercontent.com/u/809537?v=3","repos_url":"https://api.github.com/users/alexstanbury/repos","received_events_url":"https://api.github.com/users/alexstanbury/received_events","gravatar_id":"","starred_url":"https://api.github.com/users/alexstanbury/starred{/owner}{/repo}","site_admin":false,"login":"alexstanbury","type":"User","id":809537,"followers_url":"https://api.github.com/users/alexstanbury/followers"},"owner":"gionkunz","closed_at":null,"id":38466417}
{"_id":{"$oid":"558b39f8bd3543f17b0081d5"},"created_at":"2015-06-24T23:14:54Z","number":368,"updated_at":"2015-06-24T23:14:54Z","repo":"chartist-js","merged_at":null,"state":"open","user":{"following_url":"https://api.github.com/users/anthonyjimenez/following{/other_user}","events_url":"https://api.github.com/users/anthonyjimenez/events{/privacy}","organizations_url":"https://api.github.com/users/anthonyjimenez/orgs","url":"https://api.github.com/users/anthonyjimenez","gists_url":"https://api.github.com/users/anthonyjimenez/gists{/gist_id}","html_url":"https://github.com/anthonyjimenez","subscriptions_url":"https://api.github.com/users/anthonyjimenez/subscriptions","avatar_url":"https://avatars.githubusercontent.com/u/2080075?v=3","repos_url":"https://api.github.com/users/anthonyjimenez/repos","received_events_url":"https://api.github.com/users/anthonyjimenez/received_events","gravatar_id":"","starred_url":"https://api.github.com/users/anthonyjimenez/starred{/owner}{/repo}","site_admin":false,"login":"anthonyjimenez","type":"User","id":2080075,"followers_url":"https://api.github.com/users/anthonyjimenez/followers"},"owner":"gionkunz","closed_at":null,"id":38497809}
