{"_id":{"$oid":"541f7db5bd354374fc0053e5"},"commit_id":"1c64b7d03a48d4c332780d07be222ec2a9978507","created_at":"2014-08-31T23:04:09Z","updated_at":"2014-08-31T23:09:31Z","repo":"chartist-js","user":{"login":"gionkunz","id":2203704},"owner":"gionkunz","id":16937574}
{"_id":{"$oid":"541db226bd3543071a00b297"},"commit_id":"1c64b7d03a48d4c332780d07be222ec2a9978507","created_at":"2014-08-31T23:05:28Z","updated_at":"2014-08-31T23:09:31Z","repo":"chartist-js","user":{"login":"phun","id":410858},"owner":"gionkunz","id":16937580}
{"_id":{"$oid":"541f7db5bd354374fc0053e6"},"commit_id":"1c64b7d03a48d4c332780d07be222ec2a9978507","created_at":"2014-08-31T23:10:18Z","updated_at":"2014-08-31T23:10:18Z","repo":"chartist-js","user":{"login":"phun","id":410858},"owner":"gionkunz","id":16937606}
{"_id":{"$oid":"5432e28dbd354361e5040260"},"commit_id":"8f6663a1680825b9567284cf4ef53bf453cb5b1f","created_at":"2014-10-06T18:41:34Z","updated_at":"2014-10-06T18:41:34Z","repo":"chartist-js","user":{"login":"gionkunz","id":2203704},"owner":"gionkunz","id":18476227}
{"_id":{"$oid":"5432e3a0bd35435a15039c6b"},"commit_id":"5406e3cfab1485be596c99288e84b16a4a6d0e28","created_at":"2014-10-06T18:45:20Z","updated_at":"2014-10-06T18:46:32Z","repo":"chartist-js","user":{"login":"djlimbs","id":4561661},"owner":"gionkunz","id":18476488}
{"_id":{"$oid":"548c9828bd35430a3900cd31"},"commit_id":"6414a9d519e29f21d69e570f0d1934c208c4ec66","created_at":"2014-12-13T19:48:49Z","updated_at":"2014-12-13T19:48:49Z","repo":"chartist-js","user":{"login":"gionkunz","id":2203704},"owner":"gionkunz","id":21790717}
{"_id":{"$oid":"548c9883bd35430e3300b06f"},"commit_id":"6414a9d519e29f21d69e570f0d1934c208c4ec66","created_at":"2014-12-13T19:50:22Z","updated_at":"2014-12-13T19:50:22Z","repo":"chartist-js","user":{"login":"gionkunz","id":2203704},"owner":"gionkunz","id":21790722}
{"_id":{"$oid":"548c98cebd3543151600a762"},"commit_id":"6414a9d519e29f21d69e570f0d1934c208c4ec66","created_at":"2014-12-13T19:51:32Z","updated_at":"2014-12-13T19:51:32Z","repo":"chartist-js","user":{"login":"gionkunz","id":2203704},"owner":"gionkunz","id":21790738}
{"_id":{"$oid":"548c9a1cbd3543099000b385"},"commit_id":"6414a9d519e29f21d69e570f0d1934c208c4ec66","created_at":"2014-12-13T19:57:07Z","updated_at":"2014-12-13T19:57:07Z","repo":"chartist-js","user":{"login":"gionkunz","id":2203704},"owner":"gionkunz","id":21790772}
{"_id":{"$oid":"553b4911bd3543394e00710f"},"commit_id":"d44fb4cc3457f221610750a17b7e7ea63dcb4851","created_at":"2015-04-25T07:58:02Z","updated_at":"2015-04-25T07:58:02Z","repo":"chartist-js","user":{"login":"gionkunz","id":2203704},"owner":"gionkunz","id":29098832}
{"_id":{"$oid":"553d4982bd3543242100ad73"},"commit_id":"89a48c5acaee72a79463efcc889cf46dd8787a5f","created_at":"2015-04-26T20:24:30Z","updated_at":"2015-04-26T20:24:30Z","repo":"chartist-js","user":{"login":"gionkunz","id":2203704},"owner":"gionkunz","id":29113447}
{"_id":{"$oid":"553d49c6bd354324e600aa3c"},"commit_id":"89a48c5acaee72a79463efcc889cf46dd8787a5f","created_at":"2015-04-26T20:25:36Z","updated_at":"2015-04-26T20:25:36Z","repo":"chartist-js","user":{"login":"gionkunz","id":2203704},"owner":"gionkunz","id":29113455}
{"_id":{"$oid":"5560fb39bd3543f0100091af"},"commit_id":"363608a07f901395c21e5c9f3ed1ccd475ba0e3f","created_at":"2015-05-23T22:12:05Z","updated_at":"2015-05-23T22:12:05Z","repo":"chartist-js","user":{"login":"gionkunz","id":2203704},"owner":"gionkunz","id":30948604}
{"_id":{"$oid":"5560fb98bd3543f2160088f9"},"commit_id":"363608a07f901395c21e5c9f3ed1ccd475ba0e3f","created_at":"2015-05-23T22:13:39Z","updated_at":"2015-05-23T22:13:39Z","repo":"chartist-js","user":{"login":"gionkunz","id":2203704},"owner":"gionkunz","id":30948609}
{"_id":{"$oid":"558b24a6bd3543efa500818e"},"commit_id":"55c64a30e3e5dffa963c3f9c0e787b32b41f2918","created_at":"2015-06-24T21:43:38Z","updated_at":"2015-06-24T21:43:38Z","repo":"chartist-js","user":{"login":"gionkunz","id":2203704},"owner":"gionkunz","id":33200437}
{"_id":{"$oid":"558b2526bd3543f0b600896d"},"commit_id":"55c64a30e3e5dffa963c3f9c0e787b32b41f2918","created_at":"2015-06-24T21:45:40Z","updated_at":"2015-06-24T21:45:40Z","repo":"chartist-js","user":{"login":"gionkunz","id":2203704},"owner":"gionkunz","id":33200638}
{"_id":{"$oid":"558aebbcbd3543ed15008394"},"commit_id":"9106a1aaa50b58e514299d31588520c2a4ce430a","created_at":"2015-06-24T17:40:44Z","updated_at":"2015-06-24T17:40:44Z","repo":"chartist-js","user":{"login":"gionkunz","id":2203704},"owner":"gionkunz","id":33174098}
