{"_id":{"$oid":"541f7720bd354374e4004361"},"repo":"chartist-js","owner":"gionkunz","name":"bug"}
{"_id":{"$oid":"541f7721bd354374e4004362"},"repo":"chartist-js","owner":"gionkunz","name":"duplicate"}
{"_id":{"$oid":"541f7721bd354374e4004363"},"repo":"chartist-js","owner":"gionkunz","name":"enhancement"}
{"_id":{"$oid":"541f92d0bd35437522005728"},"repo":"chartist-js","owner":"gionkunz","name":"invalid"}
{"_id":{"$oid":"541f92d0bd35437522005729"},"repo":"chartist-js","owner":"gionkunz","name":"question"}
{"_id":{"$oid":"54274943bd3543677803407a"},"repo":"chartist-js","owner":"gionkunz","name":"wontfix"}
{"_id":{"$oid":"553d0be7bd3543232900a88a"},"repo":"chartist-js","owner":"gionkunz","name":"documentation"}
{"_id":{"$oid":"553d0be7bd3543232900a88b"},"repo":"chartist-js","owner":"gionkunz","name":"plugins"}
{"_id":{"$oid":"554fb7f0bd3543d37e002a83"},"repo":"chartist-js","owner":"gionkunz","name":"complex"}
{"_id":{"$oid":"554fb7f0bd3543d37e002a84"},"repo":"chartist-js","owner":"gionkunz","name":"awaiting response"}
