{"_id":{"$oid":"53eb2b8fbd3543a43402040d"},"created_at":"2014-06-27T06:09:05Z","updated_at":"2014-08-13T09:10:30Z","repo":"chartist-js","state":"closed","user":{"login":"ivester","id":4711851},"owner":"gionkunz","closed_at":"2014-08-13T09:10:30Z","id":36638360}
{"_id":{"$oid":"541f771dbd354374e4004356"},"created_at":"2014-08-29T12:07:27Z","updated_at":"2014-09-12T20:53:37Z","repo":"chartist-js","state":"open","user":{"login":"JamieKnight","id":370619},"owner":"gionkunz","closed_at":null,"id":41494225}
{"_id":{"$oid":"541f771dbd354374e4004355"},"created_at":"2014-08-29T12:46:33Z","updated_at":"2014-09-17T20:22:29Z","repo":"chartist-js","state":"open","user":{"login":"luisrudge","id":941075},"owner":"gionkunz","closed_at":null,"id":41496749}
{"_id":{"$oid":"541f92cebd35437522005721"},"created_at":"2014-08-29T18:08:10Z","updated_at":"2014-09-10T14:31:19Z","repo":"chartist-js","state":"closed","user":{"login":"herkyl","id":714950},"owner":"gionkunz","closed_at":"2014-08-29T20:17:18Z","id":41525808}
{"_id":{"$oid":"541f92cebd35437522005720"},"created_at":"2014-08-29T20:02:24Z","updated_at":"2014-08-31T22:47:18Z","repo":"chartist-js","state":"closed","user":{"login":"paradox41","id":2791730},"owner":"gionkunz","closed_at":"2014-08-31T22:47:18Z","id":41534853}
{"_id":{"$oid":"541f92cebd3543752200571f"},"created_at":"2014-08-30T01:48:12Z","updated_at":"2014-08-31T22:50:12Z","repo":"chartist-js","state":"closed","user":{"login":"aligajani","id":1730778},"owner":"gionkunz","closed_at":"2014-08-31T22:50:12Z","id":41552235}
{"_id":{"$oid":"541f771dbd354374e4004354"},"created_at":"2014-08-30T11:49:57Z","updated_at":"2014-09-04T23:14:16Z","repo":"chartist-js","state":"open","user":{"login":"Emasoft","id":713559},"owner":"gionkunz","closed_at":null,"id":41561776}
{"_id":{"$oid":"541f771dbd354374e4004353"},"created_at":"2014-08-30T18:44:40Z","updated_at":"2014-09-14T22:03:11Z","repo":"chartist-js","state":"open","user":{"login":"gionkunz","id":2203704},"owner":"gionkunz","closed_at":null,"id":41569189}
{"_id":{"$oid":"541f92cebd3543752200571e"},"created_at":"2014-08-30T18:48:08Z","updated_at":"2014-09-15T22:05:54Z","repo":"chartist-js","state":"closed","user":{"login":"gionkunz","id":2203704},"owner":"gionkunz","closed_at":"2014-09-15T22:05:54Z","id":41569259}
{"_id":{"$oid":"541f771dbd354374e4004352"},"created_at":"2014-08-30T18:52:20Z","updated_at":"2014-08-30T18:56:56Z","repo":"chartist-js","state":"open","user":{"login":"gionkunz","id":2203704},"owner":"gionkunz","closed_at":null,"id":41569329}
{"_id":{"$oid":"541f92cebd3543752200571d"},"created_at":"2014-08-30T18:53:53Z","updated_at":"2014-09-10T14:43:37Z","repo":"chartist-js","state":"closed","user":{"login":"gionkunz","id":2203704},"owner":"gionkunz","closed_at":"2014-09-10T14:43:37Z","id":41569370}
{"_id":{"$oid":"541f92cebd3543752200571c"},"created_at":"2014-08-30T21:52:48Z","updated_at":"2014-08-31T22:49:34Z","repo":"chartist-js","state":"closed","user":{"login":"paradox41","id":2791730},"owner":"gionkunz","closed_at":"2014-08-31T22:00:39Z","id":41572687}
{"_id":{"$oid":"541f92cebd3543752200571b"},"created_at":"2014-08-31T22:49:04Z","updated_at":"2014-09-15T22:04:27Z","repo":"chartist-js","state":"closed","user":{"login":"gionkunz","id":2203704},"owner":"gionkunz","closed_at":"2014-09-15T22:04:27Z","id":41598114}
{"_id":{"$oid":"541f92cebd3543752200571a"},"created_at":"2014-08-31T22:56:58Z","updated_at":"2014-09-01T16:18:04Z","repo":"chartist-js","state":"closed","user":{"login":"phun","id":410858},"owner":"gionkunz","closed_at":"2014-08-31T23:13:37Z","id":41598238}
{"_id":{"$oid":"541f92cebd35437522005719"},"created_at":"2014-09-01T03:55:53Z","updated_at":"2014-09-01T08:24:29Z","repo":"chartist-js","state":"closed","user":{"login":"mccombs","id":454117},"owner":"gionkunz","closed_at":"2014-09-01T08:24:29Z","id":41605274}
{"_id":{"$oid":"541f92cebd35437522005718"},"created_at":"2014-09-01T05:10:01Z","updated_at":"2014-09-02T09:13:47Z","repo":"chartist-js","state":"closed","user":{"login":"phun","id":410858},"owner":"gionkunz","closed_at":"2014-09-01T08:19:40Z","id":41607140}
{"_id":{"$oid":"541f771dbd354374e4004351"},"created_at":"2014-09-01T09:02:11Z","updated_at":"2014-09-01T09:58:49Z","repo":"chartist-js","state":"open","user":{"login":"denisvolokh","id":261410},"owner":"gionkunz","closed_at":null,"id":41619619}
{"_id":{"$oid":"541f771dbd354374e4004350"},"created_at":"2014-09-01T12:29:40Z","updated_at":"2014-09-01T14:28:10Z","repo":"chartist-js","state":"open","user":{"login":"brenwell","id":802618},"owner":"gionkunz","closed_at":null,"id":41633326}
{"_id":{"$oid":"541f92cebd35437522005717"},"created_at":"2014-09-01T20:12:26Z","updated_at":"2014-09-02T17:59:28Z","repo":"chartist-js","state":"closed","user":{"login":"JamieKnight","id":370619},"owner":"gionkunz","closed_at":"2014-09-02T17:59:28Z","id":41659770}
{"_id":{"$oid":"541f92cebd35437522005716"},"created_at":"2014-09-02T07:59:20Z","updated_at":"2014-09-02T11:44:43Z","repo":"chartist-js","state":"closed","user":{"login":"RiZKiT","id":600083},"owner":"gionkunz","closed_at":"2014-09-02T11:44:43Z","id":41683929}
{"_id":{"$oid":"541f92cebd35437522005715"},"created_at":"2014-09-02T14:54:29Z","updated_at":"2014-09-11T05:37:11Z","repo":"chartist-js","state":"closed","user":{"login":"mukiwu","id":3794103},"owner":"gionkunz","closed_at":"2014-09-06T03:31:12Z","id":41717867}
{"_id":{"$oid":"541f92cebd35437522005714"},"created_at":"2014-09-02T15:35:39Z","updated_at":"2014-09-02T16:25:58Z","repo":"chartist-js","state":"closed","user":{"login":"CalebKester","id":1319995},"owner":"gionkunz","closed_at":"2014-09-02T16:25:58Z","id":41722650}
{"_id":{"$oid":"541f771dbd354374e400434f"},"created_at":"2014-09-02T16:29:23Z","updated_at":"2014-09-02T16:29:23Z","repo":"chartist-js","state":"open","user":{"login":"gionkunz","id":2203704},"owner":"gionkunz","closed_at":null,"id":41728374}
{"_id":{"$oid":"541f92cebd35437522005713"},"created_at":"2014-09-02T17:02:09Z","updated_at":"2014-09-02T18:11:46Z","repo":"chartist-js","state":"closed","user":{"login":"JamieKnight","id":370619},"owner":"gionkunz","closed_at":"2014-09-02T17:57:55Z","id":41731473}
{"_id":{"$oid":"541f771dbd354374e400434e"},"created_at":"2014-09-02T22:06:46Z","updated_at":"2014-09-15T22:08:59Z","repo":"chartist-js","state":"open","user":{"login":"dsbudiac","id":2228122},"owner":"gionkunz","closed_at":null,"id":41760514}
{"_id":{"$oid":"541f771dbd354374e400434d"},"created_at":"2014-09-02T23:41:21Z","updated_at":"2014-09-03T10:53:19Z","repo":"chartist-js","state":"open","user":{"login":"dsbudiac","id":2228122},"owner":"gionkunz","closed_at":null,"id":41767751}
{"_id":{"$oid":"541f771dbd354374e400434c"},"created_at":"2014-09-03T20:48:29Z","updated_at":"2014-09-09T19:04:39Z","repo":"chartist-js","state":"open","user":{"login":"dsbudiac","id":2228122},"owner":"gionkunz","closed_at":null,"id":41866178}
{"_id":{"$oid":"541f92cebd35437522005712"},"created_at":"2014-09-04T07:19:20Z","updated_at":"2014-09-04T13:32:05Z","repo":"chartist-js","state":"closed","user":{"login":"tooltonix","id":6328598},"owner":"gionkunz","closed_at":"2014-09-04T13:31:54Z","id":41903030}
{"_id":{"$oid":"541f92cebd35437522005711"},"created_at":"2014-09-05T18:44:55Z","updated_at":"2014-09-05T19:12:46Z","repo":"chartist-js","state":"closed","user":{"login":"mccombs","id":454117},"owner":"gionkunz","closed_at":"2014-09-05T19:12:46Z","id":42077046}
{"_id":{"$oid":"541f92cebd35437522005710"},"created_at":"2014-09-09T08:45:35Z","updated_at":"2014-09-10T16:10:40Z","repo":"chartist-js","state":"closed","user":{"login":"dominicrico","id":6437833},"owner":"gionkunz","closed_at":"2014-09-10T01:04:48Z","id":42283638}
{"_id":{"$oid":"541f92cebd3543752200570f"},"created_at":"2014-09-09T18:39:47Z","updated_at":"2014-09-09T22:41:50Z","repo":"chartist-js","state":"closed","user":{"login":"CalebKester","id":1319995},"owner":"gionkunz","closed_at":"2014-09-09T22:41:50Z","id":42337219}
{"_id":{"$oid":"541f92cebd3543752200570e"},"created_at":"2014-09-09T21:22:52Z","updated_at":"2014-09-10T14:56:00Z","repo":"chartist-js","state":"closed","user":{"login":"vlasvlasvlas","id":4071796},"owner":"gionkunz","closed_at":"2014-09-10T10:49:13Z","id":42353258}
{"_id":{"$oid":"541f92cebd3543752200570d"},"created_at":"2014-09-09T22:06:42Z","updated_at":"2014-09-09T22:49:14Z","repo":"chartist-js","state":"closed","user":{"login":"CalebKester","id":1319995},"owner":"gionkunz","closed_at":"2014-09-09T22:49:14Z","id":42357070}
{"_id":{"$oid":"541f92cebd3543752200570c"},"created_at":"2014-09-10T19:29:22Z","updated_at":"2014-09-15T20:29:08Z","repo":"chartist-js","state":"closed","user":{"login":"JamieKnight","id":370619},"owner":"gionkunz","closed_at":"2014-09-15T20:29:08Z","id":42450791}
{"_id":{"$oid":"541f92cebd3543752200570b"},"created_at":"2014-09-11T22:28:46Z","updated_at":"2014-09-12T11:56:19Z","repo":"chartist-js","state":"closed","user":{"login":"leonardofaria","id":13719},"owner":"gionkunz","closed_at":"2014-09-12T11:56:19Z","id":42578264}
{"_id":{"$oid":"541f771dbd354374e400434b"},"created_at":"2014-09-12T13:20:41Z","updated_at":"2014-09-12T20:54:13Z","repo":"chartist-js","state":"open","user":{"login":"paradox41","id":2791730},"owner":"gionkunz","closed_at":null,"id":42628158}
{"_id":{"$oid":"541f771dbd354374e400434a"},"created_at":"2014-09-12T20:20:14Z","updated_at":"2014-09-12T21:18:28Z","repo":"chartist-js","state":"open","user":{"login":"danreed121","id":6267025},"owner":"gionkunz","closed_at":null,"id":42666700}
{"_id":{"$oid":"541f92cebd3543752200570a"},"created_at":"2014-09-13T10:52:19Z","updated_at":"2014-09-15T22:05:54Z","repo":"chartist-js","state":"closed","user":{"login":"ivester","id":4711851},"owner":"gionkunz","closed_at":"2014-09-13T20:13:40Z","id":42692838}
{"_id":{"$oid":"541f771dbd354374e4004349"},"created_at":"2014-09-14T12:37:33Z","updated_at":"2014-09-17T21:11:43Z","repo":"chartist-js","state":"open","user":{"login":"valotas","id":26611},"owner":"gionkunz","closed_at":null,"id":42719647}
{"_id":{"$oid":"541f92cebd35437522005709"},"created_at":"2014-09-15T08:34:08Z","updated_at":"2014-09-15T15:50:29Z","repo":"chartist-js","state":"closed","user":{"login":"SimonTernoir","id":6035199},"owner":"gionkunz","closed_at":"2014-09-15T15:44:50Z","id":42750803}
{"_id":{"$oid":"541f92cebd35437522005708"},"created_at":"2014-09-15T10:21:46Z","updated_at":"2014-09-15T15:50:02Z","repo":"chartist-js","state":"closed","user":{"login":"Goodzilla","id":7628963},"owner":"gionkunz","closed_at":"2014-09-15T15:44:49Z","id":42758373}
{"_id":{"$oid":"541f92cebd35437522005707"},"created_at":"2014-09-15T20:17:45Z","updated_at":"2014-09-15T21:07:25Z","repo":"chartist-js","state":"closed","user":{"login":"JamieKnight","id":370619},"owner":"gionkunz","closed_at":"2014-09-15T21:07:17Z","id":42814125}
{"_id":{"$oid":"541f771dbd354374e4004348"},"created_at":"2014-09-17T10:22:03Z","updated_at":"2014-09-17T21:39:29Z","repo":"chartist-js","state":"open","user":{"login":"SimonTernoir","id":6035199},"owner":"gionkunz","closed_at":null,"id":42992719}
{"_id":{"$oid":"541f92cebd35437522005706"},"created_at":"2014-09-18T07:37:59Z","updated_at":"2014-09-18T22:41:38Z","repo":"chartist-js","state":"closed","user":{"login":"Apoorv02","id":7125093},"owner":"gionkunz","closed_at":"2014-09-18T22:41:38Z","id":43104067}
{"_id":{"$oid":"541f771dbd354374e4004347"},"created_at":"2014-09-18T21:03:34Z","updated_at":"2014-09-18T22:41:48Z","repo":"chartist-js","state":"open","user":{"login":"paradox41","id":2791730},"owner":"gionkunz","closed_at":null,"id":43178610}
{"_id":{"$oid":"541f92cebd35437522005705"},"created_at":"2014-09-19T04:37:07Z","updated_at":"2014-09-19T12:09:41Z","repo":"chartist-js","state":"closed","user":{"login":"gregerg","id":1521261},"owner":"gionkunz","closed_at":"2014-09-19T12:09:41Z","id":43203578}
{"_id":{"$oid":"541f92cebd35437522005704"},"created_at":"2014-09-19T18:04:01Z","updated_at":"2014-09-20T08:03:22Z","repo":"chartist-js","state":"closed","user":{"login":"Seishin","id":324076},"owner":"gionkunz","closed_at":"2014-09-20T08:03:22Z","id":43265700}
{"_id":{"$oid":"541f92cebd35437522005703"},"created_at":"2014-09-20T12:11:46Z","updated_at":"2014-09-20T14:22:35Z","repo":"chartist-js","state":"closed","user":{"login":"bobbyshaw","id":553566},"owner":"gionkunz","closed_at":"2014-09-20T14:22:22Z","id":43308976}
{"_id":{"$oid":"541f771dbd354374e4004346"},"created_at":"2014-09-21T03:18:01Z","updated_at":"2014-09-22T00:34:11Z","repo":"chartist-js","state":"open","user":{"login":"reergymerej","id":1720010},"owner":"gionkunz","closed_at":null,"id":43325508}
{"_id":{"$oid":"541f771dbd354374e4004345"},"created_at":"2014-09-21T15:03:14Z","updated_at":"2014-09-21T15:03:14Z","repo":"chartist-js","state":"open","user":{"login":"valotas","id":26611},"owner":"gionkunz","closed_at":null,"id":43337068}
{"_id":{"$oid":"541f771dbd354374e4004344"},"created_at":"2014-09-21T22:16:06Z","updated_at":"2014-09-21T22:30:38Z","repo":"chartist-js","state":"open","user":{"login":"valotas","id":26611},"owner":"gionkunz","closed_at":null,"id":43347391}
{"_id":{"$oid":"541f92cebd35437522005702"},"created_at":"2014-09-21T22:24:09Z","updated_at":"2014-09-21T22:33:43Z","repo":"chartist-js","state":"closed","user":{"login":"valotas","id":26611},"owner":"gionkunz","closed_at":"2014-09-21T22:33:43Z","id":43347557}
{"_id":{"$oid":"54291a73bd3543679003b95b"},"created_at":"2014-09-23T11:43:51Z","updated_at":"2014-09-23T11:48:39Z","repo":"chartist-js","state":"closed","user":{"login":"LeoIannacone","id":1774748},"owner":"gionkunz","closed_at":"2014-09-23T11:48:29Z","id":43619169}
{"_id":{"$oid":"54291a73bd3543679003b95a"},"created_at":"2014-09-26T13:58:15Z","updated_at":"2014-09-26T15:02:36Z","repo":"chartist-js","state":"closed","user":{"login":"callumacrae","id":472830},"owner":"gionkunz","closed_at":"2014-09-26T14:53:52Z","id":44064439}
{"_id":{"$oid":"54291a71bd3543679003b959"},"created_at":"2014-09-29T08:28:49Z","updated_at":"2014-09-29T08:28:49Z","repo":"chartist-js","state":"open","user":{"login":"SekibOmazic","id":3735902},"owner":"gionkunz","closed_at":null,"id":44268937}
{"_id":{"$oid":"542cd8d8bd35435db700c417"},"created_at":"2014-09-29T21:40:52Z","updated_at":"2014-10-01T15:43:48Z","repo":"chartist-js","state":"open","user":{"login":"jakefleming","id":1312074},"owner":"gionkunz","closed_at":null,"id":44360569}
{"_id":{"$oid":"542f5f9cbd35435a090193b0"},"created_at":"2014-09-29T23:45:55Z","updated_at":"2014-09-30T21:25:32Z","repo":"chartist-js","state":"closed","user":{"login":"jonsadka","id":6504944},"owner":"gionkunz","closed_at":"2014-09-30T21:25:32Z","id":44371123}
{"_id":{"$oid":"542e0c97bd354364c301a3be"},"created_at":"2014-10-02T15:18:20Z","updated_at":"2014-10-02T15:18:20Z","repo":"chartist-js","state":"open","user":{"login":"RVMendoza","id":4342363},"owner":"gionkunz","closed_at":null,"id":44699263}
{"_id":{"$oid":"54318d4abd35435a2f02c5dc"},"created_at":"2014-10-05T16:34:24Z","updated_at":"2014-10-05T18:24:45Z","repo":"chartist-js","state":"closed","user":{"login":"chmac","id":690997},"owner":"gionkunz","closed_at":"2014-10-05T18:24:45Z","id":44921003}
{"_id":{"$oid":"5431ac7dbd35435a86031ea1"},"created_at":"2014-10-05T20:38:49Z","updated_at":"2014-10-05T20:38:49Z","repo":"chartist-js","state":"open","user":{"login":"sanjay","id":20825},"owner":"gionkunz","closed_at":null,"id":44928264}
{"_id":{"$oid":"54340459bd35435a5506c3b0"},"created_at":"2014-10-06T18:19:02Z","updated_at":"2014-10-07T15:18:25Z","repo":"chartist-js","state":"closed","user":{"login":"djlimbs","id":4561661},"owner":"gionkunz","closed_at":"2014-10-07T15:18:25Z","id":45016709}
{"_id":{"$oid":"54338c2abd35435a550661be"},"created_at":"2014-10-07T05:33:32Z","updated_at":"2014-10-07T06:45:48Z","repo":"chartist-js","state":"open","user":{"login":"una","id":1693164},"owner":"gionkunz","closed_at":null,"id":45069842}
{"_id":{"$oid":"54368f03bd3543f91f00b82d"},"created_at":"2014-10-09T13:34:18Z","updated_at":"2014-10-09T13:34:18Z","repo":"chartist-js","state":"open","user":{"login":"alejoar","id":6714697},"owner":"gionkunz","closed_at":null,"id":45366422}
{"_id":{"$oid":"5437e0aebd3543a0bc008c00"},"created_at":"2014-10-10T13:33:38Z","updated_at":"2014-10-10T13:33:38Z","repo":"chartist-js","state":"open","user":{"login":"VinSpee","id":582828},"owner":"gionkunz","closed_at":null,"id":45480712}
{"_id":{"$oid":"543bd03abd35439fc901960d"},"created_at":"2014-10-12T14:53:21Z","updated_at":"2014-10-13T13:14:22Z","repo":"chartist-js","state":"open","user":{"login":"kevincaradant","id":6093175},"owner":"gionkunz","closed_at":null,"id":45582120}
{"_id":{"$oid":"543bfdf3bd3543a17301b5a1"},"created_at":"2014-10-13T14:06:46Z","updated_at":"2014-10-13T16:29:32Z","repo":"chartist-js","state":"open","user":{"login":"benseven","id":1707147},"owner":"gionkunz","closed_at":null,"id":45645710}
{"_id":{"$oid":"543c3c67bd3543a01101a4eb"},"created_at":"2014-10-13T20:56:04Z","updated_at":"2014-10-13T20:56:04Z","repo":"chartist-js","state":"open","user":{"login":"gionkunz","id":2203704},"owner":"gionkunz","closed_at":null,"id":45685113}
{"_id":{"$oid":"544024b8bd3543a26602878c"},"created_at":"2014-10-16T17:51:59Z","updated_at":"2014-10-16T20:04:05Z","repo":"chartist-js","state":"open","user":{"login":"paradox41","id":2791730},"owner":"gionkunz","closed_at":null,"id":46015351}
{"_id":{"$oid":"544055fabd3543a143027131"},"created_at":"2014-10-16T20:49:19Z","updated_at":"2014-10-16T23:34:14Z","repo":"chartist-js","state":"open","user":{"login":"paradox41","id":2791730},"owner":"gionkunz","closed_at":null,"id":46033928}
{"_id":{"$oid":"5441a98cbd3543a06102b0e6"},"created_at":"2014-10-17T15:38:51Z","updated_at":"2014-10-17T23:43:00Z","repo":"chartist-js","state":"closed","user":{"login":"paradox41","id":2791730},"owner":"gionkunz","closed_at":"2014-10-17T22:57:24Z","id":46112978}
{"_id":{"$oid":"5441a255bd3543a1e8032ce1"},"created_at":"2014-10-17T15:50:23Z","updated_at":"2014-10-17T23:12:18Z","repo":"chartist-js","state":"open","user":{"login":"ledjdm","id":2325978},"owner":"gionkunz","closed_at":null,"id":46114249}
{"_id":{"$oid":"5441e0aebd3543a01102a9ae"},"created_at":"2014-10-18T03:38:18Z","updated_at":"2014-10-18T03:38:18Z","repo":"chartist-js","state":"open","user":{"login":"BernieGraham","id":549036},"owner":"gionkunz","closed_at":null,"id":46161831}
{"_id":{"$oid":"54422a20bd3543a0bc02dbd7"},"created_at":"2014-10-18T08:51:37Z","updated_at":"2014-10-18T08:51:37Z","repo":"chartist-js","state":"open","user":{"login":"gionkunz","id":2203704},"owner":"gionkunz","closed_at":null,"id":46168183}
{"_id":{"$oid":"5446764cbd3543a04703a66a"},"created_at":"2014-10-21T15:05:44Z","updated_at":"2014-10-21T15:05:44Z","repo":"chartist-js","state":"open","user":{"login":"luisrudge","id":941075},"owner":"gionkunz","closed_at":null,"id":46404527}
{"_id":{"$oid":"544b85bbbd35439fef06088c"},"created_at":"2014-10-24T15:24:52Z","updated_at":"2014-10-25T11:12:56Z","repo":"chartist-js","state":"open","user":{"login":"SteveEdson","id":1201960},"owner":"gionkunz","closed_at":null,"id":46750228}
{"_id":{"$oid":"54557adfbd3543e38d009d62"},"created_at":"2014-11-02T00:29:17Z","updated_at":"2014-11-02T00:29:17Z","repo":"chartist-js","state":"open","user":{"login":"olivierlesnicki","id":1705944},"owner":"gionkunz","closed_at":null,"id":47522488}
{"_id":{"$oid":"545b5415bd3543e4cf01e9f0"},"created_at":"2014-11-06T10:47:36Z","updated_at":"2014-11-06T10:56:38Z","repo":"chartist-js","state":"closed","user":{"login":"faizans","id":975960},"owner":"gionkunz","closed_at":"2014-11-06T10:56:38Z","id":47948125}
{"_id":{"$oid":"54618afebd3543170100248c"},"created_at":"2014-11-07T13:45:14Z","updated_at":"2014-11-10T20:38:34Z","repo":"chartist-js","state":"open","user":{"login":"benelang","id":6049049},"owner":"gionkunz","closed_at":null,"id":48083076}
{"_id":{"$oid":"54615c50bd35431688001582"},"created_at":"2014-11-10T19:15:36Z","updated_at":"2014-11-10T21:50:16Z","repo":"chartist-js","state":"open","user":{"login":"jordanwade","id":2528817},"owner":"gionkunz","closed_at":null,"id":48301972}
{"_id":{"$oid":"54615c50bd35431688001581"},"created_at":"2014-11-10T22:41:09Z","updated_at":"2014-11-10T22:42:17Z","repo":"chartist-js","state":"open","user":{"login":"drewbarontini","id":30208},"owner":"gionkunz","closed_at":null,"id":48324034}
{"_id":{"$oid":"5464bce5bd3543c01a0004a4"},"created_at":"2014-11-13T14:14:52Z","updated_at":"2014-11-13T14:14:52Z","repo":"chartist-js","state":"open","user":{"login":"bobhuf","id":4223412},"owner":"gionkunz","closed_at":null,"id":48640143}
{"_id":{"$oid":"54710822bd3543c214021522"},"created_at":"2014-11-17T18:09:13Z","updated_at":"2014-11-22T20:16:10Z","repo":"chartist-js","state":"open","user":{"login":"solutionportal121","id":5003051},"owner":"gionkunz","closed_at":null,"id":49124726}
{"_id":{"$oid":"546a3ac9bd3543c19300ff60"},"created_at":"2014-11-17T18:13:24Z","updated_at":"2014-11-17T18:13:24Z","repo":"chartist-js","state":"open","user":{"login":"solutionportal121","id":5003051},"owner":"gionkunz","closed_at":null,"id":49125180}
{"_id":{"$oid":"546e1005bd3543c20b01aabf"},"created_at":"2014-11-20T15:22:03Z","updated_at":"2014-11-20T15:34:54Z","repo":"chartist-js","state":"open","user":{"login":"stevenliemberg","id":6818158},"owner":"gionkunz","closed_at":null,"id":49565839}
{"_id":{"$oid":"5470eac7bd3543c1b4026b0a"},"created_at":"2014-11-21T11:18:56Z","updated_at":"2014-11-22T18:48:16Z","repo":"chartist-js","state":"open","user":{"login":"Autarc","id":1060490},"owner":"gionkunz","closed_at":null,"id":49685271}
{"_id":{"$oid":"546f3fcebd3543c0d801dac0"},"created_at":"2014-11-21T13:35:50Z","updated_at":"2014-11-21T13:35:50Z","repo":"chartist-js","state":"open","user":{"login":"Autarc","id":1060490},"owner":"gionkunz","closed_at":null,"id":49696571}
{"_id":{"$oid":"5471adf0bd3543c01a022abd"},"created_at":"2014-11-23T09:50:13Z","updated_at":"2014-11-23T09:50:13Z","repo":"chartist-js","state":"open","user":{"login":"Autarc","id":1060490},"owner":"gionkunz","closed_at":null,"id":49820102}
{"_id":{"$oid":"547448e2bd3543c1c602803b"},"created_at":"2014-11-25T09:00:27Z","updated_at":"2014-11-25T09:15:52Z","repo":"chartist-js","state":"open","user":{"login":"Autarc","id":1060490},"owner":"gionkunz","closed_at":null,"id":49991061}
{"_id":{"$oid":"54749f7abd3543c14502977c"},"created_at":"2014-11-25T15:22:39Z","updated_at":"2014-11-25T15:22:39Z","repo":"chartist-js","state":"open","user":{"login":"gionkunz","id":2203704},"owner":"gionkunz","closed_at":null,"id":50040085}
{"_id":{"$oid":"5474cdd1bd3543c04c02d808"},"created_at":"2014-11-25T18:42:39Z","updated_at":"2014-11-25T18:42:39Z","repo":"chartist-js","state":"open","user":{"login":"gionkunz","id":2203704},"owner":"gionkunz","closed_at":null,"id":50067426}
{"_id":{"$oid":"5475cde3bd3543c1a503024f"},"created_at":"2014-11-26T12:37:24Z","updated_at":"2014-11-26T12:37:24Z","repo":"chartist-js","state":"open","user":{"login":"danieldiekmeier","id":2098462},"owner":"gionkunz","closed_at":null,"id":50163425}
{"_id":{"$oid":"5475efecbd3543c1d20306cf"},"created_at":"2014-11-26T13:58:33Z","updated_at":"2014-11-26T14:13:47Z","repo":"chartist-js","state":"closed","user":{"login":"danieldiekmeier","id":2098462},"owner":"gionkunz","closed_at":"2014-11-26T14:13:47Z","id":50178103}
{"_id":{"$oid":"54771fc2bd3543c1c602e245"},"created_at":"2014-11-27T11:57:07Z","updated_at":"2014-11-27T12:57:33Z","repo":"chartist-js","state":"closed","user":{"login":"riccardo-forina","id":966316},"owner":"gionkunz","closed_at":"2014-11-27T12:57:33Z","id":50283792}
{"_id":{"$oid":"5477308cbd3543c1a5032f14"},"created_at":"2014-11-27T14:07:03Z","updated_at":"2014-11-27T14:07:03Z","repo":"chartist-js","state":"open","user":{"login":"pavlos256","id":311595},"owner":"gionkunz","closed_at":null,"id":50294853}
{"_id":{"$oid":"54789d3dbd354317d4000512"},"created_at":"2014-11-28T09:33:23Z","updated_at":"2014-11-28T14:01:27Z","repo":"chartist-js","state":"open","user":{"login":"Azd325","id":426541},"owner":"gionkunz","closed_at":null,"id":50355978}
{"_id":{"$oid":"54794cc7bd354316b8001394"},"created_at":"2014-11-28T20:36:23Z","updated_at":"2014-11-28T21:12:31Z","repo":"chartist-js","state":"closed","user":{"login":"ArthurZ","id":701808},"owner":"gionkunz","closed_at":"2014-11-28T21:12:31Z","id":50402045}
{"_id":{"$oid":"547caafdbd354316440062e1"},"created_at":"2014-12-01T17:49:27Z","updated_at":"2014-12-01T17:49:53Z","repo":"chartist-js","state":"open","user":{"login":"nicmendoza","id":5489626},"owner":"gionkunz","closed_at":null,"id":50553078}
{"_id":{"$oid":"547db296bd3543166c008f94"},"created_at":"2014-12-02T12:37:17Z","updated_at":"2014-12-02T12:37:17Z","repo":"chartist-js","state":"open","user":{"login":"jbwl","id":2697194},"owner":"gionkunz","closed_at":null,"id":50645996}
{"_id":{"$oid":"547ee499bd354356a50001ac"},"created_at":"2014-12-02T23:02:09Z","updated_at":"2014-12-03T06:31:39Z","repo":"chartist-js","state":"closed","user":{"login":"sauldraws","id":2559632},"owner":"gionkunz","closed_at":"2014-12-03T06:31:39Z","id":50741971}
{"_id":{"$oid":"5480d4eabd354356a5002ce2"},"created_at":"2014-12-04T01:42:06Z","updated_at":"2014-12-04T06:32:16Z","repo":"chartist-js","state":"closed","user":{"login":"moneytree-doug","id":7564255},"owner":"gionkunz","closed_at":"2014-12-04T06:32:16Z","id":50918446}
{"_id":{"$oid":"5480d4e7bd354356a5002ce1"},"created_at":"2014-12-04T18:55:55Z","updated_at":"2014-12-04T18:55:55Z","repo":"chartist-js","state":"open","user":{"login":"Baires","id":465444},"owner":"gionkunz","closed_at":null,"id":51013366}
{"_id":{"$oid":"548b5c42bd35431bee006efd"},"created_at":"2014-12-08T15:41:31Z","updated_at":"2014-12-11T07:43:16Z","repo":"chartist-js","state":"open","user":{"login":"Azd325","id":426541},"owner":"gionkunz","closed_at":null,"id":51315460}
{"_id":{"$oid":"548bdb66bd35430a5f00a113"},"created_at":"2014-12-08T16:19:12Z","updated_at":"2014-12-08T16:34:07Z","repo":"chartist-js","state":"closed","user":{"login":"kennygrant","id":68352},"owner":"gionkunz","closed_at":"2014-12-08T16:34:05Z","id":51320089}
{"_id":{"$oid":"548b6a30bd3543169a006b8a"},"created_at":"2014-12-09T07:38:36Z","updated_at":"2014-12-11T22:23:41Z","repo":"chartist-js","state":"closed","user":{"login":"ioquatix","id":30030},"owner":"gionkunz","closed_at":"2014-12-11T21:56:15Z","id":51396673}
{"_id":{"$oid":"548b5c42bd35431bee006efc"},"created_at":"2014-12-09T13:57:02Z","updated_at":"2014-12-09T21:05:08Z","repo":"chartist-js","state":"open","user":{"login":"rafaelchiti","id":1154663},"owner":"gionkunz","closed_at":null,"id":51429881}
{"_id":{"$oid":"548b6a30bd3543169a006b89"},"created_at":"2014-12-09T16:18:24Z","updated_at":"2014-12-10T01:03:11Z","repo":"chartist-js","state":"closed","user":{"login":"gktowle","id":2250105},"owner":"gionkunz","closed_at":"2014-12-09T20:24:40Z","id":51447022}
{"_id":{"$oid":"548b6a30bd3543169a006b88"},"created_at":"2014-12-10T10:31:25Z","updated_at":"2014-12-11T21:55:36Z","repo":"chartist-js","state":"closed","user":{"login":"dzuncoi","id":7270403},"owner":"gionkunz","closed_at":"2014-12-11T21:55:36Z","id":51542007}
{"_id":{"$oid":"548b6a30bd3543169a006b87"},"created_at":"2014-12-10T20:51:44Z","updated_at":"2014-12-11T16:23:09Z","repo":"chartist-js","state":"closed","user":{"login":"kevincaradant","id":6093175},"owner":"gionkunz","closed_at":"2014-12-11T16:21:58Z","id":51609431}
{"_id":{"$oid":"548b5c42bd35431bee006efb"},"created_at":"2014-12-10T22:50:41Z","updated_at":"2014-12-11T21:54:53Z","repo":"chartist-js","state":"open","user":{"login":"anotherjazz","id":1663847},"owner":"gionkunz","closed_at":null,"id":51622290}
{"_id":{"$oid":"548b6a30bd3543169a006b86"},"created_at":"2014-12-11T20:23:59Z","updated_at":"2014-12-11T21:53:08Z","repo":"chartist-js","state":"closed","user":{"login":"mararenzsmith","id":7890362},"owner":"gionkunz","closed_at":"2014-12-11T21:53:08Z","id":51733435}
{"_id":{"$oid":"548b6a30bd3543169a006b85"},"created_at":"2014-12-11T20:24:35Z","updated_at":"2014-12-11T21:53:48Z","repo":"chartist-js","state":"closed","user":{"login":"mararenzsmith","id":7890362},"owner":"gionkunz","closed_at":"2014-12-11T21:53:48Z","id":51733500}
{"_id":{"$oid":"548b5c42bd35431bee006efa"},"created_at":"2014-12-12T12:06:56Z","updated_at":"2014-12-12T12:06:56Z","repo":"chartist-js","state":"open","user":{"login":"deckool","id":181992},"owner":"gionkunz","closed_at":null,"id":51799317}
{"_id":{"$oid":"548b5c42bd35431bee006ef9"},"created_at":"2014-12-12T19:54:30Z","updated_at":"2014-12-12T19:54:30Z","repo":"chartist-js","state":"open","user":{"login":"drdla","id":135148},"owner":"gionkunz","closed_at":null,"id":51846007}
{"_id":{"$oid":"548cfb30bd354309bb00efab"},"created_at":"2014-12-14T02:51:11Z","updated_at":"2014-12-14T02:51:18Z","repo":"chartist-js","state":"open","user":{"login":"gionkunz","id":2203704},"owner":"gionkunz","closed_at":null,"id":51907208}
{"_id":{"$oid":"548f582abd3543153c025cb1"},"created_at":"2014-12-15T21:52:38Z","updated_at":"2014-12-15T21:52:38Z","repo":"chartist-js","state":"open","user":{"login":"avilaj","id":2974817},"owner":"gionkunz","closed_at":null,"id":52043893}
{"_id":{"$oid":"54903e32bd3543181e02d29c"},"created_at":"2014-12-16T14:13:41Z","updated_at":"2014-12-16T14:13:41Z","repo":"chartist-js","state":"open","user":{"login":"sakujo","id":4078874},"owner":"gionkunz","closed_at":null,"id":52116830}
{"_id":{"$oid":"5494394bbd35431a39006ce5"},"created_at":"2014-12-19T14:41:51Z","updated_at":"2014-12-19T14:41:51Z","repo":"chartist-js","state":"open","user":{"login":"erikkrieg","id":10244162},"owner":"gionkunz","closed_at":null,"id":52489459}
{"_id":{"$oid":"54996c93bd3543237c008fef"},"created_at":"2014-12-23T13:04:43Z","updated_at":"2014-12-23T13:04:43Z","repo":"chartist-js","state":"open","user":{"login":"pieterjandesmedt","id":9006284},"owner":"gionkunz","closed_at":null,"id":52738883}
{"_id":{"$oid":"549a3bbebd354324a300fb7a"},"created_at":"2014-12-24T04:06:16Z","updated_at":"2014-12-24T04:06:16Z","repo":"chartist-js","state":"open","user":{"login":"KoltonG","id":3606121},"owner":"gionkunz","closed_at":null,"id":52794413}
{"_id":{"$oid":"549b3268bd354333790101af"},"created_at":"2014-12-24T21:38:46Z","updated_at":"2014-12-24T21:38:46Z","repo":"chartist-js","state":"open","user":{"login":"voidale","id":4450730},"owner":"gionkunz","closed_at":null,"id":52837563}
{"_id":{"$oid":"549d66f8bd354322ce01552e"},"created_at":"2014-12-26T13:47:18Z","updated_at":"2014-12-26T13:47:18Z","repo":"chartist-js","state":"open","user":{"login":"edouardsouan","id":5737473},"owner":"gionkunz","closed_at":null,"id":52901865}
{"_id":{"$oid":"54a1ba30bd354323c101a3bf"},"created_at":"2014-12-26T15:02:31Z","updated_at":"2014-12-29T20:31:31Z","repo":"chartist-js","state":"closed","user":{"login":"studentIvan","id":1205208},"owner":"gionkunz","closed_at":"2014-12-29T20:31:31Z","id":52906453}
{"_id":{"$oid":"54a07e55bd354325860191f8"},"created_at":"2014-12-28T22:03:55Z","updated_at":"2014-12-28T22:03:55Z","repo":"chartist-js","state":"open","user":{"login":"ruudmanager3","id":10330840},"owner":"gionkunz","closed_at":null,"id":53010921}
{"_id":{"$oid":"54a56cdcbd35433a640023b1"},"created_at":"2015-01-01T15:50:49Z","updated_at":"2015-01-01T15:50:49Z","repo":"chartist-js","state":"open","user":{"login":"fresh83","id":3041576},"owner":"gionkunz","closed_at":null,"id":53222332}
{"_id":{"$oid":"54a78091bd35433a3e005f70"},"created_at":"2015-01-03T05:39:27Z","updated_at":"2015-01-03T05:39:27Z","repo":"chartist-js","state":"open","user":{"login":"ilanbiala","id":3695164},"owner":"gionkunz","closed_at":null,"id":53295163}
{"_id":{"$oid":"54a834cdbd35433e2b00707c"},"created_at":"2015-01-03T18:28:27Z","updated_at":"2015-01-03T18:28:27Z","repo":"chartist-js","state":"open","user":{"login":"abauzac","id":3852008},"owner":"gionkunz","closed_at":null,"id":53311362}
{"_id":{"$oid":"54a92dd2bd354339fe008915"},"created_at":"2015-01-04T12:10:54Z","updated_at":"2015-01-04T12:10:54Z","repo":"chartist-js","state":"open","user":{"login":"shkesar","id":5822067},"owner":"gionkunz","closed_at":null,"id":53334621}
{"_id":{"$oid":"54aa5bdabd35434e2a00aef2"},"created_at":"2015-01-05T09:39:28Z","updated_at":"2015-01-05T09:39:28Z","repo":"chartist-js","state":"open","user":{"login":"karassik","id":646282},"owner":"gionkunz","closed_at":null,"id":53378772}
{"_id":{"$oid":"54abf3cebd35434ca0011715"},"created_at":"2015-01-06T14:40:03Z","updated_at":"2015-01-06T14:40:03Z","repo":"chartist-js","state":"open","user":{"login":"bsgbryan","id":30052},"owner":"gionkunz","closed_at":null,"id":53520695}
{"_id":{"$oid":"54ac0414bd35433da800fccb"},"created_at":"2015-01-06T15:47:59Z","updated_at":"2015-01-06T15:47:59Z","repo":"chartist-js","state":"open","user":{"login":"sridhar2014","id":320326},"owner":"gionkunz","closed_at":null,"id":53527757}
{"_id":{"$oid":"54ae8b0ebd35433adf01704c"},"created_at":"2015-01-08T13:50:02Z","updated_at":"2015-01-08T13:50:02Z","repo":"chartist-js","state":"open","user":{"login":"nKognito","id":612207},"owner":"gionkunz","closed_at":null,"id":53752067}
{"_id":{"$oid":"54ae95c7bd35434e2a016e88"},"created_at":"2015-01-08T14:01:33Z","updated_at":"2015-01-08T14:35:33Z","repo":"chartist-js","state":"open","user":{"login":"Timmmm","id":376842},"owner":"gionkunz","closed_at":null,"id":53753146}
{"_id":{"$oid":"54af8a58bd354351de01808d"},"created_at":"2015-01-08T16:15:10Z","updated_at":"2015-01-08T16:15:10Z","repo":"chartist-js","state":"open","user":{"login":"christianseel","id":482184},"owner":"gionkunz","closed_at":null,"id":53768022}
{"_id":{"$oid":"54af8a5bbd354351de01808e"},"created_at":"2015-01-09T02:18:41Z","updated_at":"2015-01-09T07:59:19Z","repo":"chartist-js","state":"closed","user":{"login":"tylergaw","id":233859},"owner":"gionkunz","closed_at":"2015-01-09T07:59:19Z","id":53826643}
{"_id":{"$oid":"54b0103cbd3543397d01b7be"},"created_at":"2015-01-09T17:30:33Z","updated_at":"2015-01-09T17:30:33Z","repo":"chartist-js","state":"open","user":{"login":"ilanbiala","id":3695164},"owner":"gionkunz","closed_at":null,"id":53892815}
{"_id":{"$oid":"54b0194cbd3543394601b792"},"created_at":"2015-01-09T18:09:11Z","updated_at":"2015-01-09T18:09:11Z","repo":"chartist-js","state":"open","user":{"login":"ilanbiala","id":3695164},"owner":"gionkunz","closed_at":null,"id":53896898}
{"_id":{"$oid":"54b049aebd3543ab2e0003a3"},"created_at":"2015-01-09T21:35:23Z","updated_at":"2015-01-09T21:35:23Z","repo":"chartist-js","state":"open","user":{"login":"ilanbiala","id":3695164},"owner":"gionkunz","closed_at":null,"id":53917702}
{"_id":{"$oid":"54b65105bd3543375f000f89"},"created_at":"2015-01-11T15:24:08Z","updated_at":"2015-01-11T15:24:08Z","repo":"chartist-js","state":"open","user":{"login":"oliveraustria","id":9258613},"owner":"gionkunz","closed_at":null,"id":53994584}
{"_id":{"$oid":"54b6f7b5bd3543aba40035b6"},"created_at":"2015-01-12T10:06:15Z","updated_at":"2015-01-12T10:10:37Z","repo":"chartist-js","state":"closed","user":{"login":"coderaiser","id":1573141},"owner":"gionkunz","closed_at":"2015-01-12T10:10:30Z","id":54036674}
{"_id":{"$oid":"54b65105bd3543375f000f88"},"created_at":"2015-01-13T08:22:28Z","updated_at":"2015-01-13T16:12:21Z","repo":"chartist-js","state":"open","user":{"login":"coderaiser","id":1573141},"owner":"gionkunz","closed_at":null,"id":54162368}
{"_id":{"$oid":"54b65105bd3543375f000f87"},"created_at":"2015-01-13T11:27:33Z","updated_at":"2015-01-13T11:40:28Z","repo":"chartist-js","state":"open","user":{"login":"qualityking","id":3127830},"owner":"gionkunz","closed_at":null,"id":54180846}
{"_id":{"$oid":"54b6f7b3bd3543aba40035b5"},"created_at":"2015-01-14T11:51:10Z","updated_at":"2015-01-14T13:15:35Z","repo":"chartist-js","state":"open","user":{"login":"ashish20040076","id":10530405},"owner":"gionkunz","closed_at":null,"id":54313696}
{"_id":{"$oid":"54b6f7b3bd3543aba40035b4"},"created_at":"2015-01-14T15:37:57Z","updated_at":"2015-01-14T15:37:57Z","repo":"chartist-js","state":"open","user":{"login":"sridhar2014","id":320326},"owner":"gionkunz","closed_at":null,"id":54335890}
{"_id":{"$oid":"54b8b8fdbd3543edf00053a0"},"created_at":"2015-01-15T00:39:01Z","updated_at":"2015-01-15T10:23:28Z","repo":"chartist-js","state":"open","user":{"login":"tylergaw","id":233859},"owner":"gionkunz","closed_at":null,"id":54397965}
{"_id":{"$oid":"54b8b8fdbd3543edf000539f"},"created_at":"2015-01-15T10:22:24Z","updated_at":"2015-01-15T15:17:16Z","repo":"chartist-js","state":"open","user":{"login":"gionkunz","id":2203704},"owner":"gionkunz","closed_at":null,"id":54432927}
{"_id":{"$oid":"54b85707bd3543ebc4001e3f"},"created_at":"2015-01-15T16:27:02Z","updated_at":"2015-01-15T16:27:02Z","repo":"chartist-js","state":"open","user":{"login":"4lexsky","id":5932190},"owner":"gionkunz","closed_at":null,"id":54469818}
{"_id":{"$oid":"54b85707bd3543ebc4001e3e"},"created_at":"2015-01-15T22:37:55Z","updated_at":"2015-01-15T22:37:55Z","repo":"chartist-js","state":"open","user":{"login":"akharazia","id":422657},"owner":"gionkunz","closed_at":null,"id":54514874}
{"_id":{"$oid":"54b99db6bd3543ff6400a174"},"created_at":"2015-01-16T23:24:27Z","updated_at":"2015-01-16T23:24:27Z","repo":"chartist-js","state":"open","user":{"login":"Founts","id":3506516},"owner":"gionkunz","closed_at":null,"id":54637703}
{"_id":{"$oid":"54b9f92cbd354301df00e3b8"},"created_at":"2015-01-17T05:54:39Z","updated_at":"2015-01-17T05:54:39Z","repo":"chartist-js","state":"open","user":{"login":"Raphy","id":3496595},"owner":"gionkunz","closed_at":null,"id":54651967}
{"_id":{"$oid":"54ba216dbd354301df00f8db"},"created_at":"2015-01-17T08:46:16Z","updated_at":"2015-01-17T08:46:16Z","repo":"chartist-js","state":"open","user":{"login":"michaelferrell","id":4731441},"owner":"gionkunz","closed_at":null,"id":54655762}
{"_id":{"$oid":"54ba3875bd3543ec5e00b3f0"},"created_at":"2015-01-17T10:24:44Z","updated_at":"2015-01-17T10:24:44Z","repo":"chartist-js","state":"open","user":{"login":"exhauster","id":3951489},"owner":"gionkunz","closed_at":null,"id":54657792}
{"_id":{"$oid":"54ba6cb9bd3543ede000eaa3"},"created_at":"2015-01-17T14:07:43Z","updated_at":"2015-01-17T14:07:43Z","repo":"chartist-js","state":"open","user":{"login":"gionkunz","id":2203704},"owner":"gionkunz","closed_at":null,"id":54662724}
{"_id":{"$oid":"54bcdba5bd3543025202184b"},"created_at":"2015-01-19T10:13:32Z","updated_at":"2015-01-19T10:25:36Z","repo":"chartist-js","state":"open","user":{"login":"danieldiekmeier","id":2098462},"owner":"gionkunz","closed_at":null,"id":54746006}
{"_id":{"$oid":"54bcfdffbd3543022c01a35b"},"created_at":"2015-01-19T12:52:06Z","updated_at":"2015-01-19T12:52:06Z","repo":"chartist-js","state":"open","user":{"login":"zettadam","id":516382},"owner":"gionkunz","closed_at":null,"id":54760111}
{"_id":{"$oid":"54bed64abd3543e46f004b4f"},"created_at":"2015-01-20T22:27:18Z","updated_at":"2015-01-20T22:27:18Z","repo":"chartist-js","state":"open","user":{"login":"romanrdgz","id":3307742},"owner":"gionkunz","closed_at":null,"id":54949636}
{"_id":{"$oid":"54c01ee5bd3543d3af002e2f"},"created_at":"2015-01-21T21:49:15Z","updated_at":"2015-01-21T21:49:15Z","repo":"chartist-js","state":"open","user":{"login":"Celc","id":48965},"owner":"gionkunz","closed_at":null,"id":55082144}
{"_id":{"$oid":"54c15396bd3543e013006681"},"created_at":"2015-01-22T19:46:23Z","updated_at":"2015-01-22T19:46:23Z","repo":"chartist-js","state":"open","user":{"login":"gionkunz","id":2203704},"owner":"gionkunz","closed_at":null,"id":55199495}
{"_id":{"$oid":"54c153c3bd3543d53c0066ef"},"created_at":"2015-01-22T19:47:12Z","updated_at":"2015-01-22T19:47:12Z","repo":"chartist-js","state":"open","user":{"login":"gionkunz","id":2203704},"owner":"gionkunz","closed_at":null,"id":55199621}
{"_id":{"$oid":"54c6b595bd3543d3ce014015"},"created_at":"2015-01-26T21:45:53Z","updated_at":"2015-01-26T21:45:53Z","repo":"chartist-js","state":"open","user":{"login":"tylergaw","id":233859},"owner":"gionkunz","closed_at":null,"id":55542172}
{"_id":{"$oid":"54c74fdbbd3543de5401571d"},"created_at":"2015-01-27T08:44:06Z","updated_at":"2015-01-27T08:44:06Z","repo":"chartist-js","state":"open","user":{"login":"soniasjc","id":10722265},"owner":"gionkunz","closed_at":null,"id":55590335}
{"_id":{"$oid":"54c7b46dbd3543db4d0171d9"},"created_at":"2015-01-27T15:53:13Z","updated_at":"2015-01-27T15:53:13Z","repo":"chartist-js","state":"open","user":{"login":"martinsznapka","id":4278972},"owner":"gionkunz","closed_at":null,"id":55635143}
{"_id":{"$oid":"54c7bef3bd3543e9bf01676a"},"created_at":"2015-01-27T16:38:04Z","updated_at":"2015-01-27T16:38:04Z","repo":"chartist-js","state":"open","user":{"login":"niutech","id":384997},"owner":"gionkunz","closed_at":null,"id":55641250}
{"_id":{"$oid":"54c801b1bd3543d32e017788"},"created_at":"2015-01-27T21:22:54Z","updated_at":"2015-01-27T21:22:54Z","repo":"chartist-js","state":"open","user":{"login":"gionkunz","id":2203704},"owner":"gionkunz","closed_at":null,"id":55676312}
{"_id":{"$oid":"54c8bc58bd3543e644019a54"},"created_at":"2015-01-28T10:39:15Z","updated_at":"2015-01-28T10:39:15Z","repo":"chartist-js","state":"open","user":{"login":"brandondv","id":10170446},"owner":"gionkunz","closed_at":null,"id":55739695}
{"_id":{"$oid":"54c8c551bd3543d7e401aa18"},"created_at":"2015-01-28T11:17:07Z","updated_at":"2015-01-28T11:17:23Z","repo":"chartist-js","state":"open","user":{"login":"TheGP","id":3666926},"owner":"gionkunz","closed_at":null,"id":55743487}
{"_id":{"$oid":"54c921ecbd3543e7c401ac6f"},"created_at":"2015-01-28T17:27:27Z","updated_at":"2015-01-28T17:52:37Z","repo":"chartist-js","state":"open","user":{"login":"atavistock","id":22277},"owner":"gionkunz","closed_at":null,"id":55787513}
{"_id":{"$oid":"54ca470bbd35433d5d000989"},"created_at":"2015-01-29T14:43:14Z","updated_at":"2015-01-29T14:43:14Z","repo":"chartist-js","state":"open","user":{"login":"rolandschuetz","id":735982},"owner":"gionkunz","closed_at":null,"id":55907099}
{"_id":{"$oid":"54cad3debd35433d8f0027ed"},"created_at":"2015-01-29T23:39:35Z","updated_at":"2015-01-30T00:44:09Z","repo":"chartist-js","state":"open","user":{"login":"nfriedly","id":114976},"owner":"gionkunz","closed_at":null,"id":55974344}
{"_id":{"$oid":"54cb0776bd3543541e002f6e"},"created_at":"2015-01-30T04:24:19Z","updated_at":"2015-01-30T04:24:19Z","repo":"chartist-js","state":"open","user":{"login":"ilanbiala","id":3695164},"owner":"gionkunz","closed_at":null,"id":55993322}
{"_id":{"$oid":"54cb2544bd35433e360032a9"},"created_at":"2015-01-30T06:31:26Z","updated_at":"2015-01-30T06:31:26Z","repo":"chartist-js","state":"open","user":{"login":"tylergaw","id":233859},"owner":"gionkunz","closed_at":null,"id":55999729}
{"_id":{"$oid":"54cbd772bd35433be900313a"},"created_at":"2015-01-30T19:11:38Z","updated_at":"2015-01-30T19:11:38Z","repo":"chartist-js","state":"open","user":{"login":"gionkunz","id":2203704},"owner":"gionkunz","closed_at":null,"id":56072140}
{"_id":{"$oid":"54cd7006bd354350bd0084e7"},"created_at":"2015-02-01T00:14:57Z","updated_at":"2015-02-01T00:14:57Z","repo":"chartist-js","state":"open","user":{"login":"hitfactory","id":110882},"owner":"gionkunz","closed_at":null,"id":56145570}
{"_id":{"$oid":"54ce81cbbd35433c1400a377"},"created_at":"2015-02-01T19:43:03Z","updated_at":"2015-02-01T19:43:03Z","repo":"chartist-js","state":"open","user":{"login":"ilanbiala","id":3695164},"owner":"gionkunz","closed_at":null,"id":56175074}
{"_id":{"$oid":"54cf4c87bd3543558e00bedc"},"created_at":"2015-02-02T10:08:01Z","updated_at":"2015-02-02T10:08:01Z","repo":"chartist-js","state":"open","user":{"login":"martinsznapka","id":4278972},"owner":"gionkunz","closed_at":null,"id":56216928}
{"_id":{"$oid":"54cf4f29bd35433c6a00bab2"},"created_at":"2015-02-02T10:19:14Z","updated_at":"2015-02-02T10:19:14Z","repo":"chartist-js","state":"open","user":{"login":"martinsznapka","id":4278972},"owner":"gionkunz","closed_at":null,"id":56218011}
{"_id":{"$oid":"54cf542fbd35433cf700c03b"},"created_at":"2015-02-02T10:40:44Z","updated_at":"2015-02-02T10:40:44Z","repo":"chartist-js","state":"open","user":{"login":"martinsznapka","id":4278972},"owner":"gionkunz","closed_at":null,"id":56220326}
{"_id":{"$oid":"54dc0fd2bd3543858b020715"},"created_at":"2015-02-03T02:34:31Z","updated_at":"2015-02-12T02:28:11Z","repo":"chartist-js","state":"open","user":{"login":"gsklee","id":1006291},"owner":"gionkunz","closed_at":null,"id":56325596}
{"_id":{"$oid":"54d0c13cbd3543759a0024dc"},"created_at":"2015-02-03T12:07:39Z","updated_at":"2015-02-03T12:38:16Z","repo":"chartist-js","state":"open","user":{"login":"baks","id":671469},"owner":"gionkunz","closed_at":null,"id":56369259}
{"_id":{"$oid":"54d0bd2dbd354378ae0023e6"},"created_at":"2015-02-03T12:20:57Z","updated_at":"2015-02-03T12:20:57Z","repo":"chartist-js","state":"open","user":{"login":"Andriy-Zadvornyi","id":10829855},"owner":"gionkunz","closed_at":null,"id":56370547}
{"_id":{"$oid":"54d18d38bd35437008004ea9"},"created_at":"2015-02-04T03:08:35Z","updated_at":"2015-02-04T03:08:35Z","repo":"chartist-js","state":"open","user":{"login":"rolandschuetz","id":735982},"owner":"gionkunz","closed_at":null,"id":56474010}
{"_id":{"$oid":"54d245e4bd35437035006d79"},"created_at":"2015-02-04T16:16:29Z","updated_at":"2015-02-04T16:16:29Z","repo":"chartist-js","state":"open","user":{"login":"pieterjandesmedt","id":9006284},"owner":"gionkunz","closed_at":null,"id":56548398}
{"_id":{"$oid":"54d39b20bd35436ef500a9eb"},"created_at":"2015-02-05T16:32:27Z","updated_at":"2015-02-05T16:32:27Z","repo":"chartist-js","state":"open","user":{"login":"JulienMelissas","id":2278221},"owner":"gionkunz","closed_at":null,"id":56693673}
{"_id":{"$oid":"54dc0fd1bd3543858b020714"},"created_at":"2015-02-05T20:29:16Z","updated_at":"2015-02-05T20:29:16Z","repo":"chartist-js","state":"open","user":{"login":"baks","id":671469},"owner":"gionkunz","closed_at":null,"id":56724806}
{"_id":{"$oid":"54d41ddabd35436f6e00c63f"},"created_at":"2015-02-06T01:50:13Z","updated_at":"2015-02-06T01:50:13Z","repo":"chartist-js","state":"open","user":{"login":"jeffisfast","id":3819964},"owner":"gionkunz","closed_at":null,"id":56758955}
{"_id":{"$oid":"54d4c554bd354387d200c230"},"created_at":"2015-02-06T13:44:45Z","updated_at":"2015-02-06T13:44:45Z","repo":"chartist-js","state":"open","user":{"login":"martinsznapka","id":4278972},"owner":"gionkunz","closed_at":null,"id":56813133}
{"_id":{"$oid":"54db524abd35436de001e8c4"},"created_at":"2015-02-11T12:59:50Z","updated_at":"2015-02-11T12:59:50Z","repo":"chartist-js","state":"open","user":{"login":"martinsznapka","id":4278972},"owner":"gionkunz","closed_at":null,"id":57312689}
{"_id":{"$oid":"54dc0fd1bd3543858b020713"},"created_at":"2015-02-11T15:03:57Z","updated_at":"2015-02-11T15:03:57Z","repo":"chartist-js","state":"open","user":{"login":"rrrene","id":311914},"owner":"gionkunz","closed_at":null,"id":57326943}
{"_id":{"$oid":"54db7c6cbd3543703501e6d3"},"created_at":"2015-02-11T15:58:32Z","updated_at":"2015-02-11T15:59:28Z","repo":"chartist-js","state":"open","user":{"login":"danieldiekmeier","id":2098462},"owner":"gionkunz","closed_at":null,"id":57334936}
{"_id":{"$oid":"54dce5c8bd35434e1500151e"},"created_at":"2015-02-12T17:41:25Z","updated_at":"2015-02-12T17:41:25Z","repo":"chartist-js","state":"open","user":{"login":"ilanbiala","id":3695164},"owner":"gionkunz","closed_at":null,"id":57493647}
{"_id":{"$oid":"54df7ea2bd35437ac10036cf"},"created_at":"2015-02-14T16:58:04Z","updated_at":"2015-02-14T16:58:04Z","repo":"chartist-js","state":"open","user":{"login":"juanomoran","id":6273090},"owner":"gionkunz","closed_at":null,"id":57698867}
{"_id":{"$oid":"54dfef46bd35438524004403"},"created_at":"2015-02-15T00:58:42Z","updated_at":"2015-02-15T00:58:42Z","repo":"chartist-js","state":"open","user":{"login":"ilanbiala","id":3695164},"owner":"gionkunz","closed_at":null,"id":57712924}
{"_id":{"$oid":"54e3ab8fbd35437f0900e725"},"created_at":"2015-02-17T20:58:51Z","updated_at":"2015-02-17T20:58:51Z","repo":"chartist-js","state":"open","user":{"login":"ryexley","id":173844},"owner":"gionkunz","closed_at":null,"id":57981038}
{"_id":{"$oid":"54e5ece5bd35437ac1014610"},"created_at":"2015-02-19T14:01:44Z","updated_at":"2015-02-19T14:01:44Z","repo":"chartist-js","state":"open","user":{"login":"martinsznapka","id":4278972},"owner":"gionkunz","closed_at":null,"id":58211444}
{"_id":{"$oid":"54e5f6c3bd354373aa0146b7"},"created_at":"2015-02-19T14:43:46Z","updated_at":"2015-02-19T14:43:46Z","repo":"chartist-js","state":"open","user":{"login":"ryexley","id":173844},"owner":"gionkunz","closed_at":null,"id":58216625}
{"_id":{"$oid":"54e70cc4bd35437320000320"},"created_at":"2015-02-20T10:29:57Z","updated_at":"2015-02-20T10:29:57Z","repo":"chartist-js","state":"open","user":{"login":"xpepermint","id":174279},"owner":"gionkunz","closed_at":null,"id":58333761}
{"_id":{"$oid":"54e76838bd354363ac0028cd"},"created_at":"2015-02-20T17:00:29Z","updated_at":"2015-02-20T17:00:29Z","repo":"chartist-js","state":"open","user":{"login":"rolandschuetz","id":735982},"owner":"gionkunz","closed_at":null,"id":58380154}
{"_id":{"$oid":"54e77609bd35436c53003019"},"created_at":"2015-02-20T17:59:28Z","updated_at":"2015-02-20T17:59:28Z","repo":"chartist-js","state":"open","user":{"login":"fluffabelle","id":11094422},"owner":"gionkunz","closed_at":null,"id":58388042}
{"_id":{"$oid":"54e8f556bd3543713e006a67"},"created_at":"2015-02-21T20:22:57Z","updated_at":"2015-02-21T20:33:33Z","repo":"chartist-js","state":"open","user":{"login":"jarib","id":572},"owner":"gionkunz","closed_at":null,"id":58473488}
{"_id":{"$oid":"54e9349abd354363ac007cb7"},"created_at":"2015-02-22T00:41:18Z","updated_at":"2015-02-22T00:56:17Z","repo":"chartist-js","state":"closed","user":{"login":"evansharp","id":1461350},"owner":"gionkunz","closed_at":"2015-02-22T00:55:11Z","id":58483365}
{"_id":{"$oid":"54eaf03bbd354362d200c333"},"created_at":"2015-02-23T09:17:44Z","updated_at":"2015-02-23T09:17:44Z","repo":"chartist-js","state":"open","user":{"login":"Globegitter","id":2580254},"owner":"gionkunz","closed_at":null,"id":58560870}
{"_id":{"$oid":"54ebd8e0bd354376360118d5"},"created_at":"2015-02-24T01:50:18Z","updated_at":"2015-02-24T01:50:18Z","repo":"chartist-js","state":"open","user":{"login":"redrobotx","id":11169137},"owner":"gionkunz","closed_at":null,"id":58681945}
{"_id":{"$oid":"54f01417bd3543d2d0008883"},"created_at":"2015-02-25T01:42:01Z","updated_at":"2015-02-27T06:51:18Z","repo":"chartist-js","state":"open","user":{"login":"evansharp","id":1461350},"owner":"gionkunz","closed_at":null,"id":58836883}
{"_id":{"$oid":"54ee2f76bd3543c58b002882"},"created_at":"2015-02-25T20:24:17Z","updated_at":"2015-02-25T20:24:17Z","repo":"chartist-js","state":"open","user":{"login":"Dixi86","id":11199704},"owner":"gionkunz","closed_at":null,"id":58963470}
{"_id":{"$oid":"54ef0becbd3543dbf300505c"},"created_at":"2015-02-26T12:04:55Z","updated_at":"2015-02-26T12:04:55Z","repo":"chartist-js","state":"open","user":{"login":"BumbleB2na","id":896163},"owner":"gionkunz","closed_at":null,"id":59062682}
{"_id":{"$oid":"54ef520bbd3543d60e00610a"},"created_at":"2015-02-26T17:03:20Z","updated_at":"2015-02-26T17:03:20Z","repo":"chartist-js","state":"open","user":{"login":"gionkunz","id":2203704},"owner":"gionkunz","closed_at":null,"id":59103736}
{"_id":{"$oid":"54f01416bd3543d2d0008882"},"created_at":"2015-02-26T19:09:40Z","updated_at":"2015-02-26T19:20:09Z","repo":"chartist-js","state":"open","user":{"login":"Thomasforweb","id":4168344},"owner":"gionkunz","closed_at":null,"id":59124809}
{"_id":{"$oid":"54f9bfecbd3543db5600cb30"},"created_at":"2015-02-27T15:39:49Z","updated_at":"2015-02-27T22:31:13Z","repo":"chartist-js","state":"open","user":{"login":"gionkunz","id":2203704},"owner":"gionkunz","closed_at":null,"id":59252051}
{"_id":{"$oid":"54f0ab6bbd3543c91900a17c"},"created_at":"2015-02-27T17:31:00Z","updated_at":"2015-02-27T17:31:00Z","repo":"chartist-js","state":"open","user":{"login":"Igor10k","id":1244342},"owner":"gionkunz","closed_at":null,"id":59267538}
{"_id":{"$oid":"54f19716bd3543c4a500ded8"},"created_at":"2015-02-28T10:23:12Z","updated_at":"2015-02-28T10:23:12Z","repo":"chartist-js","state":"open","user":{"login":"42hrs","id":9167132},"owner":"gionkunz","closed_at":null,"id":59336406}
{"_id":{"$oid":"54f39baabd3543d6ef01215f"},"created_at":"2015-03-01T23:01:19Z","updated_at":"2015-03-01T23:07:19Z","repo":"chartist-js","state":"open","user":{"login":"gionkunz","id":2203704},"owner":"gionkunz","closed_at":null,"id":59422358}
{"_id":{"$oid":"54f5b705bd3543d312000027"},"created_at":"2015-03-03T12:45:19Z","updated_at":"2015-03-03T13:27:04Z","repo":"chartist-js","state":"open","user":{"login":"martinsznapka","id":4278972},"owner":"gionkunz","closed_at":null,"id":59636611}
{"_id":{"$oid":"54f626a5bd3543d7a200124b"},"created_at":"2015-03-03T21:23:58Z","updated_at":"2015-03-03T21:23:58Z","repo":"chartist-js","state":"open","user":{"login":"gionkunz","id":2203704},"owner":"gionkunz","closed_at":null,"id":59707707}
{"_id":{"$oid":"54f6ea2cbd3543c3cb00240d"},"created_at":"2015-03-04T11:13:11Z","updated_at":"2015-03-04T11:13:11Z","repo":"chartist-js","state":"open","user":{"login":"gionkunz","id":2203704},"owner":"gionkunz","closed_at":null,"id":59783753}
{"_id":{"$oid":"54f79164bd3543d43f005308"},"created_at":"2015-03-04T16:11:17Z","updated_at":"2015-03-04T19:41:19Z","repo":"chartist-js","state":"open","user":{"login":"raffomania","id":2369330},"owner":"gionkunz","closed_at":null,"id":59819734}
{"_id":{"$oid":"54f7c500bd3543c49b004f27"},"created_at":"2015-03-05T02:52:15Z","updated_at":"2015-03-05T02:52:15Z","repo":"chartist-js","state":"open","user":{"login":"gsklee","id":1006291},"owner":"gionkunz","closed_at":null,"id":59897416}
{"_id":{"$oid":"54f895e3bd3543ca4b008dec"},"created_at":"2015-03-05T17:43:54Z","updated_at":"2015-03-05T17:43:54Z","repo":"chartist-js","state":"open","user":{"login":"Globegitter","id":2580254},"owner":"gionkunz","closed_at":null,"id":59987732}
{"_id":{"$oid":"54f89990bd3543c50f00af92"},"created_at":"2015-03-05T17:59:39Z","updated_at":"2015-03-05T17:59:39Z","repo":"chartist-js","state":"open","user":{"login":"Globegitter","id":2580254},"owner":"gionkunz","closed_at":null,"id":59989899}
{"_id":{"$oid":"54f89aa3bd3543d3820149b2"},"created_at":"2015-03-05T18:04:14Z","updated_at":"2015-03-05T18:04:14Z","repo":"chartist-js","state":"open","user":{"login":"Globegitter","id":2580254},"owner":"gionkunz","closed_at":null,"id":59990490}
{"_id":{"$oid":"54f9bff0bd3543db5600cb31"},"created_at":"2015-03-06T09:40:10Z","updated_at":"2015-03-06T14:55:38Z","repo":"chartist-js","state":"closed","user":{"login":"craig0990","id":461897},"owner":"gionkunz","closed_at":"2015-03-06T14:55:38Z","id":60079465}
{"_id":{"$oid":"54fb212dbd3543d599011e8f"},"created_at":"2015-03-07T16:02:43Z","updated_at":"2015-03-07T16:02:43Z","repo":"chartist-js","state":"open","user":{"login":"gsklee","id":1006291},"owner":"gionkunz","closed_at":null,"id":60212036}
{"_id":{"$oid":"54fb359bbd3543d67b00fe3c"},"created_at":"2015-03-07T17:29:57Z","updated_at":"2015-03-07T17:29:57Z","repo":"chartist-js","state":"open","user":{"login":"gsklee","id":1006291},"owner":"gionkunz","closed_at":null,"id":60215786}
{"_id":{"$oid":"54fb484fbd3543c375013345"},"created_at":"2015-03-07T18:49:48Z","updated_at":"2015-03-07T18:49:48Z","repo":"chartist-js","state":"open","user":{"login":"bobbyshaw","id":553566},"owner":"gionkunz","closed_at":null,"id":60219053}
{"_id":{"$oid":"54fd1981bd3543c475014bf3"},"created_at":"2015-03-09T03:54:37Z","updated_at":"2015-03-09T03:54:37Z","repo":"chartist-js","state":"open","user":{"login":"gsklee","id":1006291},"owner":"gionkunz","closed_at":null,"id":60295391}
{"_id":{"$oid":"54fd7543bd3543d5990170ce"},"created_at":"2015-03-09T10:26:08Z","updated_at":"2015-03-09T10:26:08Z","repo":"chartist-js","state":"open","user":{"login":"gsklee","id":1006291},"owner":"gionkunz","closed_at":null,"id":60323593}
{"_id":{"$oid":"54fd9828bd3543c37501873d"},"created_at":"2015-03-09T12:54:47Z","updated_at":"2015-03-09T12:54:47Z","repo":"chartist-js","state":"open","user":{"login":"Pitel","id":113248},"owner":"gionkunz","closed_at":null,"id":60338844}
{"_id":{"$oid":"54fe5e2cbd3543c424019a41"},"created_at":"2015-03-10T02:59:52Z","updated_at":"2015-03-10T02:59:52Z","repo":"chartist-js","state":"open","user":{"login":"ghauray","id":9467756},"owner":"gionkunz","closed_at":null,"id":60443797}
{"_id":{"$oid":"54feecadbd3543c54001cfd0"},"created_at":"2015-03-10T13:06:54Z","updated_at":"2015-03-10T13:06:54Z","repo":"chartist-js","state":"open","user":{"login":"meghaklp","id":465382},"owner":"gionkunz","closed_at":null,"id":60496235}
{"_id":{"$oid":"54ff4e5cbd3543c45e01c7fd"},"created_at":"2015-03-10T20:03:51Z","updated_at":"2015-03-10T20:03:51Z","repo":"chartist-js","state":"open","user":{"login":"Dhruuva","id":5820396},"owner":"gionkunz","closed_at":null,"id":60560120}
{"_id":{"$oid":"550048f3bd3543d39701dc52"},"created_at":"2015-03-11T13:39:04Z","updated_at":"2015-03-11T13:39:04Z","repo":"chartist-js","state":"open","user":{"login":"meghaklp","id":465382},"owner":"gionkunz","closed_at":null,"id":60659256}
{"_id":{"$oid":"550052fdbd3543c47501e4de"},"created_at":"2015-03-11T14:32:41Z","updated_at":"2015-03-11T14:32:41Z","repo":"chartist-js","state":"open","user":{"login":"nblackburn","id":2931085},"owner":"gionkunz","closed_at":null,"id":60667322}
{"_id":{"$oid":"5501f573bd3543c51802632e"},"created_at":"2015-03-12T20:20:58Z","updated_at":"2015-03-12T20:21:27Z","repo":"chartist-js","state":"open","user":{"login":"LRRoberts0122","id":2066489},"owner":"gionkunz","closed_at":null,"id":60893155}
{"_id":{"$oid":"550352d5bd3543c40402657e"},"created_at":"2015-03-13T21:11:23Z","updated_at":"2015-03-13T21:11:23Z","repo":"chartist-js","state":"open","user":{"login":"9607835","id":11466579},"owner":"gionkunz","closed_at":null,"id":61243584}
{"_id":{"$oid":"550369bebd3543dbb602eeaa"},"created_at":"2015-03-13T22:50:19Z","updated_at":"2015-03-13T22:50:19Z","repo":"chartist-js","state":"open","user":{"login":"nblackburn","id":2931085},"owner":"gionkunz","closed_at":null,"id":61288842}
{"_id":{"$oid":"5506bc42bd3543e90200065e"},"created_at":"2015-03-16T00:08:41Z","updated_at":"2015-03-16T08:43:51Z","repo":"chartist-js","state":"open","user":{"login":"wonderdude","id":6841110},"owner":"gionkunz","closed_at":null,"id":61925505}
{"_id":{"$oid":"5507c19cbd3543e67700684e"},"created_at":"2015-03-17T04:26:35Z","updated_at":"2015-03-17T04:27:34Z","repo":"chartist-js","state":"open","user":{"login":"nishtha3rai","id":10144666},"owner":"gionkunz","closed_at":null,"id":62283521}
{"_id":{"$oid":"55080059bd3543d8e9007d48"},"created_at":"2015-03-17T10:21:46Z","updated_at":"2015-03-17T10:21:46Z","repo":"chartist-js","state":"open","user":{"login":"akhasis","id":11518830},"owner":"gionkunz","closed_at":null,"id":62354597}
{"_id":{"$oid":"55083d1bbd3543d85800a38d"},"created_at":"2015-03-17T11:01:49Z","updated_at":"2015-03-17T11:32:28Z","repo":"chartist-js","state":"closed","user":{"login":"rbose85","id":2758507},"owner":"gionkunz","closed_at":"2015-03-17T11:32:28Z","id":62363596}
{"_id":{"$oid":"550bae14bd3543344a00a48c"},"created_at":"2015-03-20T05:20:14Z","updated_at":"2015-03-20T05:20:14Z","repo":"chartist-js","state":"open","user":{"login":"informa","id":726265},"owner":"gionkunz","closed_at":null,"id":63164795}
{"_id":{"$oid":"550bb45abd35434999009241"},"created_at":"2015-03-20T05:46:58Z","updated_at":"2015-03-20T05:46:58Z","repo":"chartist-js","state":"open","user":{"login":"joshiashish23","id":11557468},"owner":"gionkunz","closed_at":null,"id":63169514}
{"_id":{"$oid":"550c8b16bd3543344a00cd89"},"created_at":"2015-03-20T21:01:49Z","updated_at":"2015-03-20T21:01:49Z","repo":"chartist-js","state":"open","user":{"login":"sherzberg","id":447355},"owner":"gionkunz","closed_at":null,"id":63306589}
{"_id":{"$oid":"550de05abd354334e900f428"},"created_at":"2015-03-21T21:19:15Z","updated_at":"2015-03-21T21:19:15Z","repo":"chartist-js","state":"open","user":{"login":"shrewdlogarithm","id":4963937},"owner":"gionkunz","closed_at":null,"id":63455761}
{"_id":{"$oid":"550f869bbd35433ee70129e7"},"created_at":"2015-03-23T03:20:52Z","updated_at":"2015-03-23T03:20:52Z","repo":"chartist-js","state":"open","user":{"login":"nickyhajal","id":1079625},"owner":"gionkunz","closed_at":null,"id":63612847}
{"_id":{"$oid":"5511311fbd35433830017dff"},"created_at":"2015-03-24T09:40:29Z","updated_at":"2015-03-24T09:40:29Z","repo":"chartist-js","state":"open","user":{"login":"joshiashish23","id":11557468},"owner":"gionkunz","closed_at":null,"id":63951254}
{"_id":{"$oid":"55122fd0bd354334e901b2c4"},"created_at":"2015-03-25T03:47:17Z","updated_at":"2015-03-25T03:47:17Z","repo":"chartist-js","state":"open","user":{"login":"informa","id":726265},"owner":"gionkunz","closed_at":null,"id":64165352}
{"_id":{"$oid":"55147996bd35435de700122a"},"created_at":"2015-03-26T20:48:40Z","updated_at":"2015-03-26T20:56:51Z","repo":"chartist-js","state":"open","user":{"login":"alexcarpenter","id":825855},"owner":"gionkunz","closed_at":null,"id":64629457}
{"_id":{"$oid":"551568f1bd3543ebf1001263"},"created_at":"2015-03-27T14:27:49Z","updated_at":"2015-03-27T14:27:49Z","repo":"chartist-js","state":"open","user":{"login":"malissa","id":906976},"owner":"gionkunz","closed_at":null,"id":64773129}
{"_id":{"$oid":"551847ebbd354388670039cc"},"created_at":"2015-03-29T18:43:49Z","updated_at":"2015-03-29T18:43:49Z","repo":"chartist-js","state":"open","user":{"login":"gionkunz","id":2203704},"owner":"gionkunz","closed_at":null,"id":65084606}
{"_id":{"$oid":"551b1a5ebd35436243004ef6"},"created_at":"2015-03-31T22:05:45Z","updated_at":"2015-03-31T22:05:57Z","repo":"chartist-js","state":"open","user":{"login":"Aaronik","id":1324601},"owner":"gionkunz","closed_at":null,"id":65557644}
{"_id":{"$oid":"551b242ebd354362b00053a3"},"created_at":"2015-03-31T22:48:03Z","updated_at":"2015-03-31T22:48:03Z","repo":"chartist-js","state":"open","user":{"login":"Aaronik","id":1324601},"owner":"gionkunz","closed_at":null,"id":65563783}
{"_id":{"$oid":"551cb9a6bd35436270005ac8"},"created_at":"2015-04-01T07:42:40Z","updated_at":"2015-04-01T07:42:40Z","repo":"chartist-js","state":"open","user":{"login":"joshiashish23","id":11557468},"owner":"gionkunz","closed_at":null,"id":65625227}
{"_id":{"$oid":"551cb9a6bd35436270005ac7"},"created_at":"2015-04-01T08:23:58Z","updated_at":"2015-04-01T08:23:58Z","repo":"chartist-js","state":"open","user":{"login":"antonkandersson","id":5548943},"owner":"gionkunz","closed_at":null,"id":65631183}
{"_id":{"$oid":"551cb9a6bd35436270005ac6"},"created_at":"2015-04-01T15:26:06Z","updated_at":"2015-04-01T15:26:06Z","repo":"chartist-js","state":"open","user":{"login":"thatandyrose","id":778074},"owner":"gionkunz","closed_at":null,"id":65711341}
{"_id":{"$oid":"551fde41bd354362b0012d2e"},"created_at":"2015-04-04T12:51:07Z","updated_at":"2015-04-04T12:51:07Z","repo":"chartist-js","state":"open","user":{"login":"redrobotx","id":11169137},"owner":"gionkunz","closed_at":null,"id":66315891}
{"_id":{"$oid":"55206117bd3543693101440b"},"created_at":"2015-04-04T22:09:19Z","updated_at":"2015-04-04T22:09:19Z","repo":"chartist-js","state":"open","user":{"login":"pickled-plugins","id":6738398},"owner":"gionkunz","closed_at":null,"id":66372360}
{"_id":{"$oid":"5520fe39bd354362700134ab"},"created_at":"2015-04-05T09:19:49Z","updated_at":"2015-04-05T09:19:49Z","repo":"chartist-js","state":"open","user":{"login":"gionkunz","id":2203704},"owner":"gionkunz","closed_at":null,"id":66419789}
{"_id":{"$oid":"552155d4bd354372870165c6"},"created_at":"2015-04-05T15:33:33Z","updated_at":"2015-04-05T15:33:33Z","repo":"chartist-js","state":"open","user":{"login":"scribeGriff","id":1296901},"owner":"gionkunz","closed_at":null,"id":66450503}
{"_id":{"$oid":"5524b467bd3543629301d904"},"created_at":"2015-04-08T04:53:54Z","updated_at":"2015-04-08T04:53:54Z","repo":"chartist-js","state":"open","user":{"login":"Seti78","id":9452068},"owner":"gionkunz","closed_at":null,"id":67048441}
{"_id":{"$oid":"5524c9b7bd35436e6801a0be"},"created_at":"2015-04-08T06:24:41Z","updated_at":"2015-04-08T06:24:41Z","repo":"chartist-js","state":"open","user":{"login":"gsklee","id":1006291},"owner":"gionkunz","closed_at":null,"id":67059458}
{"_id":{"$oid":"5524d987bd3543629301deb3"},"created_at":"2015-04-08T07:32:20Z","updated_at":"2015-04-08T07:32:20Z","repo":"chartist-js","state":"open","user":{"login":"gsklee","id":1006291},"owner":"gionkunz","closed_at":null,"id":67068617}
{"_id":{"$oid":"55256293bd354362b001f992"},"created_at":"2015-04-08T17:17:04Z","updated_at":"2015-04-08T17:17:04Z","repo":"chartist-js","state":"open","user":{"login":"akshay610","id":8141184},"owner":"gionkunz","closed_at":null,"id":67176797}
{"_id":{"$oid":"552633a0bd354361940224ca"},"created_at":"2015-04-09T08:08:58Z","updated_at":"2015-04-09T08:08:58Z","repo":"chartist-js","state":"open","user":{"login":"gsklee","id":1006291},"owner":"gionkunz","closed_at":null,"id":67304675}
{"_id":{"$oid":"55264042bd3543620f0220ec"},"created_at":"2015-04-09T09:02:54Z","updated_at":"2015-04-09T09:02:54Z","repo":"chartist-js","state":"open","user":{"login":"gsklee","id":1006291},"owner":"gionkunz","closed_at":null,"id":67314402}
{"_id":{"$oid":"5526bb01bd354379cf021172"},"created_at":"2015-04-09T17:46:37Z","updated_at":"2015-04-09T17:46:37Z","repo":"chartist-js","state":"open","user":{"login":"JessicaGzz","id":11434959},"owner":"gionkunz","closed_at":null,"id":67414947}
{"_id":{"$oid":"55270a05bd35437b5e022bda"},"created_at":"2015-04-09T23:23:42Z","updated_at":"2015-04-09T23:23:42Z","repo":"chartist-js","state":"open","user":{"login":"alexBaizeau","id":1521530},"owner":"gionkunz","closed_at":null,"id":67471388}
{"_id":{"$oid":"55272766bd35437287026497"},"created_at":"2015-04-10T01:29:04Z","updated_at":"2015-04-10T01:29:04Z","repo":"chartist-js","state":"open","user":{"login":"lsteel","id":8061713},"owner":"gionkunz","closed_at":null,"id":67485339}
{"_id":{"$oid":"552788abbd354362b0025bb7"},"created_at":"2015-04-10T08:24:05Z","updated_at":"2015-04-10T08:24:05Z","repo":"chartist-js","state":"open","user":{"login":"joshiashish23","id":11557468},"owner":"gionkunz","closed_at":null,"id":67539989}
{"_id":{"$oid":"55287d5abd35436dfe02a23c"},"created_at":"2015-04-11T01:48:06Z","updated_at":"2015-04-11T01:48:06Z","repo":"chartist-js","state":"open","user":{"login":"Bluematter","id":1669104},"owner":"gionkunz","closed_at":null,"id":67718388}
{"_id":{"$oid":"553cb0d3bd35432a09009cab"},"created_at":"2015-04-13T22:07:10Z","updated_at":"2015-04-13T22:07:10Z","repo":"chartist-js","state":"open","user":{"login":"alexBaizeau","id":1521530},"owner":"gionkunz","closed_at":null,"id":68205057}
{"_id":{"$oid":"553b8d18bd35431ce500781b"},"created_at":"2015-04-14T11:03:46Z","updated_at":"2015-04-25T12:48:16Z","repo":"chartist-js","state":"open","user":{"login":"gruberb","id":2135077},"owner":"gionkunz","closed_at":null,"id":68340501}
{"_id":{"$oid":"552e690dbd35436981034b34"},"created_at":"2015-04-15T13:34:59Z","updated_at":"2015-04-15T13:34:59Z","repo":"chartist-js","state":"open","user":{"login":"Globegitter","id":2580254},"owner":"gionkunz","closed_at":null,"id":68684786}
{"_id":{"$oid":"552f1f5fbd354362b0038f33"},"created_at":"2015-04-16T02:32:58Z","updated_at":"2015-04-16T02:32:58Z","repo":"chartist-js","state":"open","user":{"login":"LRRoberts0122","id":2066489},"owner":"gionkunz","closed_at":null,"id":68830139}
{"_id":{"$oid":"552f5835bd35437241039ff8"},"created_at":"2015-04-16T06:35:27Z","updated_at":"2015-04-16T06:35:27Z","repo":"chartist-js","state":"open","user":{"login":"mturnwall","id":44970},"owner":"gionkunz","closed_at":null,"id":68856339}
{"_id":{"$oid":"5533e8eabd35430400003203"},"created_at":"2015-04-16T17:42:58Z","updated_at":"2015-04-19T17:41:58Z","repo":"chartist-js","state":"open","user":{"login":"Globegitter","id":2580254},"owner":"gionkunz","closed_at":null,"id":68974260}
{"_id":{"$oid":"55300f36bd3543696f03cf65"},"created_at":"2015-04-16T19:36:04Z","updated_at":"2015-04-16T19:36:04Z","repo":"chartist-js","state":"open","user":{"login":"levitanong","id":869638},"owner":"gionkunz","closed_at":null,"id":68994887}
{"_id":{"$oid":"5533e8eabd35430400003202"},"created_at":"2015-04-18T13:22:31Z","updated_at":"2015-04-18T13:22:31Z","repo":"chartist-js","state":"open","user":{"login":"Globegitter","id":2580254},"owner":"gionkunz","closed_at":null,"id":69308734}
{"_id":{"$oid":"5537905cbd35431d5300a8f5"},"created_at":"2015-04-22T12:13:14Z","updated_at":"2015-04-22T12:13:14Z","repo":"chartist-js","state":"open","user":{"login":"exside","id":445501},"owner":"gionkunz","closed_at":null,"id":70108646}
{"_id":{"$oid":"55379dcdbd35431e2700af76"},"created_at":"2015-04-22T13:10:32Z","updated_at":"2015-04-22T13:10:32Z","repo":"chartist-js","state":"open","user":{"login":"Martinomagnifico","id":380576},"owner":"gionkunz","closed_at":null,"id":70121526}
{"_id":{"$oid":"55379f0bbd354316b200a90f"},"created_at":"2015-04-22T13:15:52Z","updated_at":"2015-04-22T13:15:52Z","repo":"chartist-js","state":"open","user":{"login":"Martinomagnifico","id":380576},"owner":"gionkunz","closed_at":null,"id":70122897}
{"_id":{"$oid":"5537a14dbd3543243d00aa4a"},"created_at":"2015-04-22T13:25:28Z","updated_at":"2015-04-22T13:25:28Z","repo":"chartist-js","state":"open","user":{"login":"Martinomagnifico","id":380576},"owner":"gionkunz","closed_at":null,"id":70125195}
{"_id":{"$oid":"5538e0cebd354324fc000dc3"},"created_at":"2015-04-23T12:08:35Z","updated_at":"2015-04-23T12:08:35Z","repo":"chartist-js","state":"open","user":{"login":"Martinomagnifico","id":380576},"owner":"gionkunz","closed_at":null,"id":70395041}
{"_id":{"$oid":"55391221bd35431d110017ed"},"created_at":"2015-04-23T15:39:06Z","updated_at":"2015-04-23T15:39:06Z","repo":"chartist-js","state":"open","user":{"login":"Martinomagnifico","id":380576},"owner":"gionkunz","closed_at":null,"id":70443911}
{"_id":{"$oid":"553b7e6abd354329a100789f"},"created_at":"2015-04-24T07:29:45Z","updated_at":"2015-04-25T11:45:37Z","repo":"chartist-js","state":"open","user":{"login":"scthi","id":318533},"owner":"gionkunz","closed_at":null,"id":70612769}
{"_id":{"$oid":"553a2acbbd35432546004716"},"created_at":"2015-04-24T11:36:39Z","updated_at":"2015-04-24T11:36:39Z","repo":"chartist-js","state":"open","user":{"login":"mrRiff","id":1511116},"owner":"gionkunz","closed_at":null,"id":70667209}
{"_id":{"$oid":"553ae449bd35432fb1006675"},"created_at":"2015-04-25T00:48:05Z","updated_at":"2015-04-25T00:48:05Z","repo":"chartist-js","state":"open","user":{"login":"baldown","id":349450},"owner":"gionkunz","closed_at":null,"id":70832716}
{"_id":{"$oid":"553b4973bd3543324c007263"},"created_at":"2015-04-25T07:59:40Z","updated_at":"2015-04-25T07:59:40Z","repo":"chartist-js","state":"open","user":{"login":"gionkunz","id":2203704},"owner":"gionkunz","closed_at":null,"id":70872273}
{"_id":{"$oid":"553cb0d9bd35432a09009cac"},"created_at":"2015-04-25T14:32:52Z","updated_at":"2015-04-26T09:33:03Z","repo":"chartist-js","state":"closed","user":{"login":"gruberb","id":2135077},"owner":"gionkunz","closed_at":"2015-04-26T09:32:45Z","id":70920083}
{"_id":{"$oid":"553cb44dbd354339490099a5"},"created_at":"2015-04-26T09:47:35Z","updated_at":"2015-04-26T09:47:35Z","repo":"chartist-js","state":"open","user":{"login":"gionkunz","id":2203704},"owner":"gionkunz","closed_at":null,"id":71042736}
{"_id":{"$oid":"553cba2bbd35432a98009c5a"},"created_at":"2015-04-26T10:12:53Z","updated_at":"2015-04-26T10:12:53Z","repo":"chartist-js","state":"open","user":{"login":"gionkunz","id":2203704},"owner":"gionkunz","closed_at":null,"id":71045157}
{"_id":{"$oid":"553cbc98bd35432f65009d6e"},"created_at":"2015-04-26T10:23:14Z","updated_at":"2015-04-26T10:23:14Z","repo":"chartist-js","state":"open","user":{"login":"gionkunz","id":2203704},"owner":"gionkunz","closed_at":null,"id":71046857}
{"_id":{"$oid":"553ce5f6bd3543394e009fc2"},"created_at":"2015-04-26T13:03:57Z","updated_at":"2015-04-26T13:19:43Z","repo":"chartist-js","state":"open","user":{"login":"scthi","id":318533},"owner":"gionkunz","closed_at":null,"id":71064428}
{"_id":{"$oid":"553ced5cbd35432f6500a2dd"},"created_at":"2015-04-26T13:51:20Z","updated_at":"2015-04-26T13:51:20Z","repo":"chartist-js","state":"open","user":{"login":"gionkunz","id":2203704},"owner":"gionkunz","closed_at":null,"id":71070145}
{"_id":{"$oid":"553cf2afbd354329a100a42f"},"created_at":"2015-04-26T14:14:01Z","updated_at":"2015-04-26T14:14:01Z","repo":"chartist-js","state":"open","user":{"login":"gionkunz","id":2203704},"owner":"gionkunz","closed_at":null,"id":71073590}
{"_id":{"$oid":"553d0803bd3543394900a44c"},"created_at":"2015-04-26T15:44:59Z","updated_at":"2015-04-26T15:44:59Z","repo":"chartist-js","state":"open","user":{"login":"gionkunz","id":2203704},"owner":"gionkunz","closed_at":null,"id":71084495}
{"_id":{"$oid":"554001febd35430de5002490"},"created_at":"2015-04-28T21:55:36Z","updated_at":"2015-04-28T21:55:36Z","repo":"chartist-js","state":"open","user":{"login":"Globegitter","id":2580254},"owner":"gionkunz","closed_at":null,"id":71718327}
{"_id":{"$oid":"5545f58bbd3543711500555e"},"created_at":"2015-05-03T10:16:35Z","updated_at":"2015-05-03T10:16:35Z","repo":"chartist-js","state":"open","user":{"login":"acki-m","id":11368160},"owner":"gionkunz","closed_at":null,"id":72783698}
{"_id":{"$oid":"554601f4bd354380e5005713"},"created_at":"2015-05-03T11:09:36Z","updated_at":"2015-05-03T11:09:36Z","repo":"chartist-js","state":"open","user":{"login":"acki-m","id":11368160},"owner":"gionkunz","closed_at":null,"id":72790468}
{"_id":{"$oid":"55470ecabd354380e5007c58"},"created_at":"2015-05-04T06:16:38Z","updated_at":"2015-05-04T06:16:38Z","repo":"chartist-js","state":"open","user":{"login":"lindekaer","id":4806217},"owner":"gionkunz","closed_at":null,"id":72932088}
{"_id":{"$oid":"55479230bd35437141009285"},"created_at":"2015-05-04T15:36:50Z","updated_at":"2015-05-04T15:36:50Z","repo":"chartist-js","state":"open","user":{"login":"bluepineventures","id":7969843},"owner":"gionkunz","closed_at":null,"id":73053785}
{"_id":{"$oid":"5547b2eebd354386ff009ae2"},"created_at":"2015-05-04T17:56:35Z","updated_at":"2015-05-04T17:56:35Z","repo":"chartist-js","state":"open","user":{"login":"youssefdetovernickr","id":7997154},"owner":"gionkunz","closed_at":null,"id":73084315}
{"_id":{"$oid":"55493493bd354362410008e9"},"created_at":"2015-05-05T21:22:22Z","updated_at":"2015-05-05T21:22:22Z","repo":"chartist-js","state":"open","user":{"login":"gionkunz","id":2203704},"owner":"gionkunz","closed_at":null,"id":73435591}
{"_id":{"$oid":"5549bff5bd354360df001f5f"},"created_at":"2015-05-06T07:17:06Z","updated_at":"2015-05-06T07:17:06Z","repo":"chartist-js","state":"open","user":{"login":"gionkunz","id":2203704},"owner":"gionkunz","closed_at":null,"id":73538758}
{"_id":{"$oid":"5549c0a5bd354363aa001ed4"},"created_at":"2015-05-06T07:20:02Z","updated_at":"2015-05-06T07:20:02Z","repo":"chartist-js","state":"open","user":{"login":"gionkunz","id":2203704},"owner":"gionkunz","closed_at":null,"id":73539712}
{"_id":{"$oid":"554a12a6bd3543635e0030f9"},"created_at":"2015-05-06T13:09:41Z","updated_at":"2015-05-06T13:09:41Z","repo":"chartist-js","state":"open","user":{"login":"nblackburn","id":2931085},"owner":"gionkunz","closed_at":null,"id":73614124}
{"_id":{"$oid":"554a9d71bd35435f99005116"},"created_at":"2015-05-06T23:02:05Z","updated_at":"2015-05-06T23:02:05Z","repo":"chartist-js","state":"open","user":{"login":"missedtheboat","id":5274697},"owner":"gionkunz","closed_at":null,"id":73763286}
{"_id":{"$oid":"554b3f20bd35436115006dbc"},"created_at":"2015-05-07T10:31:55Z","updated_at":"2015-05-07T10:31:55Z","repo":"chartist-js","state":"open","user":{"login":"meghaklp","id":465382},"owner":"gionkunz","closed_at":null,"id":73934308}
{"_id":{"$oid":"554bb75bbd354360730088e4"},"created_at":"2015-05-07T19:04:55Z","updated_at":"2015-05-07T19:04:55Z","repo":"chartist-js","state":"open","user":{"login":"gionkunz","id":2203704},"owner":"gionkunz","closed_at":null,"id":74092747}
{"_id":{"$oid":"554fb1febd3543e33f001248"},"created_at":"2015-05-08T19:46:15Z","updated_at":"2015-05-08T19:46:19Z","repo":"chartist-js","state":"open","user":{"login":"gionkunz","id":2203704},"owner":"gionkunz","closed_at":null,"id":74472964}
{"_id":{"$oid":"554fb1febd3543e33f001247"},"created_at":"2015-05-08T19:46:58Z","updated_at":"2015-05-08T19:47:04Z","repo":"chartist-js","state":"open","user":{"login":"gionkunz","id":2203704},"owner":"gionkunz","closed_at":null,"id":74473143}
{"_id":{"$oid":"554fb1febd3543e33f001246"},"created_at":"2015-05-10T12:51:55Z","updated_at":"2015-05-10T12:51:58Z","repo":"chartist-js","state":"open","user":{"login":"gionkunz","id":2203704},"owner":"gionkunz","closed_at":null,"id":74913610}
{"_id":{"$oid":"554fb1febd3543e33f001245"},"created_at":"2015-05-10T16:09:30Z","updated_at":"2015-05-10T16:09:30Z","repo":"chartist-js","state":"open","user":{"login":"gionkunz","id":2203704},"owner":"gionkunz","closed_at":null,"id":74947843}
{"_id":{"$oid":"5550f2c7bd3543e227004b30"},"created_at":"2015-05-11T14:10:35Z","updated_at":"2015-05-11T16:58:34Z","repo":"chartist-js","state":"open","user":{"login":"meghaklp","id":465382},"owner":"gionkunz","closed_at":null,"id":75235043}
{"_id":{"$oid":"5551bd82bd3543ea990001a1"},"created_at":"2015-05-11T20:25:14Z","updated_at":"2015-05-12T08:28:24Z","repo":"chartist-js","state":"closed","user":{"login":"youssefdetovernickr","id":7997154},"owner":"gionkunz","closed_at":"2015-05-12T08:28:24Z","id":75346154}
{"_id":{"$oid":"555256e3bd3543f6a80024ff"},"created_at":"2015-05-12T19:39:09Z","updated_at":"2015-05-12T19:39:09Z","repo":"chartist-js","state":"open","user":{"login":"gionkunz","id":2203704},"owner":"gionkunz","closed_at":null,"id":75713582}
{"_id":{"$oid":"55525938bd3543e9c400321b"},"created_at":"2015-05-12T19:48:38Z","updated_at":"2015-05-12T19:48:38Z","repo":"chartist-js","state":"open","user":{"login":"gionkunz","id":2203704},"owner":"gionkunz","closed_at":null,"id":75716898}
{"_id":{"$oid":"5552f4f7bd3543e0b8004b7e"},"created_at":"2015-05-13T06:53:18Z","updated_at":"2015-05-13T06:53:18Z","repo":"chartist-js","state":"open","user":{"login":"akhasis","id":11518830},"owner":"gionkunz","closed_at":null,"id":75872868}
{"_id":{"$oid":"55545137bd3543061700755e"},"created_at":"2015-05-14T07:39:27Z","updated_at":"2015-05-14T07:39:27Z","repo":"chartist-js","state":"open","user":{"login":"grilladroid","id":572227},"owner":"gionkunz","closed_at":null,"id":76269330}
{"_id":{"$oid":"5555b7e7bd35430d0300d7e6"},"created_at":"2015-05-15T09:09:39Z","updated_at":"2015-05-15T09:09:39Z","repo":"chartist-js","state":"open","user":{"login":"puhuang","id":8215078},"owner":"gionkunz","closed_at":null,"id":76658714}
{"_id":{"$oid":"557fd4edbd3543e65501616f"},"created_at":"2015-05-17T11:25:28Z","updated_at":"2015-06-16T07:48:17Z","repo":"chartist-js","state":"open","user":{"login":"radist2s","id":725645},"owner":"gionkunz","closed_at":null,"id":77285973}
{"_id":{"$oid":"555b010cbd3543fbe7017aae"},"created_at":"2015-05-19T09:23:20Z","updated_at":"2015-05-19T09:23:20Z","repo":"chartist-js","state":"open","user":{"login":"alberk8","id":12510130},"owner":"gionkunz","closed_at":null,"id":78009546}
{"_id":{"$oid":"555b4288bd3543fc49019f68"},"created_at":"2015-05-19T14:02:37Z","updated_at":"2015-05-19T14:02:37Z","repo":"chartist-js","state":"open","user":{"login":"Theadd","id":78041},"owner":"gionkunz","closed_at":null,"id":78101184}
{"_id":{"$oid":"555b49bbbd3543fd4401aaae"},"created_at":"2015-05-19T14:33:24Z","updated_at":"2015-05-19T14:33:24Z","repo":"chartist-js","state":"open","user":{"login":"amitjainis","id":12514269},"owner":"gionkunz","closed_at":null,"id":78113185}
{"_id":{"$oid":"555b6372bd3543fcc001b8b8"},"created_at":"2015-05-19T16:23:10Z","updated_at":"2015-05-19T16:23:10Z","repo":"chartist-js","state":"open","user":{"login":"ddevaal","id":400684},"owner":"gionkunz","closed_at":null,"id":78156503}
{"_id":{"$oid":"5560fbe2bd3543f0db007e4d"},"created_at":"2015-05-20T03:11:18Z","updated_at":"2015-05-23T22:14:53Z","repo":"chartist-js","state":"open","user":{"login":"missedtheboat","id":5274697},"owner":"gionkunz","closed_at":null,"id":78347000}
{"_id":{"$oid":"555c85d1bd3543164701ff69"},"created_at":"2015-05-20T13:01:42Z","updated_at":"2015-05-20T13:01:58Z","repo":"chartist-js","state":"open","user":{"login":"nblackburn","id":2931085},"owner":"gionkunz","closed_at":null,"id":78516123}
{"_id":{"$oid":"555f278cbd3543f06d00420e"},"created_at":"2015-05-22T12:56:41Z","updated_at":"2015-05-22T12:56:41Z","repo":"chartist-js","state":"open","user":{"login":"antonigiske","id":271969},"owner":"gionkunz","closed_at":null,"id":79445747}
{"_id":{"$oid":"5560e1a6bd3543f2ac00919e"},"created_at":"2015-05-23T20:22:58Z","updated_at":"2015-05-23T20:22:58Z","repo":"chartist-js","state":"open","user":{"login":"nicholasalanbrown","id":3259022},"owner":"gionkunz","closed_at":null,"id":79943695}
{"_id":{"$oid":"5562c595bd3543099e00c9ec"},"created_at":"2015-05-25T06:47:41Z","updated_at":"2015-05-25T06:47:41Z","repo":"chartist-js","state":"open","user":{"login":"atmobios","id":12263384},"owner":"gionkunz","closed_at":null,"id":80419189}
{"_id":{"$oid":"5572e6c9bd35435e6e002a6d"},"created_at":"2015-05-25T19:49:04Z","updated_at":"2015-06-06T12:25:36Z","repo":"chartist-js","state":"open","user":{"login":"cdcarson","id":78032},"owner":"gionkunz","closed_at":null,"id":80646605}
{"_id":{"$oid":"5565825dbd3543f2b8013c9e"},"created_at":"2015-05-27T08:35:03Z","updated_at":"2015-05-27T08:35:03Z","repo":"chartist-js","state":"open","user":{"login":"JohnFreedricks","id":12623614},"owner":"gionkunz","closed_at":null,"id":81348839}
{"_id":{"$oid":"55694cd6bd3543c27c004411"},"created_at":"2015-05-30T05:37:57Z","updated_at":"2015-05-30T05:37:57Z","repo":"chartist-js","state":"open","user":{"login":"fzgharaei","id":3292696},"owner":"gionkunz","closed_at":null,"id":82711491}
{"_id":{"$oid":"556a111fbd3543b6cc007d9e"},"created_at":"2015-05-30T19:35:51Z","updated_at":"2015-05-30T19:35:51Z","repo":"chartist-js","state":"open","user":{"login":"maligree","id":902616},"owner":"gionkunz","closed_at":null,"id":82893816}
{"_id":{"$oid":"556b2efbbd3543b4160098e8"},"created_at":"2015-05-31T15:55:32Z","updated_at":"2015-05-31T15:55:32Z","repo":"chartist-js","state":"open","user":{"login":"ionutcalara","id":5338839},"owner":"gionkunz","closed_at":null,"id":83120391}
{"_id":{"$oid":"556c2286bd3543bb4e00d86b"},"created_at":"2015-06-01T09:14:37Z","updated_at":"2015-06-01T09:14:37Z","repo":"chartist-js","state":"open","user":{"login":"disturbed-pixel","id":8006858},"owner":"gionkunz","closed_at":null,"id":83400561}
{"_id":{"$oid":"5571e4c8bd354352c3001d33"},"created_at":"2015-06-02T10:51:04Z","updated_at":"2015-06-05T18:04:18Z","repo":"chartist-js","state":"open","user":{"login":"shootaroo","id":435105},"owner":"gionkunz","closed_at":null,"id":83967256}
{"_id":{"$oid":"556ddca9bd3543c1d9011c5a"},"created_at":"2015-06-02T16:41:03Z","updated_at":"2015-06-02T16:41:03Z","repo":"chartist-js","state":"open","user":{"login":"saffabook","id":6928921},"owner":"gionkunz","closed_at":null,"id":84099399}
{"_id":{"$oid":"55715681bd3543110d003b03"},"created_at":"2015-06-05T07:57:45Z","updated_at":"2015-06-05T07:57:45Z","repo":"chartist-js","state":"open","user":{"login":"santosh1994","id":7022342},"owner":"gionkunz","closed_at":null,"id":85466153}
{"_id":{"$oid":"557156a7bd354320e2003897"},"created_at":"2015-06-05T07:58:24Z","updated_at":"2015-06-05T07:58:24Z","repo":"chartist-js","state":"open","user":{"login":"santosh1994","id":7022342},"owner":"gionkunz","closed_at":null,"id":85466226}
{"_id":{"$oid":"5571bb15bd354351c2001158"},"created_at":"2015-06-05T15:06:55Z","updated_at":"2015-06-05T15:06:55Z","repo":"chartist-js","state":"open","user":{"login":"QuentinFchx","id":3251963},"owner":"gionkunz","closed_at":null,"id":85554394}
{"_id":{"$oid":"5572ef4ebd35435ddc002697"},"created_at":"2015-06-06T13:01:46Z","updated_at":"2015-06-06T13:01:46Z","repo":"chartist-js","state":"open","user":{"login":"ChrisJefferson","id":811527},"owner":"gionkunz","closed_at":null,"id":85748454}
{"_id":{"$oid":"5577ffaebd354316b0005ca1"},"created_at":"2015-06-10T09:12:00Z","updated_at":"2015-06-10T09:12:55Z","repo":"chartist-js","state":"open","user":{"login":"gionkunz","id":2203704},"owner":"gionkunz","closed_at":null,"id":86898934}
{"_id":{"$oid":"55786fcdbd35432298007b14"},"created_at":"2015-06-10T17:09:57Z","updated_at":"2015-06-10T17:09:57Z","repo":"chartist-js","state":"open","user":{"login":"ChrisJefferson","id":811527},"owner":"gionkunz","closed_at":null,"id":87039961}
{"_id":{"$oid":"557fc9d0bd3543e63b016504"},"created_at":"2015-06-10T22:51:01Z","updated_at":"2015-06-16T07:01:25Z","repo":"chartist-js","state":"open","user":{"login":"kkirsche","id":947110},"owner":"gionkunz","closed_at":null,"id":87134185}
{"_id":{"$oid":"5579781ebd35436a5300015e"},"created_at":"2015-06-11T11:59:12Z","updated_at":"2015-06-11T11:59:12Z","repo":"chartist-js","state":"open","user":{"login":"rjcrystal","id":1962366},"owner":"gionkunz","closed_at":null,"id":87320623}
{"_id":{"$oid":"5579856bbd3543e6460001ff"},"created_at":"2015-06-11T12:56:01Z","updated_at":"2015-06-11T12:56:01Z","repo":"chartist-js","state":"open","user":{"login":"Saturate","id":453018},"owner":"gionkunz","closed_at":null,"id":87337147}
{"_id":{"$oid":"5579dfc4bd3543e64c001f33"},"created_at":"2015-06-11T19:21:29Z","updated_at":"2015-06-11T19:21:29Z","repo":"chartist-js","state":"open","user":{"login":"amsardesai","id":2029031},"owner":"gionkunz","closed_at":null,"id":87463320}
{"_id":{"$oid":"557fc9d0bd3543e63b016503"},"created_at":"2015-06-12T00:46:28Z","updated_at":"2015-06-12T00:46:28Z","repo":"chartist-js","state":"open","user":{"login":"amsardesai","id":2029031},"owner":"gionkunz","closed_at":null,"id":87556296}
{"_id":{"$oid":"557e832cbd3543e63d00ff51"},"created_at":"2015-06-15T07:47:48Z","updated_at":"2015-06-15T07:47:48Z","repo":"chartist-js","state":"open","user":{"login":"victorhooi","id":243499},"owner":"gionkunz","closed_at":null,"id":88349179}
{"_id":{"$oid":"557ed8e1bd3543e64a011ba6"},"created_at":"2015-06-15T13:53:23Z","updated_at":"2015-06-15T13:53:23Z","repo":"chartist-js","state":"open","user":{"login":"bebbs","id":7558797},"owner":"gionkunz","closed_at":null,"id":88434352}
{"_id":{"$oid":"557fd89abd3543e6500162a9"},"created_at":"2015-06-16T08:04:12Z","updated_at":"2015-06-16T08:04:12Z","repo":"chartist-js","state":"open","user":{"login":"gionkunz","id":2203704},"owner":"gionkunz","closed_at":null,"id":88651317}
{"_id":{"$oid":"55804fe0bd354398b6000c08"},"created_at":"2015-06-16T11:05:59Z","updated_at":"2015-06-16T16:01:14Z","repo":"chartist-js","state":"closed","user":{"login":"radist2s","id":725645},"owner":"gionkunz","closed_at":"2015-06-16T16:01:14Z","id":88694671}
{"_id":{"$oid":"55804313bd3543987d000870"},"created_at":"2015-06-16T15:27:38Z","updated_at":"2015-06-16T15:27:38Z","repo":"chartist-js","state":"open","user":{"login":"petereberlecom","id":6251911},"owner":"gionkunz","closed_at":null,"id":88759842}
{"_id":{"$oid":"5581a903bd3543998800724f"},"created_at":"2015-06-17T17:06:05Z","updated_at":"2015-06-17T17:06:05Z","repo":"chartist-js","state":"open","user":{"login":"wedgef5","id":12939463},"owner":"gionkunz","closed_at":null,"id":89072323}
{"_id":{"$oid":"55872535bd354345d10020db"},"created_at":"2015-06-18T10:07:59Z","updated_at":"2015-06-18T10:07:59Z","repo":"chartist-js","state":"open","user":{"login":"skoutuk","id":12939287},"owner":"gionkunz","closed_at":null,"id":89252348}
{"_id":{"$oid":"5586d00fbd354344b2000737"},"created_at":"2015-06-18T19:59:09Z","updated_at":"2015-06-18T19:59:09Z","repo":"chartist-js","state":"open","user":{"login":"saxap","id":5407655},"owner":"gionkunz","closed_at":null,"id":89383591}
{"_id":{"$oid":"5586d00ebd354344b2000736"},"created_at":"2015-06-18T20:50:31Z","updated_at":"2015-06-18T20:50:31Z","repo":"chartist-js","state":"open","user":{"login":"anthonyjimenez","id":2080075},"owner":"gionkunz","closed_at":null,"id":89394310}
{"_id":{"$oid":"5587253fbd354345d10020dd"},"created_at":"2015-06-19T10:48:13Z","updated_at":"2015-06-19T11:34:01Z","repo":"chartist-js","state":"closed","user":{"login":"niravprajapati90","id":10980978},"owner":"gionkunz","closed_at":"2015-06-19T11:34:01Z","id":89532427}
{"_id":{"$oid":"5587253fbd354345d10020dc"},"created_at":"2015-06-19T14:22:57Z","updated_at":"2015-06-19T19:40:06Z","repo":"chartist-js","state":"closed","user":{"login":"sgraham3311","id":3640686},"owner":"gionkunz","closed_at":"2015-06-19T19:40:06Z","id":89576910}
{"_id":{"$oid":"5588d026bd35438cd4002d25"},"created_at":"2015-06-22T16:12:52Z","updated_at":"2015-06-22T16:12:52Z","repo":"chartist-js","state":"open","user":{"login":"guillaume-g","id":7372595},"owner":"gionkunz","closed_at":null,"id":90143248}
{"_id":{"$oid":"5588d025bd35438cd4002d24"},"created_at":"2015-06-22T19:30:06Z","updated_at":"2015-06-22T19:30:06Z","repo":"chartist-js","state":"open","user":{"login":"crivas","id":1402814},"owner":"gionkunz","closed_at":null,"id":90189047}
{"_id":{"$oid":"558998f5bd3543ed630016a4"},"created_at":"2015-06-23T17:35:24Z","updated_at":"2015-06-23T17:35:24Z","repo":"chartist-js","state":"open","user":{"login":"alexstanbury","id":809537},"owner":"gionkunz","closed_at":null,"id":90445986}
{"_id":{"$oid":"55899b9abd3543edbd001ba8"},"created_at":"2015-06-23T17:46:31Z","updated_at":"2015-06-23T17:46:31Z","repo":"chartist-js","state":"open","user":{"login":"ErikTech","id":3100998},"owner":"gionkunz","closed_at":null,"id":90448877}
{"_id":{"$oid":"558ab558bd3543f35e006fbf"},"created_at":"2015-06-24T13:45:24Z","updated_at":"2015-06-24T13:45:32Z","repo":"chartist-js","state":"open","user":{"login":"pomm0","id":6084030},"owner":"gionkunz","closed_at":null,"id":90679774}
{"_id":{"$oid":"558ad7c6bd3543f3f5005ef7"},"created_at":"2015-06-24T15:43:31Z","updated_at":"2015-06-24T16:03:11Z","repo":"chartist-js","state":"open","user":{"login":"mikerandall","id":224680},"owner":"gionkunz","closed_at":null,"id":90714345}
{"_id":{"$oid":"558add23bd3543f523006dbf"},"created_at":"2015-06-24T16:37:02Z","updated_at":"2015-06-24T16:37:02Z","repo":"chartist-js","state":"open","user":{"login":"NicoSa","id":5588696},"owner":"gionkunz","closed_at":null,"id":90728028}
{"_id":{"$oid":"558b2348bd3543ed36008adc"},"created_at":"2015-06-24T17:28:36Z","updated_at":"2015-06-24T18:31:05Z","repo":"chartist-js","state":"open","user":{"login":"alexstanbury","id":809537},"owner":"gionkunz","closed_at":null,"id":90738617}
{"_id":{"$oid":"558c0392bd3543ed1500d6cd"},"created_at":"2015-06-25T13:34:45Z","updated_at":"2015-06-25T13:34:45Z","repo":"chartist-js","state":"open","user":{"login":"mikerandall","id":224680},"owner":"gionkunz","closed_at":null,"id":90966924}
{"_id":{"$oid":"558c1ffebd3543f46000ca56"},"created_at":"2015-06-25T15:36:19Z","updated_at":"2015-06-25T15:36:19Z","repo":"chartist-js","state":"open","user":{"login":"pomm0","id":6084030},"owner":"gionkunz","closed_at":null,"id":90998200}
{"_id":{"$oid":"55911c11bd3543f28102236b"},"created_at":"2015-06-29T10:20:55Z","updated_at":"2015-06-29T10:20:55Z","repo":"chartist-js","state":"open","user":{"login":"vladmiller","id":1024144},"owner":"gionkunz","closed_at":null,"id":91766160}
{"_id":{"$oid":"55913471bd3543f2760213b5"},"created_at":"2015-06-29T12:04:51Z","updated_at":"2015-06-29T12:04:51Z","repo":"chartist-js","state":"open","user":{"login":"mpskovvang","id":7034075},"owner":"gionkunz","closed_at":null,"id":91785521}
{"_id":{"$oid":"559260abbd3543f46c0268d1"},"created_at":"2015-06-30T09:25:34Z","updated_at":"2015-06-30T09:25:34Z","repo":"chartist-js","state":"open","user":{"login":"pomm0","id":6084030},"owner":"gionkunz","closed_at":null,"id":92036499}
{"_id":{"$oid":"5593d37ebd3543ed6f02b440"},"created_at":"2015-07-01T11:47:58Z","updated_at":"2015-07-01T11:47:58Z","repo":"chartist-js","state":"open","user":{"login":"lucadegasperi","id":820687},"owner":"gionkunz","closed_at":null,"id":92361422}
{"_id":{"$oid":"559642b5bd3543d7850001d5"},"created_at":"2015-07-02T12:41:37Z","updated_at":"2015-07-02T12:41:37Z","repo":"chartist-js","state":"open","user":{"login":"klaemo","id":778624},"owner":"gionkunz","closed_at":null,"id":92627436}
