{"_id":{"$oid":"52a9f371bd3543e46a000179"},"repo":"jekyll","owner":"jekyll","name":"suggestion"}
{"_id":{"$oid":"52a9f371bd3543e46a00017a"},"repo":"jekyll","owner":"jekyll","name":"hold"}
{"_id":{"$oid":"52a9f371bd3543e46a00017b"},"repo":"jekyll","owner":"jekyll","name":"feature"}
{"_id":{"$oid":"52a9f371bd3543e46a00017c"},"repo":"jekyll","owner":"jekyll","name":"bug"}
{"_id":{"$oid":"52a9f371bd3543e46a00017d"},"repo":"jekyll","owner":"jekyll","name":"question"}
{"_id":{"$oid":"52a9f371bd3543e46a00017e"},"repo":"jekyll","owner":"jekyll","name":"wontfix"}
{"_id":{"$oid":"52a9f371bd3543e46a00017f"},"repo":"jekyll","owner":"jekyll","name":"@mojombo"}
{"_id":{"$oid":"52a9f371bd3543e46a000180"},"repo":"jekyll","owner":"jekyll","name":"pending"}
{"_id":{"$oid":"52a9f371bd3543e46a000181"},"repo":"jekyll","owner":"jekyll","name":"discussion"}
{"_id":{"$oid":"52a9f371bd3543e46a000182"},"repo":"jekyll","owner":"jekyll","name":"fix"}
{"_id":{"$oid":"52a9f371bd3543e46a000183"},"repo":"jekyll","owner":"jekyll","name":"docs"}
{"_id":{"$oid":"52a9f371bd3543e46a000184"},"repo":"jekyll","owner":"jekyll","name":"enhancement"}
{"_id":{"$oid":"52a9f371bd3543e46a000185"},"repo":"jekyll","owner":"jekyll","name":"chopping block"}
{"_id":{"$oid":"52a9f371bd3543e46a000186"},"repo":"jekyll","owner":"jekyll","name":"migrator"}
{"_id":{"$oid":"52a9f371bd3543e46a000187"},"repo":"jekyll","owner":"jekyll","name":"needs-decision"}
{"_id":{"$oid":"52ceb4e4bd3543bc1d003047"},"repo":"jekyll","owner":"jekyll","name":"Suggestion"}
{"_id":{"$oid":"52ceb4e4bd3543bc1d003048"},"repo":"jekyll","owner":"jekyll","name":"Feature"}
{"_id":{"$oid":"52ceb4e4bd3543bc1d003049"},"repo":"jekyll","owner":"jekyll","name":"Bug"}
{"_id":{"$oid":"52ceb4e4bd3543bc1d00304a"},"repo":"jekyll","owner":"jekyll","name":"Question"}
{"_id":{"$oid":"52ceb4e4bd3543bc1d00304b"},"repo":"jekyll","owner":"jekyll","name":"Won't Fix"}
{"_id":{"$oid":"52ceb4e4bd3543bc1d00304c"},"repo":"jekyll","owner":"jekyll","name":"Discussion"}
{"_id":{"$oid":"52ceb4e4bd3543bc1d00304d"},"repo":"jekyll","owner":"jekyll","name":"Fix"}
{"_id":{"$oid":"52ceb4e4bd3543bc1d00304e"},"repo":"jekyll","owner":"jekyll","name":"Documentation"}
{"_id":{"$oid":"52ceb4e4bd3543bc1d00304f"},"repo":"jekyll","owner":"jekyll","name":"Enhancement"}
{"_id":{"$oid":"52ceb4e4bd3543bc1d003050"},"repo":"jekyll","owner":"jekyll","name":"Needs Decision"}
{"_id":{"$oid":"535ebf6abd3543241d03ceb0"},"repo":"jekyll","owner":"jekyll","name":"Refactor"}
{"_id":{"$oid":"535ebf6abd3543241d03ceb1"},"repo":"jekyll","owner":"jekyll","name":"help wanted"}
{"_id":{"$oid":"53e5912cbd3543a396007998"},"repo":"jekyll","owner":"jekyll","name":":shipit:"}
{"_id":{"$oid":"53e5912cbd3543a396007999"},"repo":"jekyll","owner":"jekyll","name":"¯\\_(ツ)_/¯"}
{"_id":{"$oid":"53eaf86fbd3543a43401f682"},"repo":"jekyll","owner":"jekyll","name":"UX"}
{"_id":{"$oid":"54212044bd354367d200892e"},"repo":"jekyll","owner":"jekyll","name":"Security"}
{"_id":{"$oid":"548a201abd354309ed001373"},"repo":"jekyll","owner":"jekyll","name":"Pending Comments"}
{"_id":{"$oid":"548a201abd354309ed001374"},"repo":"jekyll","owner":"jekyll","name":"Windows"}
{"_id":{"$oid":"548b3eb5bd35430a0c0053b8"},"repo":"jekyll","owner":"jekyll","name":"Team"}
{"_id":{"$oid":"5506fb31bd3543e113001b9a"},"repo":"jekyll","owner":"jekyll","name":"Plugin"}
{"_id":{"$oid":"5506fb31bd3543e113001b9b"},"repo":"jekyll","owner":"jekyll","name":"Needs Work"}
{"_id":{"$oid":"5506fb31bd3543e113001b9c"},"repo":"jekyll","owner":"jekyll","name":"Has Pull Request"}
