{"_id":{"$oid":"541d73d6bd354307a6009ceb"},"repo":"protobuf","owner":"google","name":"bug"}
{"_id":{"$oid":"541d73d6bd354307a6009cec"},"repo":"protobuf","owner":"google","name":"duplicate"}
{"_id":{"$oid":"541d73d6bd354307a6009ced"},"repo":"protobuf","owner":"google","name":"enhancement"}
{"_id":{"$oid":"541d73d6bd354307a6009cee"},"repo":"protobuf","owner":"google","name":"help wanted"}
{"_id":{"$oid":"541d73d6bd354307a6009cef"},"repo":"protobuf","owner":"google","name":"invalid"}
{"_id":{"$oid":"541d73d6bd354307a6009cf0"},"repo":"protobuf","owner":"google","name":"question"}
{"_id":{"$oid":"541d73d6bd354307a6009cf1"},"repo":"protobuf","owner":"google","name":"wontfix"}
{"_id":{"$oid":"5540bfb9bd3543b2350011ac"},"repo":"protobuf","owner":"google","name":"cla: yes"}
{"_id":{"$oid":"5540bfb9bd3543b2350011ad"},"repo":"protobuf","owner":"google","name":"cla: no"}
{"_id":{"$oid":"5540bfb9bd3543b2350011ae"},"repo":"protobuf","owner":"google","name":"c#"}
{"_id":{"$oid":"5540bfb9bd3543be56001134"},"repo":"protobuf","owner":"google","name":"c#"}
