{"_id":{"$oid":"541dfa35bd354306bf00d0ce"},"created_at":"2014-09-03T18:04:32Z","actor":{"login":"xfxyjwf","id":8551050},"event":"milestoned","repo":"protobuf","issue_id":2,"owner":"google","id":160726202}
{"_id":{"$oid":"541dfa35bd354306bf00d0cf"},"created_at":"2014-09-03T18:04:53Z","actor":{"login":"xfxyjwf","id":8551050},"event":"demilestoned","repo":"protobuf","issue_id":2,"owner":"google","id":160726441}
{"_id":{"$oid":"541f4b5cbd354375ae003195"},"created_at":"2014-08-29T00:52:00Z","actor":{"login":"xfxyjwf","id":8551050},"event":"assigned","repo":"protobuf","issue_id":6,"owner":"google","id":158763917}
{"_id":{"$oid":"541f4b5cbd354375ae003196"},"created_at":"2014-08-29T00:52:35Z","actor":{"login":"xfxyjwf","id":8551050},"event":"milestoned","repo":"protobuf","issue_id":6,"owner":"google","id":158764017}
{"_id":{"$oid":"541f4b5cbd354375ae003197"},"created_at":"2014-09-10T20:18:37Z","actor":{"login":"xfxyjwf","id":8551050},"event":"milestoned","repo":"protobuf","issue_id":6,"owner":"google","id":163863475}
{"_id":{"$oid":"541f4b5cbd354375ae003198"},"created_at":"2014-09-10T20:18:37Z","actor":{"login":"xfxyjwf","id":8551050},"event":"demilestoned","repo":"protobuf","issue_id":6,"owner":"google","id":163863476}
{"_id":{"$oid":"541f4b5cbd354375ae003199"},"created_at":"2014-09-10T20:18:59Z","actor":{"login":"xfxyjwf","id":8551050},"event":"milestoned","repo":"protobuf","issue_id":6,"owner":"google","id":163863632}
{"_id":{"$oid":"541f4b5cbd354375ae00319a"},"created_at":"2014-09-10T20:18:59Z","actor":{"login":"xfxyjwf","id":8551050},"event":"demilestoned","repo":"protobuf","issue_id":6,"owner":"google","id":163863633}
{"_id":{"$oid":"541f4b5cbd354375ae00319b"},"created_at":"2014-09-15T17:32:43Z","actor":{"login":"xfxyjwf","id":8551050},"event":"milestoned","repo":"protobuf","issue_id":6,"owner":"google","id":165605245}
{"_id":{"$oid":"541f4b5cbd354375ae00319c"},"created_at":"2014-09-15T17:32:43Z","actor":{"login":"xfxyjwf","id":8551050},"event":"demilestoned","repo":"protobuf","issue_id":6,"owner":"google","id":165605246}
{"_id":{"$oid":"542dad3abd35435a7b01062f"},"created_at":"2014-10-01T23:52:35Z","actor":{"login":"xfxyjwf","id":8551050},"event":"closed","repo":"protobuf","issue_id":6,"owner":"google","id":173008076}
{"_id":{"$oid":"5420ac0abd354367b7004729"},"created_at":"2014-09-03T18:04:15Z","actor":{"login":"xfxyjwf","id":8551050},"event":"milestoned","repo":"protobuf","issue_id":7,"owner":"google","id":160726045}
{"_id":{"$oid":"5420d6efbd354368440062f3"},"created_at":"2014-09-03T18:04:00Z","actor":{"login":"xfxyjwf","id":8551050},"event":"milestoned","repo":"protobuf","issue_id":9,"owner":"google","id":160725903}
{"_id":{"$oid":"5420e28ebd35436804006edb"},"created_at":"2014-09-03T17:18:55Z","actor":{"login":"xfxyjwf","id":8551050},"event":"assigned","repo":"protobuf","issue_id":10,"owner":"google","id":160699302}
{"_id":{"$oid":"5420e28ebd35436804006edc"},"created_at":"2014-09-04T07:16:12Z","actor":{"login":"huahang","id":351370},"event":"closed","repo":"protobuf","issue_id":10,"owner":"google","id":161010341}
{"_id":{"$oid":"5421068cbd35436920007f14"},"created_at":"2014-09-04T00:11:30Z","actor":{"login":"xfxyjwf","id":8551050},"event":"closed","repo":"protobuf","issue_id":11,"owner":"google","id":160901938}
{"_id":{"$oid":"54213dd9bd354367ab00a465"},"created_at":"2014-09-10T20:18:00Z","actor":{"login":"xfxyjwf","id":8551050},"event":"labeled","repo":"protobuf","issue_id":13,"owner":"google","id":163863145}
{"_id":{"$oid":"5421475cbd3543679000b1dc"},"created_at":"2014-09-10T20:16:57Z","actor":{"login":"xfxyjwf","id":8551050},"event":"milestoned","repo":"protobuf","issue_id":14,"owner":"google","id":163862536}
{"_id":{"$oid":"5421475cbd3543679000b1dd"},"created_at":"2014-09-10T20:16:59Z","actor":{"login":"xfxyjwf","id":8551050},"event":"labeled","repo":"protobuf","issue_id":14,"owner":"google","id":163862562}
{"_id":{"$oid":"5445b1fbbd3543a0bc0390c8"},"created_at":"2014-10-21T01:07:58Z","actor":{"login":"xfxyjwf","id":8551050},"event":"closed","repo":"protobuf","issue_id":14,"owner":"google","id":181260640}
{"_id":{"$oid":"54225d9cbd354367de0114df"},"created_at":"2014-09-08T17:51:54Z","actor":{"login":"test","id":383316},"event":"mentioned","repo":"protobuf","issue_id":16,"owner":"google","id":162634903}
{"_id":{"$oid":"54225d9cbd354367de0114e0"},"created_at":"2014-09-08T17:51:54Z","actor":{"login":"test","id":383316},"event":"subscribed","repo":"protobuf","issue_id":16,"owner":"google","id":162634904}
{"_id":{"$oid":"54225d9cbd354367de0114e1"},"created_at":"2014-09-08T18:32:36Z","actor":{"login":"xfxyjwf","id":8551050},"event":"labeled","repo":"protobuf","issue_id":16,"owner":"google","id":162659169}
{"_id":{"$oid":"54225d9cbd354367de0114e2"},"created_at":"2014-09-10T20:16:43Z","actor":{"login":"xfxyjwf","id":8551050},"event":"closed","repo":"protobuf","issue_id":16,"owner":"google","id":163862413}
{"_id":{"$oid":"5422899cbd354368bd012910"},"created_at":"2014-09-09T20:28:27Z","actor":{"login":"xfxyjwf","id":8551050},"event":"labeled","repo":"protobuf","issue_id":17,"owner":"google","id":163295252}
{"_id":{"$oid":"5422899cbd354368bd012911"},"created_at":"2014-09-10T20:16:21Z","actor":{"login":"xfxyjwf","id":8551050},"event":"milestoned","repo":"protobuf","issue_id":17,"owner":"google","id":163862275}
{"_id":{"$oid":"542ee9f2bd354361f50166c4"},"created_at":"2014-10-03T18:24:42Z","actor":{"login":"xfxyjwf","id":8551050},"event":"closed","repo":"protobuf","issue_id":17,"owner":"google","id":173944908}
{"_id":{"$oid":"54f8d225bd3543c54000d1f2"},"created_at":"2015-03-05T22:01:05Z","actor":{"login":"pherl","id":315593},"event":"closed","repo":"protobuf","issue_id":22,"owner":"google","id":247126643}
{"_id":{"$oid":"5424b8f9bd35436844021261"},"created_at":"2014-09-18T01:23:54Z","actor":{"login":"xfxyjwf","id":8551050},"event":"labeled","repo":"protobuf","issue_id":23,"owner":"google","id":166963975}
{"_id":{"$oid":"5424b8f9bd35436844021262"},"created_at":"2014-09-18T01:23:57Z","actor":{"login":"xfxyjwf","id":8551050},"event":"closed","repo":"protobuf","issue_id":23,"owner":"google","id":166963984}
{"_id":{"$oid":"5424d74abd354367ab027c81"},"created_at":"2014-09-18T01:39:30Z","actor":{"login":"xfxyjwf","id":8551050},"event":"milestoned","repo":"protobuf","issue_id":24,"owner":"google","id":166967298}
{"_id":{"$oid":"542e1fcfbd3543618201d177"},"created_at":"2014-10-03T00:40:47Z","actor":{"login":"xfxyjwf","id":8551050},"event":"closed","repo":"protobuf","issue_id":24,"owner":"google","id":173591319}
{"_id":{"$oid":"54256236bd3543680402874f"},"created_at":"2014-09-18T01:39:36Z","actor":{"login":"xfxyjwf","id":8551050},"event":"milestoned","repo":"protobuf","issue_id":25,"owner":"google","id":166967318}
{"_id":{"$oid":"54256236bd35436804028750"},"created_at":"2014-09-18T23:55:03Z","actor":{"login":"edmonds","id":202839},"event":"referenced","repo":"protobuf","issue_id":25,"owner":"google","id":167483990}
{"_id":{"$oid":"54256236bd35436804028751"},"created_at":"2014-09-19T00:42:53Z","actor":{"login":"edmonds","id":202839},"event":"referenced","repo":"protobuf","issue_id":25,"owner":"google","id":167496143}
{"_id":{"$oid":"54256236bd35436804028752"},"created_at":"2014-09-19T19:00:58Z","actor":{"login":"xfxyjwf","id":8551050},"event":"closed","repo":"protobuf","issue_id":25,"owner":"google","id":167882763}
{"_id":{"$oid":"54260110bd35436d4b02ab37"},"created_at":"2014-09-19T00:23:14Z","actor":{"login":"protobufel","id":6665881},"event":"renamed","repo":"protobuf","issue_id":26,"owner":"google","id":167491467}
{"_id":{"$oid":"542cea97bd354363760115de"},"created_at":"2014-09-30T00:50:35Z","actor":{"login":"xfxyjwf","id":8551050},"event":"closed","repo":"protobuf","issue_id":26,"owner":"google","id":171828126}
{"_id":{"$oid":"542cebb0bd35435a7b00bafc"},"created_at":"2014-09-30T01:00:26Z","actor":{"login":"xfxyjwf","id":8551050},"event":"closed","repo":"protobuf","issue_id":33,"owner":"google","id":171830692}
{"_id":{"$oid":"542e1e39bd35435a2f01256e"},"created_at":"2014-10-02T22:34:52Z","actor":{"login":"xfxyjwf","id":8551050},"event":"milestoned","repo":"protobuf","issue_id":34,"owner":"google","id":173552498}
{"_id":{"$oid":"542e1e39bd35435a2f01256f"},"created_at":"2014-10-02T22:56:10Z","actor":{"login":"xfxyjwf","id":8551050},"event":"closed","repo":"protobuf","issue_id":34,"owner":"google","id":173559809}
{"_id":{"$oid":"5445be54bd3543a3370373b8"},"created_at":"2014-10-21T02:00:47Z","actor":{"login":"protobufel","id":6665881},"event":"closed","repo":"protobuf","issue_id":40,"owner":"google","id":181274896}
{"_id":{"$oid":"542dfa64bd35435a7b0110f2"},"created_at":"2014-10-02T22:34:34Z","actor":{"login":"xfxyjwf","id":8551050},"event":"milestoned","repo":"protobuf","issue_id":41,"owner":"google","id":173552394}
{"_id":{"$oid":"542dfa64bd35435a7b0110f3"},"created_at":"2014-10-02T22:35:09Z","actor":{"login":"xfxyjwf","id":8551050},"event":"labeled","repo":"protobuf","issue_id":41,"owner":"google","id":173552583}
{"_id":{"$oid":"542dfa64bd35435a7b0110f4"},"created_at":"2014-10-02T22:36:31Z","actor":{"login":"xfxyjwf","id":8551050},"event":"closed","repo":"protobuf","issue_id":41,"owner":"google","id":173553122}
{"_id":{"$oid":"54381914bd3543a0ff006d9e"},"created_at":"2014-10-10T17:23:09Z","actor":{"login":"xfxyjwf","id":8551050},"event":"closed","repo":"protobuf","issue_id":44,"owner":"google","id":177031270}
{"_id":{"$oid":"5438259cbd3543a1730084d4"},"created_at":"2014-10-10T18:29:48Z","actor":{"login":"xfxyjwf","id":8551050},"event":"milestoned","repo":"protobuf","issue_id":45,"owner":"google","id":177064638}
{"_id":{"$oid":"54399441bd3543a0a400f1df"},"created_at":"2014-10-10T18:31:53Z","actor":{"login":"worr","id":183837},"event":"mentioned","repo":"protobuf","issue_id":45,"owner":"google","id":177065792}
{"_id":{"$oid":"54399441bd3543a0a400f1e0"},"created_at":"2014-10-10T18:31:53Z","actor":{"login":"worr","id":183837},"event":"subscribed","repo":"protobuf","issue_id":45,"owner":"google","id":177065793}
{"_id":{"$oid":"54399441bd3543a0a400f1e1"},"created_at":"2014-10-10T20:42:30Z","actor":{"login":"worr","id":183837},"event":"mentioned","repo":"protobuf","issue_id":45,"owner":"google","id":177127708}
{"_id":{"$oid":"54399441bd3543a0a400f1e2"},"created_at":"2014-10-10T20:42:30Z","actor":{"login":"worr","id":183837},"event":"subscribed","repo":"protobuf","issue_id":45,"owner":"google","id":177127709}
{"_id":{"$oid":"54399441bd3543a0a400f1e3"},"created_at":"2014-10-11T20:34:03Z","actor":{"login":"xfxyjwf","id":8551050},"event":"closed","repo":"protobuf","issue_id":45,"owner":"google","id":177307933}
{"_id":{"$oid":"54f8d264bd3543c49b00a795"},"created_at":"2015-03-05T22:02:08Z","actor":{"login":"pherl","id":315593},"event":"closed","repo":"protobuf","issue_id":49,"owner":"google","id":247127303}
{"_id":{"$oid":"5446d57abd35439fc903c898"},"created_at":"2014-10-21T21:50:42Z","actor":{"login":"xfxyjwf","id":8551050},"event":"closed","repo":"protobuf","issue_id":51,"owner":"google","id":181810583}
{"_id":{"$oid":"54400937bd3543a1a6026629"},"created_at":"2014-10-16T18:06:45Z","actor":{"login":"xfxyjwf","id":8551050},"event":"closed","repo":"protobuf","issue_id":56,"owner":"google","id":179592149}
{"_id":{"$oid":"5445166fbd3543a047034d11"},"created_at":"2014-10-20T14:04:27Z","actor":{"login":"agoode","id":59842},"event":"closed","repo":"protobuf","issue_id":58,"owner":"google","id":180881589}
{"_id":{"$oid":"5475298dbd3543c166035324"},"created_at":"2014-11-25T00:14:53Z","actor":{"login":"xfxyjwf","id":8551050},"event":"milestoned","repo":"protobuf","issue_id":62,"owner":"google","id":197969135}
{"_id":{"$oid":"5475298dbd3543c166035325"},"created_at":"2014-11-26T01:14:35Z","actor":{"login":"xfxyjwf","id":8551050},"event":"closed","repo":"protobuf","issue_id":62,"owner":"google","id":198668139}
{"_id":{"$oid":"5473c9eabd3543c08c029630"},"created_at":"2014-11-25T00:14:10Z","actor":{"login":"xfxyjwf","id":8551050},"event":"closed","repo":"protobuf","issue_id":64,"owner":"google","id":197968895}
{"_id":{"$oid":"5453d2c4bd3543e5ab0060e8"},"created_at":"2014-10-31T18:19:37Z","actor":{"login":"xfxyjwf","id":8551050},"event":"closed","repo":"protobuf","issue_id":68,"owner":"google","id":186727911}
{"_id":{"$oid":"547528c0bd3543c09803cec3"},"created_at":"2014-11-25T00:11:08Z","actor":{"login":"xfxyjwf","id":8551050},"event":"milestoned","repo":"protobuf","issue_id":77,"owner":"google","id":197967848}
{"_id":{"$oid":"547528c0bd3543c09803cec4"},"created_at":"2014-11-26T01:10:24Z","actor":{"login":"xfxyjwf","id":8551050},"event":"referenced","repo":"protobuf","issue_id":77,"owner":"google","id":198666804}
{"_id":{"$oid":"547528c0bd3543c09803cec5"},"created_at":"2014-11-26T01:11:23Z","actor":{"login":"xfxyjwf","id":8551050},"event":"closed","repo":"protobuf","issue_id":77,"owner":"google","id":198667089}
{"_id":{"$oid":"5473c90dbd3543c1fc029fcf"},"created_at":"2014-11-25T00:10:25Z","actor":{"login":"xfxyjwf","id":8551050},"event":"closed","repo":"protobuf","issue_id":78,"owner":"google","id":197967582}
{"_id":{"$oid":"546aabd0bd3543c04c00f226"},"created_at":"2014-11-17T13:55:10Z","actor":{"login":"tseaver","id":242750},"event":"renamed","repo":"protobuf","issue_id":80,"owner":"google","id":194211151}
{"_id":{"$oid":"546aabd0bd3543c04c00f227"},"created_at":"2014-11-17T16:25:28Z","actor":{"login":"tseaver","id":242750},"event":"referenced","repo":"protobuf","issue_id":80,"owner":"google","id":194304731}
{"_id":{"$oid":"546aabd0bd3543c04c00f228"},"created_at":"2014-11-17T16:26:59Z","actor":{"login":"tseaver","id":242750},"event":"referenced","repo":"protobuf","issue_id":80,"owner":"google","id":194305773}
{"_id":{"$oid":"546aabd0bd3543c04c00f229"},"created_at":"2014-11-18T02:15:40Z","actor":{"login":"xfxyjwf","id":8551050},"event":"closed","repo":"protobuf","issue_id":80,"owner":"google","id":194618043}
{"_id":{"$oid":"5473d9c8bd3543c03502af9c"},"created_at":"2014-11-25T01:21:59Z","actor":{"login":"rofl0r","id":341425},"event":"closed","repo":"protobuf","issue_id":83,"owner":"google","id":197995071}
{"_id":{"$oid":"5473c3e1bd3543c193029cf5"},"created_at":"2014-11-24T23:48:22Z","actor":{"login":"xfxyjwf","id":8551050},"event":"closed","repo":"protobuf","issue_id":85,"owner":"google","id":197958816}
{"_id":{"$oid":"5488f2c8bd35433b6e000e14"},"created_at":"2014-11-24T23:46:52Z","actor":{"login":"xfxyjwf","id":8551050},"event":"milestoned","repo":"protobuf","issue_id":87,"owner":"google","id":197958240}
{"_id":{"$oid":"548ba672bd35431f9000665b"},"created_at":"2014-12-11T20:00:40Z","actor":{"login":"xfxyjwf","id":8551050},"event":"closed","repo":"protobuf","issue_id":87,"owner":"google","id":206388007}
{"_id":{"$oid":"547ee8c1bd354356cd00020d"},"created_at":"2014-11-24T23:46:08Z","actor":{"login":"xfxyjwf","id":8551050},"event":"milestoned","repo":"protobuf","issue_id":92,"owner":"google","id":197957983}
{"_id":{"$oid":"547ee8c1bd354356cd00020e"},"created_at":"2014-12-02T23:48:38Z","actor":{"login":"xfxyjwf","id":8551050},"event":"closed","repo":"protobuf","issue_id":92,"owner":"google","id":201623290}
{"_id":{"$oid":"54740a55bd35434fc1007fcd"},"created_at":"2014-11-24T23:45:44Z","actor":{"login":"nothing-whoami","id":2926551},"event":"mentioned","repo":"protobuf","issue_id":93,"owner":"google","id":197957792}
{"_id":{"$oid":"54740a55bd35434fc1007fce"},"created_at":"2014-11-24T23:45:44Z","actor":{"login":"nothing-whoami","id":2926551},"event":"subscribed","repo":"protobuf","issue_id":93,"owner":"google","id":197957793}
{"_id":{"$oid":"54740a55bd35434fc1007fcf"},"created_at":"2014-11-25T04:39:18Z","actor":{"login":"xfxyjwf","id":8551050},"event":"mentioned","repo":"protobuf","issue_id":93,"owner":"google","id":198046282}
{"_id":{"$oid":"54740a55bd35434fc1007fd0"},"created_at":"2014-11-25T04:39:18Z","actor":{"login":"xfxyjwf","id":8551050},"event":"subscribed","repo":"protobuf","issue_id":93,"owner":"google","id":198046283}
{"_id":{"$oid":"54740a55bd35434fc1007fd1"},"created_at":"2014-11-25T04:39:22Z","actor":{"login":"nothing-whoami","id":2926551},"event":"closed","repo":"protobuf","issue_id":93,"owner":"google","id":198046288}
{"_id":{"$oid":"546f9ed5bd3543c1ea02559c"},"created_at":"2014-11-21T19:28:21Z","actor":{"login":"srenault","id":1011289},"event":"closed","repo":"protobuf","issue_id":94,"owner":"google","id":196976563}
{"_id":{"$oid":"546fc14bbd3543c13b021d98"},"created_at":"2014-11-21T22:48:23Z","actor":{"login":"srenault","id":1011289},"event":"closed","repo":"protobuf","issue_id":95,"owner":"google","id":197077145}
{"_id":{"$oid":"547c1e48bd3543166c00570d"},"created_at":"2014-12-01T06:59:08Z","actor":{"login":"haberman","id":1270},"event":"closed","repo":"protobuf","issue_id":97,"owner":"google","id":200401883}
{"_id":{"$oid":"5473c217bd3543c066032490"},"created_at":"2014-11-24T23:40:51Z","actor":{"login":"xfxyjwf","id":8551050},"event":"closed","repo":"protobuf","issue_id":98,"owner":"google","id":197955510}
{"_id":{"$oid":"5474fd37bd3543c0e403d196"},"created_at":"2014-11-24T23:36:42Z","actor":{"login":"TeBoring","id":5195749},"event":"mentioned","repo":"protobuf","issue_id":99,"owner":"google","id":197953790}
{"_id":{"$oid":"5474fd37bd3543c0e403d197"},"created_at":"2014-11-24T23:36:42Z","actor":{"login":"TeBoring","id":5195749},"event":"subscribed","repo":"protobuf","issue_id":99,"owner":"google","id":197953791}
{"_id":{"$oid":"5474fd37bd3543c0e403d198"},"created_at":"2014-11-24T23:39:33Z","actor":{"login":"xfxyjwf","id":8551050},"event":"milestoned","repo":"protobuf","issue_id":99,"owner":"google","id":197954960}
{"_id":{"$oid":"5474fd37bd3543c0e403d199"},"created_at":"2014-11-25T22:05:31Z","actor":{"login":"xfxyjwf","id":8551050},"event":"closed","repo":"protobuf","issue_id":99,"owner":"google","id":198583014}
{"_id":{"$oid":"54752278bd3543c18702de6d"},"created_at":"2014-11-26T00:44:22Z","actor":{"login":"xfxyjwf","id":8551050},"event":"milestoned","repo":"protobuf","issue_id":107,"owner":"google","id":198657861}
{"_id":{"$oid":"547ee8f4bd35435d4100026b"},"created_at":"2014-12-02T23:50:51Z","actor":{"login":"xfxyjwf","id":8551050},"event":"closed","repo":"protobuf","issue_id":107,"owner":"google","id":201624087}
{"_id":{"$oid":"548a6cf9bd354309bb002867"},"created_at":"2014-11-26T21:25:53Z","actor":{"login":"pherl","id":315593},"event":"closed","repo":"protobuf","issue_id":108,"owner":"google","id":199223349}
{"_id":{"$oid":"547cbbc2bd3543172a0099d3"},"created_at":"2014-12-01T18:41:17Z","actor":{"login":"xfxyjwf","id":8551050},"event":"closed","repo":"protobuf","issue_id":112,"owner":"google","id":200751007}
{"_id":{"$oid":"548b212fbd3543174b0046a2"},"created_at":"2014-12-05T05:34:01Z","actor":{"login":"VikramTiwari","id":1330677},"event":"closed","repo":"protobuf","issue_id":117,"owner":"google","id":203093764}
{"_id":{"$oid":"548b3134bd354311db005199"},"created_at":"2014-12-04T23:47:30Z","actor":{"login":"file","id":6860416},"event":"mentioned","repo":"protobuf","issue_id":119,"owner":"google","id":202999427}
{"_id":{"$oid":"548b3134bd354311db00519a"},"created_at":"2014-12-04T23:47:30Z","actor":{"login":"file","id":6860416},"event":"subscribed","repo":"protobuf","issue_id":119,"owner":"google","id":202999429}
{"_id":{"$oid":"548b3165bd35431764005523"},"created_at":"2014-12-05T00:26:17Z","actor":{"login":"xfxyjwf","id":8551050},"event":"closed","repo":"protobuf","issue_id":120,"owner":"google","id":203013785}
{"_id":{"$oid":"548b3165bd35431764005524"},"created_at":"2014-12-05T00:26:22Z","actor":{"login":"xfxyjwf","id":8551050},"event":"milestoned","repo":"protobuf","issue_id":120,"owner":"google","id":203013830}
{"_id":{"$oid":"548b4691bd354309b00061d6"},"created_at":"2014-12-08T19:25:19Z","actor":{"login":"xfxyjwf","id":8551050},"event":"milestoned","repo":"protobuf","issue_id":122,"owner":"google","id":204397139}
{"_id":{"$oid":"548b4691bd354309b00061d7"},"created_at":"2014-12-08T19:25:22Z","actor":{"login":"xfxyjwf","id":8551050},"event":"assigned","repo":"protobuf","issue_id":122,"owner":"google","id":204397153}
{"_id":{"$oid":"548b4691bd354309b00061d8"},"created_at":"2014-12-11T19:59:24Z","actor":{"login":"xfxyjwf","id":8551050},"event":"closed","repo":"protobuf","issue_id":122,"owner":"google","id":206386962}
{"_id":{"$oid":"548b58e7bd35430a190060fa"},"created_at":"2014-12-08T10:09:19Z","actor":{"login":"vlovich","id":201287},"event":"renamed","repo":"protobuf","issue_id":124,"owner":"google","id":204069560}
{"_id":{"$oid":"548b64e2bd3543180b0068cd"},"created_at":"2014-12-12T02:32:45Z","actor":{"login":"xfxyjwf","id":8551050},"event":"closed","repo":"protobuf","issue_id":125,"owner":"google","id":206561441}
{"_id":{"$oid":"548b9f4fbd35431bee00882b"},"created_at":"2014-12-11T19:57:34Z","actor":{"login":"cfallin","id":216148},"event":"assigned","repo":"protobuf","issue_id":133,"owner":"google","id":206385794}
{"_id":{"$oid":"549a90e0bd35432095010470"},"created_at":"2014-12-24T10:09:32Z","actor":{"login":"isaiah","id":18042},"event":"closed","repo":"protobuf","issue_id":133,"owner":"google","id":211685841}
{"_id":{"$oid":"5490c7c9bd3543178a02f604"},"created_at":"2014-12-17T00:01:09Z","actor":{"login":"xfxyjwf","id":8551050},"event":"closed","repo":"protobuf","issue_id":142,"owner":"google","id":208663845}
{"_id":{"$oid":"549a4088bd354322ce01067f"},"created_at":"2014-12-19T04:49:21Z","actor":{"login":"xfxyjwf","id":8551050},"event":"mentioned","repo":"protobuf","issue_id":144,"owner":"google","id":209994443}
{"_id":{"$oid":"549a4088bd354322ce010680"},"created_at":"2014-12-19T04:49:21Z","actor":{"login":"xfxyjwf","id":8551050},"event":"subscribed","repo":"protobuf","issue_id":144,"owner":"google","id":209994444}
{"_id":{"$oid":"549a4088bd354322ce010681"},"created_at":"2014-12-19T05:39:15Z","actor":{"login":"balloob","id":1444314},"event":"mentioned","repo":"protobuf","issue_id":144,"owner":"google","id":210003374}
{"_id":{"$oid":"549a4088bd354322ce010682"},"created_at":"2014-12-19T05:39:15Z","actor":{"login":"balloob","id":1444314},"event":"subscribed","repo":"protobuf","issue_id":144,"owner":"google","id":210003375}
{"_id":{"$oid":"549a4088bd354322ce010683"},"created_at":"2014-12-22T01:14:28Z","actor":{"login":"virtuald","id":567900},"event":"mentioned","repo":"protobuf","issue_id":144,"owner":"google","id":210711796}
{"_id":{"$oid":"549a4088bd354322ce010684"},"created_at":"2014-12-22T01:14:28Z","actor":{"login":"virtuald","id":567900},"event":"subscribed","repo":"protobuf","issue_id":144,"owner":"google","id":210711797}
{"_id":{"$oid":"549a4088bd354322ce010685"},"created_at":"2014-12-24T01:16:35Z","actor":{"login":"virtuald","id":567900},"event":"mentioned","repo":"protobuf","issue_id":144,"owner":"google","id":211587670}
{"_id":{"$oid":"549a4088bd354322ce010686"},"created_at":"2014-12-24T01:16:35Z","actor":{"login":"virtuald","id":567900},"event":"subscribed","repo":"protobuf","issue_id":144,"owner":"google","id":211587671}
{"_id":{"$oid":"549a4088bd354322ce010687"},"created_at":"2014-12-24T04:26:42Z","actor":{"login":"virtuald","id":567900},"event":"closed","repo":"protobuf","issue_id":144,"owner":"google","id":211618766}
{"_id":{"$oid":"54a2d549bd3543248801df64"},"created_at":"2014-12-30T16:39:32Z","actor":{"login":"dionyziz","id":544572},"event":"closed","repo":"protobuf","issue_id":148,"owner":"google","id":212878645}
{"_id":{"$oid":"54f8d280bd3543c3d700adf8"},"created_at":"2015-03-05T22:02:34Z","actor":{"login":"pherl","id":315593},"event":"closed","repo":"protobuf","issue_id":152,"owner":"google","id":247128369}
{"_id":{"$oid":"54ef6d90bd3543cf7d00701d"},"created_at":"2015-02-26T18:44:24Z","actor":{"login":"pherl","id":315593},"event":"closed","repo":"protobuf","issue_id":159,"owner":"google","id":242721991}
{"_id":{"$oid":"54c4cfc8bd3543d47a00ef5c"},"created_at":"2015-01-25T11:13:06Z","actor":{"login":"mreu","id":9655045},"event":"closed","repo":"protobuf","issue_id":170,"owner":"google","id":224289517}
{"_id":{"$oid":"54ef94c4bd3543c479006c4c"},"created_at":"2015-02-02T17:53:56Z","actor":{"login":"xfxyjwf","id":8551050},"event":"assigned","repo":"protobuf","issue_id":176,"owner":"google","id":228683479}
{"_id":{"$oid":"54ef94c5bd3543c479006c4d"},"created_at":"2015-02-02T17:55:49Z","actor":{"login":"xfxyjwf","id":8551050},"event":"milestoned","repo":"protobuf","issue_id":176,"owner":"google","id":228684818}
{"_id":{"$oid":"54ef94c5bd3543c479006c4e"},"created_at":"2015-02-26T21:41:55Z","actor":{"login":"pherl","id":315593},"event":"closed","repo":"protobuf","issue_id":176,"owner":"google","id":242863059}
{"_id":{"$oid":"54c2a28cbd3543e0d500a500"},"created_at":"2015-01-23T19:35:36Z","actor":{"login":"xfxyjwf","id":8551050},"event":"closed","repo":"protobuf","issue_id":177,"owner":"google","id":223915059}
{"_id":{"$oid":"54ef6e59bd3543cf7d00705b"},"created_at":"2015-02-26T18:46:25Z","actor":{"login":"pherl","id":315593},"event":"closed","repo":"protobuf","issue_id":179,"owner":"google","id":242723651}
{"_id":{"$oid":"54cfbbeabd35433e0100d478"},"created_at":"2015-02-02T18:03:19Z","actor":{"login":"markfickett","id":307950},"event":"closed","repo":"protobuf","issue_id":188,"owner":"google","id":228690222}
{"_id":{"$oid":"54f8d1e4bd3543c40400b6f6"},"created_at":"2015-02-04T03:22:54Z","actor":{"login":"liwei-ch","id":9692167},"event":"renamed","repo":"protobuf","issue_id":192,"owner":"google","id":229773783}
{"_id":{"$oid":"54f8d1e4bd3543c4a700b862"},"created_at":"2015-02-04T03:22:54Z","actor":{"login":"liwei-ch","id":9692167},"event":"renamed","repo":"protobuf","issue_id":192,"owner":"google","id":229773783}
{"_id":{"$oid":"54f8d1e4bd3543c40400b6f7"},"created_at":"2015-03-05T21:59:55Z","actor":{"login":"pherl","id":315593},"event":"closed","repo":"protobuf","issue_id":192,"owner":"google","id":247125979}
{"_id":{"$oid":"54f8d1e4bd3543c4a700b863"},"created_at":"2015-03-05T21:59:55Z","actor":{"login":"pherl","id":315593},"event":"closed","repo":"protobuf","issue_id":192,"owner":"google","id":247125979}
{"_id":{"$oid":"54d8b860bd35437810016744"},"created_at":"2015-02-09T13:38:33Z","actor":{"login":"alexfernandez","id":876570},"event":"closed","repo":"protobuf","issue_id":200,"owner":"google","id":232454522}
{"_id":{"$oid":"54ff6740bd3543c58f01be4a"},"created_at":"2015-03-10T21:50:14Z","actor":{"login":"xfxyjwf","id":8551050},"event":"closed","repo":"protobuf","issue_id":205,"owner":"google","id":249698439}
{"_id":{"$oid":"54dd02ddbd35435a83001c36"},"created_at":"2015-02-12T19:45:29Z","actor":{"login":"schroederc","id":8930878},"event":"closed","repo":"protobuf","issue_id":208,"owner":"google","id":234927817}
{"_id":{"$oid":"54ef6a0ebd3543c58b006601"},"created_at":"2015-02-25T05:30:19Z","actor":{"login":"pherl","id":315593},"event":"assigned","repo":"protobuf","issue_id":217,"owner":"google","id":241485199}
{"_id":{"$oid":"54ef6a0ebd3543c58b006602"},"created_at":"2015-02-26T18:30:23Z","actor":{"login":"pherl","id":315593},"event":"closed","repo":"protobuf","issue_id":217,"owner":"google","id":242710975}
{"_id":{"$oid":"54ef69e3bd3543c91900738f"},"created_at":"2015-02-25T08:06:20Z","actor":{"login":"zsurocking","id":10237908},"event":"renamed","repo":"protobuf","issue_id":218,"owner":"google","id":241532240}
{"_id":{"$oid":"54ef69e3bd3543c919007390"},"created_at":"2015-02-26T18:30:05Z","actor":{"login":"pherl","id":315593},"event":"closed","repo":"protobuf","issue_id":218,"owner":"google","id":242710734}
{"_id":{"$oid":"5509bd15bd35433457001903"},"created_at":"2015-03-18T17:59:14Z","actor":{"login":"pherl","id":315593},"event":"closed","repo":"protobuf","issue_id":219,"owner":"google","id":258456620}
{"_id":{"$oid":"54ef6660bd3543d5aa006960"},"created_at":"2015-02-26T18:21:24Z","actor":{"login":"pherl","id":315593},"event":"closed","repo":"protobuf","issue_id":220,"owner":"google","id":242702159}
{"_id":{"$oid":"54f105bebd3543c45a00ad84"},"created_at":"2015-02-28T00:03:04Z","actor":{"login":"pherl","id":315593},"event":"closed","repo":"protobuf","issue_id":223,"owner":"google","id":243650966}
{"_id":{"$oid":"54f7d73bbd3543c381005fa4"},"created_at":"2015-03-05T04:08:01Z","actor":{"login":"pherl","id":315593},"event":"closed","repo":"protobuf","issue_id":226,"owner":"google","id":246523948}
{"_id":{"$oid":"54fa2cefbd3543c58100f741"},"created_at":"2015-03-06T22:40:44Z","actor":{"login":"pherl","id":315593},"event":"closed","repo":"protobuf","issue_id":232,"owner":"google","id":247844426}
{"_id":{"$oid":"5511d845bd354349a7019177"},"created_at":"2015-03-12T17:42:20Z","actor":{"login":"cfallin","id":216148},"event":"mentioned","repo":"protobuf","issue_id":233,"owner":"google","id":251092613}
{"_id":{"$oid":"5511d845bd354349a7019178"},"created_at":"2015-03-12T17:42:20Z","actor":{"login":"cfallin","id":216148},"event":"subscribed","repo":"protobuf","issue_id":233,"owner":"google","id":251092614}
{"_id":{"$oid":"5511d845bd354349a7019179"},"created_at":"2015-03-24T21:32:56Z","actor":{"login":"matt1","id":579401},"event":"closed","repo":"protobuf","issue_id":233,"owner":"google","id":264028700}
{"_id":{"$oid":"55005f18bd3543dc6502036c"},"created_at":"2015-03-10T19:58:46Z","actor":{"login":"cfallin","id":216148},"event":"mentioned","repo":"protobuf","issue_id":234,"owner":"google","id":249618159}
{"_id":{"$oid":"55005f18bd3543dc6502036d"},"created_at":"2015-03-10T19:58:46Z","actor":{"login":"cfallin","id":216148},"event":"subscribed","repo":"protobuf","issue_id":234,"owner":"google","id":249618160}
{"_id":{"$oid":"55005f18bd3543dc6502036e"},"created_at":"2015-03-10T20:21:44Z","actor":{"login":"alfredkcp","id":440773},"event":"mentioned","repo":"protobuf","issue_id":234,"owner":"google","id":249634943}
{"_id":{"$oid":"55005f18bd3543dc6502036f"},"created_at":"2015-03-10T20:21:44Z","actor":{"login":"alfredkcp","id":440773},"event":"subscribed","repo":"protobuf","issue_id":234,"owner":"google","id":249634944}
{"_id":{"$oid":"55005f18bd3543dc65020370"},"created_at":"2015-03-10T20:23:29Z","actor":{"login":"cfallin","id":216148},"event":"referenced","repo":"protobuf","issue_id":234,"owner":"google","id":249636305}
{"_id":{"$oid":"55005f19bd3543dc65020371"},"created_at":"2015-03-10T20:32:23Z","actor":{"login":"pherl","id":315593},"event":"mentioned","repo":"protobuf","issue_id":234,"owner":"google","id":249642722}
{"_id":{"$oid":"55005f19bd3543dc65020372"},"created_at":"2015-03-10T20:32:23Z","actor":{"login":"pherl","id":315593},"event":"subscribed","repo":"protobuf","issue_id":234,"owner":"google","id":249642723}
{"_id":{"$oid":"55005f19bd3543dc65020373"},"created_at":"2015-03-10T20:52:10Z","actor":{"login":"pherl","id":315593},"event":"mentioned","repo":"protobuf","issue_id":234,"owner":"google","id":249657364}
{"_id":{"$oid":"55005f19bd3543dc65020374"},"created_at":"2015-03-10T20:52:10Z","actor":{"login":"pherl","id":315593},"event":"subscribed","repo":"protobuf","issue_id":234,"owner":"google","id":249657365}
{"_id":{"$oid":"55005f19bd3543dc65020375"},"created_at":"2015-03-10T20:52:10Z","actor":{"login":"xfxyjwf","id":8551050},"event":"mentioned","repo":"protobuf","issue_id":234,"owner":"google","id":249657366}
{"_id":{"$oid":"55005f19bd3543dc65020376"},"created_at":"2015-03-10T20:52:10Z","actor":{"login":"xfxyjwf","id":8551050},"event":"subscribed","repo":"protobuf","issue_id":234,"owner":"google","id":249657367}
{"_id":{"$oid":"55005f19bd3543dc65020377"},"created_at":"2015-03-11T15:24:32Z","actor":{"login":"alfredkcp","id":440773},"event":"closed","repo":"protobuf","issue_id":234,"owner":"google","id":250176354}
{"_id":{"$oid":"55685d7bbd35439f4a001ed9"},"created_at":"2015-03-12T17:15:34Z","actor":{"login":"jtattermusch","id":9939684},"event":"renamed","repo":"protobuf","issue_id":238,"owner":"google","id":251065120}
{"_id":{"$oid":"55685d7bbd35439f4a001eda"},"created_at":"2015-05-29T03:25:38Z","actor":{"login":"jtattermusch","id":9939684},"event":"closed","repo":"protobuf","issue_id":238,"owner":"google","id":316825376}
{"_id":{"$oid":"5510176dbd354330b201322b"},"created_at":"2015-03-23T13:38:39Z","actor":{"login":"srenault","id":1011289},"event":"closed","repo":"protobuf","issue_id":239,"owner":"google","id":262317258}
{"_id":{"$oid":"5509deccbd35434d0a00518c"},"created_at":"2015-03-18T20:23:29Z","actor":{"login":"cfallin","id":216148},"event":"closed","repo":"protobuf","issue_id":249,"owner":"google","id":258595482}
{"_id":{"$oid":"5511a8a2bd35434624019741"},"created_at":"2015-03-24T18:10:09Z","actor":{"login":"xfxyjwf","id":8551050},"event":"closed","repo":"protobuf","issue_id":251,"owner":"google","id":263833333}
{"_id":{"$oid":"5512a303bd3543adde0027e2"},"created_at":"2015-03-25T11:58:42Z","actor":{"login":"yosukesan","id":11629705},"event":"mentioned","repo":"protobuf","issue_id":253,"owner":"google","id":264629547}
{"_id":{"$oid":"5512a303bd3543adde0027e3"},"created_at":"2015-03-25T11:58:42Z","actor":{"login":"yosukesan","id":11629705},"event":"subscribed","repo":"protobuf","issue_id":253,"owner":"google","id":264629548}
{"_id":{"$oid":"5512a303bd3543adde0027e4"},"created_at":"2015-03-25T11:58:44Z","actor":{"login":"legatoo","id":1506580},"event":"closed","repo":"protobuf","issue_id":253,"owner":"google","id":264629560}
{"_id":{"$oid":"5514f0eebd3543755f003d01"},"created_at":"2015-03-27T05:49:34Z","actor":{"login":"mzhaom","id":5767792},"event":"closed","repo":"protobuf","issue_id":254,"owner":"google","id":266625096}
{"_id":{"$oid":"551b85e5bd354379cf0055b2"},"created_at":"2015-04-01T05:45:04Z","actor":{"login":"nodirt","id":643254},"event":"closed","repo":"protobuf","issue_id":265,"owner":"google","id":270299520}
{"_id":{"$oid":"551cbc66bd354366e400666f"},"created_at":"2015-04-01T18:10:30Z","actor":{"login":"xfxyjwf","id":8551050},"event":"closed","repo":"protobuf","issue_id":266,"owner":"google","id":270912764}
{"_id":{"$oid":"5522b8eebd3543728701930d"},"created_at":"2015-04-06T16:48:37Z","actor":{"login":"xfxyjwf","id":8551050},"event":"closed","repo":"protobuf","issue_id":270,"owner":"google","id":274306557}
{"_id":{"$oid":"5524f3cdbd35436e6801a889"},"created_at":"2015-04-08T09:24:15Z","actor":{"login":"M-Vivek","id":5319320},"event":"closed","repo":"protobuf","issue_id":273,"owner":"google","id":276057304}
{"_id":{"$oid":"5525a730bd35436c03021fbe"},"created_at":"2015-04-08T22:09:45Z","actor":{"login":"haberman","id":1270},"event":"mentioned","repo":"protobuf","issue_id":277,"owner":"google","id":276677121}
{"_id":{"$oid":"5525a730bd35436c03021fbf"},"created_at":"2015-04-08T22:09:45Z","actor":{"login":"haberman","id":1270},"event":"subscribed","repo":"protobuf","issue_id":277,"owner":"google","id":276677122}
{"_id":{"$oid":"552879e3bd35436a37027426"},"created_at":"2015-04-11T01:33:17Z","actor":{"login":"tamird","id":1535036},"event":"closed","repo":"protobuf","issue_id":277,"owner":"google","id":278613459}
{"_id":{"$oid":"552807edbd35437241027d5b"},"created_at":"2015-04-10T17:26:59Z","actor":{"login":"xfxyjwf","id":8551050},"event":"closed","repo":"protobuf","issue_id":279,"owner":"google","id":278320227}
{"_id":{"$oid":"552bf789bd3543735c02f71c"},"created_at":"2015-04-13T17:06:12Z","actor":{"login":"xfxyjwf","id":8551050},"event":"closed","repo":"protobuf","issue_id":282,"owner":"google","id":279964014}
{"_id":{"$oid":"552c431fbd35437174031b19"},"created_at":"2015-04-13T20:57:28Z","actor":{"login":"cfallin","id":216148},"event":"assigned","repo":"protobuf","issue_id":283,"owner":"google","id":280177518}
{"_id":{"$oid":"552c431fbd35437174031b1a"},"created_at":"2015-04-13T21:04:22Z","actor":{"login":"cfallin","id":216148},"event":"referenced","repo":"protobuf","issue_id":283,"owner":"google","id":280184332}
{"_id":{"$oid":"552c431fbd35437174031b1b"},"created_at":"2015-04-13T22:28:44Z","actor":{"login":"haberman","id":1270},"event":"closed","repo":"protobuf","issue_id":283,"owner":"google","id":280250195}
{"_id":{"$oid":"55930487bd3543ef6a029bb7"},"created_at":"2015-05-14T10:33:27Z","actor":{"login":"xfxyjwf","id":8551050},"event":"mentioned","repo":"protobuf","issue_id":291,"owner":"google","id":304752399}
{"_id":{"$oid":"55930487bd3543ef6a029bb8"},"created_at":"2015-05-14T10:33:27Z","actor":{"login":"xfxyjwf","id":8551050},"event":"subscribed","repo":"protobuf","issue_id":291,"owner":"google","id":304752400}
{"_id":{"$oid":"55930487bd3543ef6a029bb9"},"created_at":"2015-05-14T10:33:27Z","actor":{"login":"paleozogt","id":310894},"event":"mentioned","repo":"protobuf","issue_id":291,"owner":"google","id":304752401}
{"_id":{"$oid":"55930487bd3543ef6a029bba"},"created_at":"2015-05-14T10:33:27Z","actor":{"login":"paleozogt","id":310894},"event":"subscribed","repo":"protobuf","issue_id":291,"owner":"google","id":304752402}
{"_id":{"$oid":"55930487bd3543ef6a029bbb"},"created_at":"2015-06-30T21:05:02Z","actor":{"login":"Klaim","id":142265},"event":"mentioned","repo":"protobuf","issue_id":291,"owner":"google","id":344697234}
{"_id":{"$oid":"55930487bd3543ef6a029bbc"},"created_at":"2015-06-30T21:05:02Z","actor":{"login":"Klaim","id":142265},"event":"subscribed","repo":"protobuf","issue_id":291,"owner":"google","id":344697235}
{"_id":{"$oid":"55930487bd3543ef6a029bbd"},"created_at":"2015-06-30T21:05:02Z","actor":{"login":"xfxyjwf","id":8551050},"event":"closed","repo":"protobuf","issue_id":291,"owner":"google","id":344697236}
{"_id":{"$oid":"554b257cbd35435f70006575"},"created_at":"2015-04-22T10:13:50Z","actor":{"login":"attilaolah","id":196617},"event":"referenced","repo":"protobuf","issue_id":293,"owner":"google","id":287091726}
{"_id":{"$oid":"554b257cbd35435f70006576"},"created_at":"2015-04-22T10:16:06Z","actor":{"login":"attilaolah","id":196617},"event":"referenced","repo":"protobuf","issue_id":293,"owner":"google","id":287093099}
{"_id":{"$oid":"554b257cbd35435f70006577"},"created_at":"2015-04-22T11:06:02Z","actor":{"login":"attilaolah","id":196617},"event":"referenced","repo":"protobuf","issue_id":293,"owner":"google","id":287135425}
{"_id":{"$oid":"554b257cbd35435f70006578"},"created_at":"2015-04-22T13:17:59Z","actor":{"login":"attilaolah","id":196617},"event":"referenced","repo":"protobuf","issue_id":293,"owner":"google","id":287234527}
{"_id":{"$oid":"554b257cbd35435f70006579"},"created_at":"2015-04-27T17:23:00Z","actor":{"login":"haberman","id":1270},"event":"assigned","repo":"protobuf","issue_id":293,"owner":"google","id":291126101}
{"_id":{"$oid":"554b257cbd35435f7000657a"},"created_at":"2015-05-07T08:42:30Z","actor":{"login":"underyx","id":1060436},"event":"mentioned","repo":"protobuf","issue_id":293,"owner":"google","id":299034954}
{"_id":{"$oid":"554b257cbd35435f7000657b"},"created_at":"2015-05-07T08:42:30Z","actor":{"login":"underyx","id":1060436},"event":"subscribed","repo":"protobuf","issue_id":293,"owner":"google","id":299034955}
{"_id":{"$oid":"554b257cbd35435f7000657c"},"created_at":"2015-05-07T08:42:30Z","actor":{"login":"attilaolah","id":196617},"event":"closed","repo":"protobuf","issue_id":293,"owner":"google","id":299034956}
{"_id":{"$oid":"556d5bdabd3543bf93010088"},"created_at":"2015-06-02T07:31:35Z","actor":{"login":"TeBoring","id":5195749},"event":"closed","repo":"protobuf","issue_id":299,"owner":"google","id":319705438}
{"_id":{"$oid":"55394c05bd354325e00024c3"},"created_at":"2015-04-23T19:22:29Z","actor":{"login":"xfxyjwf","id":8551050},"event":"mentioned","repo":"protobuf","issue_id":301,"owner":"google","id":288634815}
{"_id":{"$oid":"55394c05bd354325e00024c4"},"created_at":"2015-04-23T19:22:29Z","actor":{"login":"xfxyjwf","id":8551050},"event":"subscribed","repo":"protobuf","issue_id":301,"owner":"google","id":288634816}
{"_id":{"$oid":"55394c05bd354325e00024c5"},"created_at":"2015-04-23T19:46:06Z","actor":{"login":"craynic","id":391731},"event":"closed","repo":"protobuf","issue_id":301,"owner":"google","id":288652889}
{"_id":{"$oid":"5540bfadbd3543b2350011aa"},"created_at":"2015-04-29T11:25:21Z","actor":{"login":"jskeet","id":17011},"event":"labeled","repo":"protobuf","issue_id":318,"owner":"google","id":292894558}
{"_id":{"$oid":"5540bfadbd3543b2350011ab"},"created_at":"2015-04-29T11:25:21Z","actor":{"login":"anandolee","id":11618033},"event":"assigned","repo":"protobuf","issue_id":318,"owner":"google","id":292894559}
{"_id":{"$oid":"5543fc69bd3543792e002067"},"created_at":"2015-05-01T22:04:46Z","actor":{"login":"anandolee","id":11618033},"event":"referenced","repo":"protobuf","issue_id":318,"owner":"google","id":295266394}
{"_id":{"$oid":"5543fc69bd3543792e002068"},"created_at":"2015-05-01T22:21:22Z","actor":{"login":"anandolee","id":11618033},"event":"closed","repo":"protobuf","issue_id":318,"owner":"google","id":295274225}
{"_id":{"$oid":"5543edc6bd354370f6001dd6"},"created_at":"2015-04-29T21:54:13Z","actor":{"login":"skippy","id":3746},"event":"mentioned","repo":"protobuf","issue_id":320,"owner":"google","id":293495101}
{"_id":{"$oid":"5543edc6bd354370f6001dd7"},"created_at":"2015-04-29T21:54:13Z","actor":{"login":"skippy","id":3746},"event":"subscribed","repo":"protobuf","issue_id":320,"owner":"google","id":293495102}
{"_id":{"$oid":"5543edc6bd354370f6001dd8"},"created_at":"2015-05-01T14:52:58Z","actor":{"login":"cfallin","id":216148},"event":"mentioned","repo":"protobuf","issue_id":320,"owner":"google","id":294957327}
{"_id":{"$oid":"5543edc7bd354370f6001dd9"},"created_at":"2015-05-01T14:52:58Z","actor":{"login":"cfallin","id":216148},"event":"subscribed","repo":"protobuf","issue_id":320,"owner":"google","id":294957328}
{"_id":{"$oid":"5543edc7bd354370f6001dda"},"created_at":"2015-05-01T17:24:31Z","actor":{"login":"skippy","id":3746},"event":"mentioned","repo":"protobuf","issue_id":320,"owner":"google","id":295066877}
{"_id":{"$oid":"5543edc7bd354370f6001ddb"},"created_at":"2015-05-01T17:24:31Z","actor":{"login":"skippy","id":3746},"event":"subscribed","repo":"protobuf","issue_id":320,"owner":"google","id":295066878}
{"_id":{"$oid":"5543edc7bd354370f6001ddc"},"created_at":"2015-05-01T18:28:27Z","actor":{"login":"cfallin","id":216148},"event":"mentioned","repo":"protobuf","issue_id":320,"owner":"google","id":295113772}
{"_id":{"$oid":"5543edc8bd354370f6001ddd"},"created_at":"2015-05-01T18:28:27Z","actor":{"login":"cfallin","id":216148},"event":"subscribed","repo":"protobuf","issue_id":320,"owner":"google","id":295113773}
{"_id":{"$oid":"5543edc8bd354370f6001dde"},"created_at":"2015-05-01T21:14:59Z","actor":{"login":"cfallin","id":216148},"event":"closed","repo":"protobuf","issue_id":320,"owner":"google","id":295234178}
{"_id":{"$oid":"5543c280bd35436ff4001637"},"created_at":"2015-05-01T18:14:18Z","actor":{"login":"anandolee","id":11618033},"event":"labeled","repo":"protobuf","issue_id":329,"owner":"google","id":295100694}
{"_id":{"$oid":"5543c280bd35436ff4001638"},"created_at":"2015-05-01T18:14:18Z","actor":{"login":"jskeet","id":17011},"event":"mentioned","repo":"protobuf","issue_id":329,"owner":"google","id":295100695}
{"_id":{"$oid":"5543c280bd35436ff4001639"},"created_at":"2015-05-01T18:14:18Z","actor":{"login":"jskeet","id":17011},"event":"subscribed","repo":"protobuf","issue_id":329,"owner":"google","id":295100696}
{"_id":{"$oid":"5543c280bd35436ff400163a"},"created_at":"2015-05-01T18:14:18Z","actor":{"login":"anandolee","id":11618033},"event":"assigned","repo":"protobuf","issue_id":329,"owner":"google","id":295100697}
{"_id":{"$oid":"5570dd35bd35430e00002757"},"created_at":"2015-06-04T23:20:15Z","actor":{"login":"anandolee","id":11618033},"event":"closed","repo":"protobuf","issue_id":329,"owner":"google","id":323054171}
{"_id":{"$oid":"554407bfbd3543769200212d"},"created_at":"2015-05-01T23:09:42Z","actor":{"login":"tseaver","id":242750},"event":"mentioned","repo":"protobuf","issue_id":333,"owner":"google","id":295293774}
{"_id":{"$oid":"554407bfbd3543769200212e"},"created_at":"2015-05-01T23:09:42Z","actor":{"login":"tseaver","id":242750},"event":"subscribed","repo":"protobuf","issue_id":333,"owner":"google","id":295293776}
{"_id":{"$oid":"55566fccbd35430cd301041c"},"created_at":"2015-05-01T23:24:20Z","actor":{"login":"haberman","id":1270},"event":"mentioned","repo":"protobuf","issue_id":333,"owner":"google","id":295298178}
{"_id":{"$oid":"55566fccbd35430cd301041d"},"created_at":"2015-05-01T23:24:20Z","actor":{"login":"haberman","id":1270},"event":"subscribed","repo":"protobuf","issue_id":333,"owner":"google","id":295298179}
{"_id":{"$oid":"55566fccbd35430cd301041e"},"created_at":"2015-05-02T15:52:15Z","actor":{"login":"tseaver","id":242750},"event":"referenced","repo":"protobuf","issue_id":333,"owner":"google","id":295500907}
{"_id":{"$oid":"55566fccbd35430cd301041f"},"created_at":"2015-05-06T22:52:21Z","actor":{"login":"tseaver","id":242750},"event":"mentioned","repo":"protobuf","issue_id":333,"owner":"google","id":298722789}
{"_id":{"$oid":"55566fccbd35430cd3010420"},"created_at":"2015-05-06T22:52:21Z","actor":{"login":"tseaver","id":242750},"event":"subscribed","repo":"protobuf","issue_id":333,"owner":"google","id":298722790}
{"_id":{"$oid":"55566fccbd35430cd3010421"},"created_at":"2015-05-07T00:49:09Z","actor":{"login":"haberman","id":1270},"event":"milestoned","repo":"protobuf","issue_id":333,"owner":"google","id":298787515}
{"_id":{"$oid":"55566fccbd35430cd3010422"},"created_at":"2015-05-07T11:41:08Z","actor":{"login":"tamird","id":1535036},"event":"referenced","repo":"protobuf","issue_id":333,"owner":"google","id":299173524}
{"_id":{"$oid":"55566fccbd35430cd3010423"},"created_at":"2015-05-07T11:41:39Z","actor":{"login":"tamird","id":1535036},"event":"referenced","repo":"protobuf","issue_id":333,"owner":"google","id":299173814}
{"_id":{"$oid":"55566fccbd35430cd3010424"},"created_at":"2015-05-07T11:50:09Z","actor":{"login":"tamird","id":1535036},"event":"referenced","repo":"protobuf","issue_id":333,"owner":"google","id":299178210}
{"_id":{"$oid":"55566fccbd35430cd3010425"},"created_at":"2015-05-07T12:59:31Z","actor":{"login":"tamird","id":1535036},"event":"referenced","repo":"protobuf","issue_id":333,"owner":"google","id":299236675}
{"_id":{"$oid":"55566fccbd35430cd3010426"},"created_at":"2015-05-07T13:42:49Z","actor":{"login":"attilaolah","id":196617},"event":"referenced","repo":"protobuf","issue_id":333,"owner":"google","id":299275758}
{"_id":{"$oid":"55566fccbd35430cd3010427"},"created_at":"2015-05-07T13:55:18Z","actor":{"login":"tamird","id":1535036},"event":"referenced","repo":"protobuf","issue_id":333,"owner":"google","id":299290154}
{"_id":{"$oid":"55566fccbd35430cd3010428"},"created_at":"2015-05-07T18:51:41Z","actor":{"login":"tamird","id":1535036},"event":"referenced","repo":"protobuf","issue_id":333,"owner":"google","id":299580443}
{"_id":{"$oid":"55566fccbd35430cd3010429"},"created_at":"2015-05-07T22:48:22Z","actor":{"login":"tamird","id":1535036},"event":"referenced","repo":"protobuf","issue_id":333,"owner":"google","id":299767869}
{"_id":{"$oid":"55566fccbd35430cd301042a"},"created_at":"2015-05-11T13:46:42Z","actor":{"login":"tseaver","id":242750},"event":"referenced","repo":"protobuf","issue_id":333,"owner":"google","id":301764521}
{"_id":{"$oid":"55566fccbd35430cd301042b"},"created_at":"2015-05-12T18:42:09Z","actor":{"login":"tseaver","id":242750},"event":"mentioned","repo":"protobuf","issue_id":333,"owner":"google","id":303111367}
{"_id":{"$oid":"55566fccbd35430cd301042c"},"created_at":"2015-05-12T18:42:09Z","actor":{"login":"tseaver","id":242750},"event":"subscribed","repo":"protobuf","issue_id":333,"owner":"google","id":303111368}
{"_id":{"$oid":"55566fccbd35430cd301042d"},"created_at":"2015-05-12T18:42:09Z","actor":{"login":"tamird","id":1535036},"event":"mentioned","repo":"protobuf","issue_id":333,"owner":"google","id":303111370}
{"_id":{"$oid":"55566fccbd35430cd301042e"},"created_at":"2015-05-12T18:42:09Z","actor":{"login":"tamird","id":1535036},"event":"subscribed","repo":"protobuf","issue_id":333,"owner":"google","id":303111371}
{"_id":{"$oid":"55566fccbd35430cd301042f"},"created_at":"2015-05-12T20:53:52Z","actor":{"login":"tseaver","id":242750},"event":"mentioned","repo":"protobuf","issue_id":333,"owner":"google","id":303229981}
{"_id":{"$oid":"55566fccbd35430cd3010430"},"created_at":"2015-05-12T20:53:52Z","actor":{"login":"tseaver","id":242750},"event":"subscribed","repo":"protobuf","issue_id":333,"owner":"google","id":303229982}
{"_id":{"$oid":"55566fccbd35430cd3010431"},"created_at":"2015-05-12T23:12:28Z","actor":{"login":"haberman","id":1270},"event":"mentioned","repo":"protobuf","issue_id":333,"owner":"google","id":303341353}
{"_id":{"$oid":"55566fccbd35430cd3010432"},"created_at":"2015-05-12T23:12:28Z","actor":{"login":"haberman","id":1270},"event":"subscribed","repo":"protobuf","issue_id":333,"owner":"google","id":303341354}
{"_id":{"$oid":"55566fccbd35430cd3010433"},"created_at":"2015-05-13T18:20:43Z","actor":{"login":"xfxyjwf","id":8551050},"event":"mentioned","repo":"protobuf","issue_id":333,"owner":"google","id":304161723}
{"_id":{"$oid":"55566fccbd35430cd3010434"},"created_at":"2015-05-13T18:20:43Z","actor":{"login":"xfxyjwf","id":8551050},"event":"subscribed","repo":"protobuf","issue_id":333,"owner":"google","id":304161724}
{"_id":{"$oid":"55566fccbd35430cd3010435"},"created_at":"2015-05-13T20:17:32Z","actor":{"login":"haberman","id":1270},"event":"mentioned","repo":"protobuf","issue_id":333,"owner":"google","id":304263824}
{"_id":{"$oid":"55566fccbd35430cd3010436"},"created_at":"2015-05-13T20:17:32Z","actor":{"login":"haberman","id":1270},"event":"subscribed","repo":"protobuf","issue_id":333,"owner":"google","id":304263825}
{"_id":{"$oid":"55566fccbd35430cd3010437"},"created_at":"2015-05-14T15:35:28Z","actor":{"login":"tseaver","id":242750},"event":"mentioned","repo":"protobuf","issue_id":333,"owner":"google","id":304974463}
{"_id":{"$oid":"55566fccbd35430cd3010438"},"created_at":"2015-05-14T15:35:28Z","actor":{"login":"tseaver","id":242750},"event":"subscribed","repo":"protobuf","issue_id":333,"owner":"google","id":304974464}
{"_id":{"$oid":"55566fccbd35430cd3010439"},"created_at":"2015-05-14T15:43:09Z","actor":{"login":"haberman","id":1270},"event":"mentioned","repo":"protobuf","issue_id":333,"owner":"google","id":304983233}
{"_id":{"$oid":"55566fccbd35430cd301043a"},"created_at":"2015-05-14T15:43:09Z","actor":{"login":"haberman","id":1270},"event":"subscribed","repo":"protobuf","issue_id":333,"owner":"google","id":304983234}
{"_id":{"$oid":"55566fccbd35430cd301043b"},"created_at":"2015-05-14T19:25:00Z","actor":{"login":"tamird","id":1535036},"event":"referenced","repo":"protobuf","issue_id":333,"owner":"google","id":305183972}
{"_id":{"$oid":"55566fccbd35430cd301043c"},"created_at":"2015-05-14T19:27:36Z","actor":{"login":"tamird","id":1535036},"event":"referenced","repo":"protobuf","issue_id":333,"owner":"google","id":305186157}
{"_id":{"$oid":"55566fccbd35430cd301043d"},"created_at":"2015-05-14T20:28:16Z","actor":{"login":"tamird","id":1535036},"event":"referenced","repo":"protobuf","issue_id":333,"owner":"google","id":305234702}
{"_id":{"$oid":"55566fccbd35430cd301043e"},"created_at":"2015-05-14T20:50:48Z","actor":{"login":"tamird","id":1535036},"event":"referenced","repo":"protobuf","issue_id":333,"owner":"google","id":305254335}
{"_id":{"$oid":"55566fccbd35430cd301043f"},"created_at":"2015-05-15T01:33:21Z","actor":{"login":"tamird","id":1535036},"event":"referenced","repo":"protobuf","issue_id":333,"owner":"google","id":305417512}
{"_id":{"$oid":"55566fccbd35430cd3010440"},"created_at":"2015-05-15T21:53:02Z","actor":{"login":"tamird","id":1535036},"event":"referenced","repo":"protobuf","issue_id":333,"owner":"google","id":306257668}
{"_id":{"$oid":"55566fccbd35430cd3010441"},"created_at":"2015-05-15T22:14:32Z","actor":{"login":"haberman","id":1270},"event":"closed","repo":"protobuf","issue_id":333,"owner":"google","id":306269366}
{"_id":{"$oid":"55515d05bd3543def7007110"},"created_at":"2015-05-12T01:51:11Z","actor":{"login":"haberman","id":1270},"event":"closed","repo":"protobuf","issue_id":336,"owner":"google","id":302345612}
{"_id":{"$oid":"5575fabbbd35435e9b00c769"},"created_at":"2015-06-08T20:27:22Z","actor":{"login":"xfxyjwf","id":8551050},"event":"closed","repo":"protobuf","issue_id":339,"owner":"google","id":325665613}
{"_id":{"$oid":"554903dfbd3543769200dede"},"created_at":"2015-05-05T17:54:34Z","actor":{"login":"xfxyjwf","id":8551050},"event":"closed","repo":"protobuf","issue_id":346,"owner":"google","id":297466215}
{"_id":{"$oid":"554c005dbd3543635e009873"},"created_at":"2015-05-08T00:16:26Z","actor":{"login":"nwaycn","id":10083564},"event":"closed","repo":"protobuf","issue_id":353,"owner":"google","id":299809395}
{"_id":{"$oid":"55502a2dbd3543d27b0029f1"},"created_at":"2015-05-09T18:06:24Z","actor":{"login":"zhangkun83","id":9053690},"event":"mentioned","repo":"protobuf","issue_id":354,"owner":"google","id":300951356}
{"_id":{"$oid":"55502a2dbd3543d27b0029f2"},"created_at":"2015-05-09T18:06:24Z","actor":{"login":"zhangkun83","id":9053690},"event":"subscribed","repo":"protobuf","issue_id":354,"owner":"google","id":300951357}
{"_id":{"$oid":"55504fa4bd3543e2f6003cd6"},"created_at":"2015-05-10T03:25:30Z","actor":{"login":"thesamet","id":307373},"event":"renamed","repo":"protobuf","issue_id":355,"owner":"google","id":301052613}
{"_id":{"$oid":"55504fa4bd3543e2f6003cd7"},"created_at":"2015-05-10T03:25:46Z","actor":{"login":"thesamet","id":307373},"event":"renamed","repo":"protobuf","issue_id":355,"owner":"google","id":301052624}
{"_id":{"$oid":"55513f56bd3543d347005627"},"created_at":"2015-05-11T23:45:17Z","actor":{"login":"xfxyjwf","id":8551050},"event":"assigned","repo":"protobuf","issue_id":362,"owner":"google","id":302287347}
{"_id":{"$oid":"55513f56bd3543d347005628"},"created_at":"2015-05-11T23:45:19Z","actor":{"login":"xfxyjwf","id":8551050},"event":"milestoned","repo":"protobuf","issue_id":362,"owner":"google","id":302287364}
{"_id":{"$oid":"5564b8c9bd3543f150010b68"},"created_at":"2015-05-26T18:17:40Z","actor":{"login":"xfxyjwf","id":8551050},"event":"closed","repo":"protobuf","issue_id":362,"owner":"google","id":314075750}
{"_id":{"$oid":"555145fabd3543d372006da1"},"created_at":"2015-05-12T00:05:10Z","actor":{"login":"anandolee","id":11618033},"event":"assigned","repo":"protobuf","issue_id":363,"owner":"google","id":302296135}
{"_id":{"$oid":"555145fabd3543d372006da2"},"created_at":"2015-05-12T00:14:13Z","actor":{"login":"jcanizales","id":5120183},"event":"closed","repo":"protobuf","issue_id":363,"owner":"google","id":302300004}
{"_id":{"$oid":"55523fbabd3543ebb3004b6a"},"created_at":"2015-05-12T17:58:14Z","actor":{"login":"cfallin","id":216148},"event":"closed","repo":"protobuf","issue_id":368,"owner":"google","id":303067172}
{"_id":{"$oid":"555313f1bd3543e8fa007fb7"},"created_at":"2015-05-13T09:05:44Z","actor":{"login":"jskeet","id":17011},"event":"labeled","repo":"protobuf","issue_id":374,"owner":"google","id":303654186}
{"_id":{"$oid":"555313f1bd3543e8fa007fb8"},"created_at":"2015-05-13T09:05:44Z","actor":{"login":"jskeet","id":17011},"event":"assigned","repo":"protobuf","issue_id":374,"owner":"google","id":303654187}
{"_id":{"$oid":"55879689bd35434fac004612"},"created_at":"2015-06-19T20:35:49Z","actor":{"login":"jskeet","id":17011},"event":"mentioned","repo":"protobuf","issue_id":374,"owner":"google","id":335606638}
{"_id":{"$oid":"55879689bd35434fac004613"},"created_at":"2015-06-19T20:35:49Z","actor":{"login":"jskeet","id":17011},"event":"subscribed","repo":"protobuf","issue_id":374,"owner":"google","id":335606639}
{"_id":{"$oid":"55879689bd35434fac004614"},"created_at":"2015-06-20T06:34:46Z","actor":{"login":"jskeet","id":17011},"event":"closed","repo":"protobuf","issue_id":374,"owner":"google","id":335809700}
{"_id":{"$oid":"5553144cbd3543f6fc0063ca"},"created_at":"2015-05-13T09:06:52Z","actor":{"login":"jskeet","id":17011},"event":"labeled","repo":"protobuf","issue_id":375,"owner":"google","id":303654846}
{"_id":{"$oid":"5553144cbd3543f6fc0063cb"},"created_at":"2015-05-13T09:06:53Z","actor":{"login":"jskeet","id":17011},"event":"assigned","repo":"protobuf","issue_id":375,"owner":"google","id":303654858}
{"_id":{"$oid":"5553e33dbd3543fd84003770"},"created_at":"2015-05-13T23:34:46Z","actor":{"login":"cfallin","id":216148},"event":"closed","repo":"protobuf","issue_id":376,"owner":"google","id":304408604}
{"_id":{"$oid":"55537958bd3543104c00217a"},"created_at":"2015-05-13T16:18:08Z","actor":{"login":"jtattermusch","id":9939684},"event":"labeled","repo":"protobuf","issue_id":377,"owner":"google","id":304053887}
{"_id":{"$oid":"55663447bd3543f242016a79"},"created_at":"2015-05-27T21:14:13Z","actor":{"login":"jtattermusch","id":9939684},"event":"closed","repo":"protobuf","issue_id":377,"owner":"google","id":315383346}
{"_id":{"$oid":"55563fbcbd3543fff900ce61"},"created_at":"2015-05-15T18:49:26Z","actor":{"login":"cfallin","id":216148},"event":"closed","repo":"protobuf","issue_id":378,"owner":"google","id":306119254}
{"_id":{"$oid":"5556902bbd35430e9100fe3b"},"created_at":"2015-05-16T00:32:30Z","actor":{"login":"jtattermusch","id":9939684},"event":"labeled","repo":"protobuf","issue_id":395,"owner":"google","id":306325215}
{"_id":{"$oid":"555e21fabd3543f285000f84"},"created_at":"2015-05-16T00:34:27Z","actor":{"login":"jcanizales","id":5120183},"event":"mentioned","repo":"protobuf","issue_id":395,"owner":"google","id":306325691}
{"_id":{"$oid":"555e21fabd3543f285000f85"},"created_at":"2015-05-16T00:34:27Z","actor":{"login":"jcanizales","id":5120183},"event":"subscribed","repo":"protobuf","issue_id":395,"owner":"google","id":306325692}
{"_id":{"$oid":"555e21fabd3543f285000f86"},"created_at":"2015-05-16T01:52:27Z","actor":{"login":"thomasvl","id":5279928},"event":"mentioned","repo":"protobuf","issue_id":395,"owner":"google","id":306345941}
{"_id":{"$oid":"555e21fabd3543f285000f87"},"created_at":"2015-05-16T01:52:27Z","actor":{"login":"thomasvl","id":5279928},"event":"subscribed","repo":"protobuf","issue_id":395,"owner":"google","id":306345942}
{"_id":{"$oid":"555e21fabd3543f285000f88"},"created_at":"2015-05-16T01:52:27Z","actor":{"login":"dmaclach","id":320201},"event":"mentioned","repo":"protobuf","issue_id":395,"owner":"google","id":306345943}
{"_id":{"$oid":"555e21fabd3543f285000f89"},"created_at":"2015-05-16T01:52:27Z","actor":{"login":"dmaclach","id":320201},"event":"subscribed","repo":"protobuf","issue_id":395,"owner":"google","id":306345944}
{"_id":{"$oid":"555e21fabd3543f285000f8a"},"created_at":"2015-05-16T02:01:17Z","actor":{"login":"pherl","id":315593},"event":"mentioned","repo":"protobuf","issue_id":395,"owner":"google","id":306347496}
{"_id":{"$oid":"555e21fabd3543f285000f8b"},"created_at":"2015-05-16T02:01:17Z","actor":{"login":"pherl","id":315593},"event":"subscribed","repo":"protobuf","issue_id":395,"owner":"google","id":306347497}
{"_id":{"$oid":"555e21fabd3543f285000f8c"},"created_at":"2015-05-18T16:08:44Z","actor":{"login":"thomasvl","id":5279928},"event":"mentioned","repo":"protobuf","issue_id":395,"owner":"google","id":307550048}
{"_id":{"$oid":"555e21fabd3543f285000f8d"},"created_at":"2015-05-18T16:08:44Z","actor":{"login":"thomasvl","id":5279928},"event":"subscribed","repo":"protobuf","issue_id":395,"owner":"google","id":307550049}
{"_id":{"$oid":"555e21fabd3543f285000f8e"},"created_at":"2015-05-18T16:45:25Z","actor":{"login":"thomasvl","id":5279928},"event":"mentioned","repo":"protobuf","issue_id":395,"owner":"google","id":307579410}
{"_id":{"$oid":"555e21fabd3543f285000f8f"},"created_at":"2015-05-18T16:45:25Z","actor":{"login":"thomasvl","id":5279928},"event":"subscribed","repo":"protobuf","issue_id":395,"owner":"google","id":307579411}
{"_id":{"$oid":"555e21fabd3543f285000f90"},"created_at":"2015-05-18T16:46:59Z","actor":{"login":"thomasvl","id":5279928},"event":"mentioned","repo":"protobuf","issue_id":395,"owner":"google","id":307581071}
{"_id":{"$oid":"555e21fabd3543f285000f91"},"created_at":"2015-05-18T16:46:59Z","actor":{"login":"thomasvl","id":5279928},"event":"subscribed","repo":"protobuf","issue_id":395,"owner":"google","id":307581072}
{"_id":{"$oid":"555e21fabd3543f285000f92"},"created_at":"2015-05-19T00:46:58Z","actor":{"login":"jtattermusch","id":9939684},"event":"mentioned","repo":"protobuf","issue_id":395,"owner":"google","id":307962460}
{"_id":{"$oid":"555e21fabd3543f285000f93"},"created_at":"2015-05-19T00:46:58Z","actor":{"login":"jtattermusch","id":9939684},"event":"subscribed","repo":"protobuf","issue_id":395,"owner":"google","id":307962461}
{"_id":{"$oid":"555e21fabd3543f285000f94"},"created_at":"2015-05-19T01:36:48Z","actor":{"login":"thomasvl","id":5279928},"event":"mentioned","repo":"protobuf","issue_id":395,"owner":"google","id":307988197}
{"_id":{"$oid":"555e21fabd3543f285000f95"},"created_at":"2015-05-19T01:36:48Z","actor":{"login":"thomasvl","id":5279928},"event":"subscribed","repo":"protobuf","issue_id":395,"owner":"google","id":307988198}
{"_id":{"$oid":"555e21fabd3543f285000f96"},"created_at":"2015-05-21T14:30:19Z","actor":{"login":"TeBoring","id":5195749},"event":"milestoned","repo":"protobuf","issue_id":395,"owner":"google","id":310698845}
{"_id":{"$oid":"555e21fabd3543f285000f97"},"created_at":"2015-05-21T14:30:19Z","actor":{"login":"TeBoring","id":5195749},"event":"milestoned","repo":"protobuf","issue_id":395,"owner":"google","id":310698846}
{"_id":{"$oid":"555e21fabd3543f285000f98"},"created_at":"2015-05-21T18:20:15Z","actor":{"login":"TeBoring","id":5195749},"event":"closed","repo":"protobuf","issue_id":395,"owner":"google","id":310951100}
{"_id":{"$oid":"555a9433bd3543fc49017ba9"},"created_at":"2015-05-19T01:38:54Z","actor":{"login":"jtattermusch","id":9939684},"event":"labeled","repo":"protobuf","issue_id":400,"owner":"google","id":307988954}
{"_id":{"$oid":"55693b88bd3543b6f2004056"},"created_at":"2015-05-30T04:24:30Z","actor":{"login":"jtattermusch","id":9939684},"event":"closed","repo":"protobuf","issue_id":400,"owner":"google","id":317780892}
{"_id":{"$oid":"555afc05bd3543fd8401ab4c"},"created_at":"2015-05-19T09:01:51Z","actor":{"login":"zhangkun83","id":9053690},"event":"mentioned","repo":"protobuf","issue_id":401,"owner":"google","id":308231277}
{"_id":{"$oid":"555afc05bd3543fd8401ab4d"},"created_at":"2015-05-19T09:01:51Z","actor":{"login":"zhangkun83","id":9053690},"event":"subscribed","repo":"protobuf","issue_id":401,"owner":"google","id":308231278}
{"_id":{"$oid":"555afc05bd3543fd8401ab4e"},"created_at":"2015-05-19T09:01:51Z","actor":{"login":"sergei-ivanov","id":819146},"event":"mentioned","repo":"protobuf","issue_id":401,"owner":"google","id":308231280}
{"_id":{"$oid":"555afc05bd3543fd8401ab4f"},"created_at":"2015-05-19T09:01:51Z","actor":{"login":"sergei-ivanov","id":819146},"event":"subscribed","repo":"protobuf","issue_id":401,"owner":"google","id":308231281}
{"_id":{"$oid":"555fe72cbd3543f010006fbf"},"created_at":"2015-05-23T02:34:15Z","actor":{"login":"richburdon","id":3523355},"event":"closed","repo":"protobuf","issue_id":415,"owner":"google","id":312192667}
{"_id":{"$oid":"5564e7a1bd3543f2d6012b38"},"created_at":"2015-05-26T21:37:33Z","actor":{"login":"xfxyjwf","id":8551050},"event":"closed","repo":"protobuf","issue_id":417,"owner":"google","id":314245552}
{"_id":{"$oid":"5589aa4dbd3543ecdc001d4c"},"created_at":"2015-06-03T20:56:01Z","actor":{"login":"peter-edge","id":4228796},"event":"renamed","repo":"protobuf","issue_id":425,"owner":"google","id":321820347}
{"_id":{"$oid":"5589aa4dbd3543ecdc001d4d"},"created_at":"2015-06-03T20:56:46Z","actor":{"login":"cfallin","id":216148},"event":"mentioned","repo":"protobuf","issue_id":425,"owner":"google","id":321820963}
{"_id":{"$oid":"5589aa4dbd3543ecdc001d4e"},"created_at":"2015-06-03T20:56:46Z","actor":{"login":"cfallin","id":216148},"event":"subscribed","repo":"protobuf","issue_id":425,"owner":"google","id":321820964}
{"_id":{"$oid":"5589aa4dbd3543ecdc001d4f"},"created_at":"2015-06-03T20:59:44Z","actor":{"login":"peter-edge","id":4228796},"event":"renamed","repo":"protobuf","issue_id":425,"owner":"google","id":321823479}
{"_id":{"$oid":"5589aa4dbd3543ecdc001d50"},"created_at":"2015-06-03T21:08:37Z","actor":{"login":"haberman","id":1270},"event":"mentioned","repo":"protobuf","issue_id":425,"owner":"google","id":321830261}
{"_id":{"$oid":"5589aa4dbd3543ecdc001d51"},"created_at":"2015-06-03T21:08:37Z","actor":{"login":"haberman","id":1270},"event":"subscribed","repo":"protobuf","issue_id":425,"owner":"google","id":321830262}
{"_id":{"$oid":"5589aa4dbd3543ecdc001d52"},"created_at":"2015-06-12T22:35:20Z","actor":{"login":"haberman","id":1270},"event":"referenced","repo":"protobuf","issue_id":425,"owner":"google","id":330014534}
{"_id":{"$oid":"5589aa4dbd3543ecdc001d53"},"created_at":"2015-06-23T00:30:58Z","actor":{"login":"haberman","id":1270},"event":"referenced","repo":"protobuf","issue_id":425,"owner":"google","id":337307994}
{"_id":{"$oid":"5589aa4dbd3543ecdc001d54"},"created_at":"2015-06-23T18:49:16Z","actor":{"login":"haberman","id":1270},"event":"closed","repo":"protobuf","issue_id":425,"owner":"google","id":338150903}
{"_id":{"$oid":"5564b76fbd3543f15c012366"},"created_at":"2015-05-26T18:11:53Z","actor":{"login":"xfxyjwf","id":8551050},"event":"milestoned","repo":"protobuf","issue_id":427,"owner":"google","id":314070308}
{"_id":{"$oid":"556866c9bd3543b6f2000176"},"created_at":"2015-05-26T18:15:36Z","actor":{"login":"xfxyjwf","id":8551050},"event":"assigned","repo":"protobuf","issue_id":427,"owner":"google","id":314073570}
{"_id":{"$oid":"556866c9bd3543b6f2000177"},"created_at":"2015-05-29T06:07:42Z","actor":{"login":"TeBoring","id":5195749},"event":"closed","repo":"protobuf","issue_id":427,"owner":"google","id":316894925}
{"_id":{"$oid":"5564ba40bd35430b4b011a13"},"created_at":"2015-05-26T18:23:54Z","actor":{"login":"xfxyjwf","id":8551050},"event":"milestoned","repo":"protobuf","issue_id":428,"owner":"google","id":314080933}
{"_id":{"$oid":"556866eabd3543a8210000c0"},"created_at":"2015-05-29T06:07:55Z","actor":{"login":"TeBoring","id":5195749},"event":"closed","repo":"protobuf","issue_id":428,"owner":"google","id":316895099}
{"_id":{"$oid":"55693893bd3543bef4004745"},"created_at":"2015-05-30T04:11:26Z","actor":{"login":"TeBoring","id":5195749},"event":"closed","repo":"protobuf","issue_id":432,"owner":"google","id":317778060}
{"_id":{"$oid":"5566669bbd3543f23401728c"},"created_at":"2015-05-28T00:51:32Z","actor":{"login":"anandolee","id":11618033},"event":"labeled","repo":"protobuf","issue_id":433,"owner":"google","id":315518002}
{"_id":{"$oid":"5566669bbd3543f23401728d"},"created_at":"2015-05-28T00:51:32Z","actor":{"login":"jskeet","id":17011},"event":"mentioned","repo":"protobuf","issue_id":433,"owner":"google","id":315518003}
{"_id":{"$oid":"5566669bbd3543f23401728e"},"created_at":"2015-05-28T00:51:32Z","actor":{"login":"jskeet","id":17011},"event":"subscribed","repo":"protobuf","issue_id":433,"owner":"google","id":315518004}
{"_id":{"$oid":"5586e7f2bd3543535400114c"},"created_at":"2015-06-18T23:25:29Z","actor":{"login":"xfxyjwf","id":8551050},"event":"closed","repo":"protobuf","issue_id":436,"owner":"google","id":334736892}
{"_id":{"$oid":"55685a5fbd3543974a00147c"},"created_at":"2015-05-29T02:40:09Z","actor":{"login":"QAE","id":3274765},"event":"mentioned","repo":"protobuf","issue_id":437,"owner":"google","id":316805251}
{"_id":{"$oid":"55685a5fbd3543974a00147d"},"created_at":"2015-05-29T02:40:09Z","actor":{"login":"QAE","id":3274765},"event":"subscribed","repo":"protobuf","issue_id":437,"owner":"google","id":316805252}
{"_id":{"$oid":"55685a5fbd3543974a00147e"},"created_at":"2015-05-29T02:40:09Z","actor":{"login":"z","id":49380},"event":"mentioned","repo":"protobuf","issue_id":437,"owner":"google","id":316805253}
{"_id":{"$oid":"55685a5fbd3543974a00147f"},"created_at":"2015-05-29T02:40:09Z","actor":{"login":"z","id":49380},"event":"subscribed","repo":"protobuf","issue_id":437,"owner":"google","id":316805254}
{"_id":{"$oid":"55685a5fbd3543974a001480"},"created_at":"2015-05-29T02:40:09Z","actor":{"login":"v","id":627846},"event":"mentioned","repo":"protobuf","issue_id":437,"owner":"google","id":316805255}
{"_id":{"$oid":"55685a5fbd3543974a001481"},"created_at":"2015-05-29T02:40:09Z","actor":{"login":"v","id":627846},"event":"subscribed","repo":"protobuf","issue_id":437,"owner":"google","id":316805256}
{"_id":{"$oid":"55685a5fbd3543974a001482"},"created_at":"2015-05-29T02:40:09Z","actor":{"login":"std","id":434613},"event":"mentioned","repo":"protobuf","issue_id":437,"owner":"google","id":316805257}
{"_id":{"$oid":"55685a5fbd3543974a001483"},"created_at":"2015-05-29T02:40:09Z","actor":{"login":"std","id":434613},"event":"subscribed","repo":"protobuf","issue_id":437,"owner":"google","id":316805258}
{"_id":{"$oid":"5571dfd3bd35434502001a25"},"created_at":"2015-05-31T18:57:49Z","actor":{"login":"QAE","id":3274765},"event":"mentioned","repo":"protobuf","issue_id":437,"owner":"google","id":318238452}
{"_id":{"$oid":"5571dfd3bd35434502001a26"},"created_at":"2015-05-31T18:57:49Z","actor":{"login":"QAE","id":3274765},"event":"subscribed","repo":"protobuf","issue_id":437,"owner":"google","id":318238453}
{"_id":{"$oid":"5571dfd3bd35434502001a27"},"created_at":"2015-05-31T18:57:49Z","actor":{"login":"z","id":49380},"event":"mentioned","repo":"protobuf","issue_id":437,"owner":"google","id":318238454}
{"_id":{"$oid":"5571dfd3bd35434502001a28"},"created_at":"2015-05-31T18:57:49Z","actor":{"login":"z","id":49380},"event":"subscribed","repo":"protobuf","issue_id":437,"owner":"google","id":318238455}
{"_id":{"$oid":"5571dfd3bd35434502001a29"},"created_at":"2015-05-31T18:57:49Z","actor":{"login":"v","id":627846},"event":"mentioned","repo":"protobuf","issue_id":437,"owner":"google","id":318238456}
{"_id":{"$oid":"5571dfd3bd35434502001a2a"},"created_at":"2015-05-31T18:57:49Z","actor":{"login":"v","id":627846},"event":"subscribed","repo":"protobuf","issue_id":437,"owner":"google","id":318238457}
{"_id":{"$oid":"5571dfd3bd35434502001a2b"},"created_at":"2015-05-31T18:57:49Z","actor":{"login":"std","id":434613},"event":"mentioned","repo":"protobuf","issue_id":437,"owner":"google","id":318238458}
{"_id":{"$oid":"5571dfd3bd35434502001a2c"},"created_at":"2015-05-31T18:57:49Z","actor":{"login":"std","id":434613},"event":"subscribed","repo":"protobuf","issue_id":437,"owner":"google","id":318238459}
{"_id":{"$oid":"5571dfd3bd35434502001a2d"},"created_at":"2015-06-05T17:43:35Z","actor":{"login":"xfxyjwf","id":8551050},"event":"closed","repo":"protobuf","issue_id":437,"owner":"google","id":323808936}
{"_id":{"$oid":"556e8370bd3543a7a1015327"},"created_at":"2015-06-03T04:32:41Z","actor":{"login":"xfxyjwf","id":8551050},"event":"closed","repo":"protobuf","issue_id":442,"owner":"google","id":320743344}
{"_id":{"$oid":"556cbc48bd3543a85100e774"},"created_at":"2015-06-01T20:10:37Z","actor":{"login":"anandolee","id":11618033},"event":"labeled","repo":"protobuf","issue_id":448,"owner":"google","id":319325367}
{"_id":{"$oid":"556cbc48bd3543a85100e775"},"created_at":"2015-06-01T20:10:37Z","actor":{"login":"jskeet","id":17011},"event":"mentioned","repo":"protobuf","issue_id":448,"owner":"google","id":319325368}
{"_id":{"$oid":"556cbc48bd3543a85100e776"},"created_at":"2015-06-01T20:10:37Z","actor":{"login":"jskeet","id":17011},"event":"subscribed","repo":"protobuf","issue_id":448,"owner":"google","id":319325370}
{"_id":{"$oid":"5570dd13bd354319230026fd"},"created_at":"2015-06-04T23:19:40Z","actor":{"login":"anandolee","id":11618033},"event":"closed","repo":"protobuf","issue_id":448,"owner":"google","id":323053718}
{"_id":{"$oid":"558e3aadbd3543f29e019e45"},"created_at":"2015-06-02T00:04:50Z","actor":{"login":"thomasvl","id":5279928},"event":"mentioned","repo":"protobuf","issue_id":449,"owner":"google","id":319495315}
{"_id":{"$oid":"558e3aaebd3543f29e019e46"},"created_at":"2015-06-02T00:04:50Z","actor":{"login":"thomasvl","id":5279928},"event":"subscribed","repo":"protobuf","issue_id":449,"owner":"google","id":319495316}
{"_id":{"$oid":"558e3aaebd3543f29e019e47"},"created_at":"2015-06-02T00:04:50Z","actor":{"login":"TeBoring","id":5195749},"event":"mentioned","repo":"protobuf","issue_id":449,"owner":"google","id":319495317}
{"_id":{"$oid":"558e3aaebd3543f29e019e48"},"created_at":"2015-06-02T00:04:50Z","actor":{"login":"TeBoring","id":5195749},"event":"subscribed","repo":"protobuf","issue_id":449,"owner":"google","id":319495318}
{"_id":{"$oid":"558e3aaebd3543f29e019e49"},"created_at":"2015-06-02T00:04:50Z","actor":{"login":"dmaclach","id":320201},"event":"mentioned","repo":"protobuf","issue_id":449,"owner":"google","id":319495319}
{"_id":{"$oid":"558e3aaebd3543f29e019e4a"},"created_at":"2015-06-02T00:04:50Z","actor":{"login":"dmaclach","id":320201},"event":"subscribed","repo":"protobuf","issue_id":449,"owner":"google","id":319495320}
{"_id":{"$oid":"558e3aaebd3543f29e019e4b"},"created_at":"2015-06-02T00:13:24Z","actor":{"login":"murgatroid99","id":961599},"event":"mentioned","repo":"protobuf","issue_id":449,"owner":"google","id":319499065}
{"_id":{"$oid":"558e3aaebd3543f29e019e4c"},"created_at":"2015-06-02T00:13:24Z","actor":{"login":"murgatroid99","id":961599},"event":"subscribed","repo":"protobuf","issue_id":449,"owner":"google","id":319499066}
{"_id":{"$oid":"558e3aaebd3543f29e019e4d"},"created_at":"2015-06-27T05:54:36Z","actor":{"login":"jcanizales","id":5120183},"event":"closed","repo":"protobuf","issue_id":449,"owner":"google","id":341823412}
{"_id":{"$oid":"557bee5abd3543e638009404"},"created_at":"2015-06-13T08:48:19Z","actor":{"login":"xfxyjwf","id":8551050},"event":"closed","repo":"protobuf","issue_id":454,"owner":"google","id":330146410}
{"_id":{"$oid":"5586e843bd3543591d000e55"},"created_at":"2015-06-18T23:29:17Z","actor":{"login":"xfxyjwf","id":8551050},"event":"reopened","repo":"protobuf","issue_id":454,"owner":"google","id":334738855}
{"_id":{"$oid":"557a8fd5bd3543e6510044c1"},"created_at":"2015-06-07T07:44:42Z","actor":{"login":"anandolee","id":11618033},"event":"assigned","repo":"protobuf","issue_id":470,"owner":"google","id":324578870}
{"_id":{"$oid":"557a8fd5bd3543e6510044c2"},"created_at":"2015-06-12T07:52:35Z","actor":{"login":"xfxyjwf","id":8551050},"event":"closed","repo":"protobuf","issue_id":470,"owner":"google","id":329290559}
{"_id":{"$oid":"5574e098bd35435f1f007675"},"created_at":"2015-06-08T00:23:48Z","actor":{"login":"cfallin","id":216148},"event":"mentioned","repo":"protobuf","issue_id":474,"owner":"google","id":324791081}
{"_id":{"$oid":"5574e098bd35435f1f007676"},"created_at":"2015-06-08T00:23:48Z","actor":{"login":"cfallin","id":216148},"event":"subscribed","repo":"protobuf","issue_id":474,"owner":"google","id":324791082}
{"_id":{"$oid":"5589aa42bd3543f03a001ac0"},"created_at":"2015-06-17T00:29:39Z","actor":{"login":"haberman","id":1270},"event":"mentioned","repo":"protobuf","issue_id":502,"owner":"google","id":332667542}
{"_id":{"$oid":"5589aa42bd3543f03a001ac1"},"created_at":"2015-06-17T00:29:39Z","actor":{"login":"haberman","id":1270},"event":"subscribed","repo":"protobuf","issue_id":502,"owner":"google","id":332667543}
{"_id":{"$oid":"5589aa42bd3543f03a001ac2"},"created_at":"2015-06-18T13:18:19Z","actor":{"login":"haberman","id":1270},"event":"mentioned","repo":"protobuf","issue_id":502,"owner":"google","id":334191538}
{"_id":{"$oid":"5589aa42bd3543f03a001ac3"},"created_at":"2015-06-18T13:18:19Z","actor":{"login":"haberman","id":1270},"event":"subscribed","repo":"protobuf","issue_id":502,"owner":"google","id":334191539}
{"_id":{"$oid":"5589aa42bd3543f03a001ac4"},"created_at":"2015-06-23T00:30:58Z","actor":{"login":"haberman","id":1270},"event":"referenced","repo":"protobuf","issue_id":502,"owner":"google","id":337307993}
{"_id":{"$oid":"5589aa42bd3543f03a001ac5"},"created_at":"2015-06-23T18:49:07Z","actor":{"login":"haberman","id":1270},"event":"closed","repo":"protobuf","issue_id":502,"owner":"google","id":338150783}
{"_id":{"$oid":"5586fd88bd354359da001454"},"created_at":"2015-06-19T08:14:02Z","actor":{"login":"lulinlin2015","id":12961483},"event":"mentioned","repo":"protobuf","issue_id":514,"owner":"google","id":335009563}
{"_id":{"$oid":"5586fd88bd354359da001455"},"created_at":"2015-06-19T08:14:02Z","actor":{"login":"lulinlin2015","id":12961483},"event":"subscribed","repo":"protobuf","issue_id":514,"owner":"google","id":335009564}
{"_id":{"$oid":"5592390cbd3543eedc0247c5"},"created_at":"2015-06-30T06:36:38Z","actor":{"login":"xfxyjwf","id":8551050},"event":"closed","repo":"protobuf","issue_id":514,"owner":"google","id":343844798}
{"_id":{"$oid":"55876cd2bd35434570002d1b"},"created_at":"2015-06-19T20:07:30Z","actor":{"login":"jtattermusch","id":9939684},"event":"labeled","repo":"protobuf","issue_id":516,"owner":"google","id":335586740}
{"_id":{"$oid":"55876cd2bd35434570002d1c"},"created_at":"2015-06-19T20:16:40Z","actor":{"login":"jtattermusch","id":9939684},"event":"milestoned","repo":"protobuf","issue_id":516,"owner":"google","id":335593460}
{"_id":{"$oid":"55876de2bd354346c1003d98"},"created_at":"2015-06-19T20:09:31Z","actor":{"login":"jtattermusch","id":9939684},"event":"labeled","repo":"protobuf","issue_id":517,"owner":"google","id":335588086}
{"_id":{"$oid":"55876de2bd354346c1003d99"},"created_at":"2015-06-19T20:16:33Z","actor":{"login":"jtattermusch","id":9939684},"event":"milestoned","repo":"protobuf","issue_id":517,"owner":"google","id":335593362}
{"_id":{"$oid":"55876d5fbd354345ca003714"},"created_at":"2015-06-19T20:11:33Z","actor":{"login":"jtattermusch","id":9939684},"event":"labeled","repo":"protobuf","issue_id":518,"owner":"google","id":335589330}
{"_id":{"$oid":"55876d5fbd354345ca003715"},"created_at":"2015-06-19T20:16:29Z","actor":{"login":"jtattermusch","id":9939684},"event":"milestoned","repo":"protobuf","issue_id":518,"owner":"google","id":335593315}
{"_id":{"$oid":"55876d86bd354345ca003728"},"created_at":"2015-06-19T20:13:53Z","actor":{"login":"jtattermusch","id":9939684},"event":"labeled","repo":"protobuf","issue_id":519,"owner":"google","id":335591635}
{"_id":{"$oid":"55876d86bd354345ca003729"},"created_at":"2015-06-19T20:13:53Z","actor":{"login":"jskeet","id":17011},"event":"mentioned","repo":"protobuf","issue_id":519,"owner":"google","id":335591636}
{"_id":{"$oid":"55876d86bd354345ca00372a"},"created_at":"2015-06-19T20:13:53Z","actor":{"login":"jskeet","id":17011},"event":"subscribed","repo":"protobuf","issue_id":519,"owner":"google","id":335591637}
{"_id":{"$oid":"55876d87bd354345ca00372b"},"created_at":"2015-06-19T20:13:57Z","actor":{"login":"anandolee","id":11618033},"event":"assigned","repo":"protobuf","issue_id":519,"owner":"google","id":335591671}
{"_id":{"$oid":"55876d87bd354345ca00372c"},"created_at":"2015-06-19T20:16:22Z","actor":{"login":"jtattermusch","id":9939684},"event":"milestoned","repo":"protobuf","issue_id":519,"owner":"google","id":335593238}
{"_id":{"$oid":"55876fefbd354346ca002a9e"},"created_at":"2015-06-19T20:17:28Z","actor":{"login":"jtattermusch","id":9939684},"event":"labeled","repo":"protobuf","issue_id":520,"owner":"google","id":335594020}
{"_id":{"$oid":"55876fefbd354346ca002a9f"},"created_at":"2015-06-19T20:17:28Z","actor":{"login":"jtattermusch","id":9939684},"event":"milestoned","repo":"protobuf","issue_id":520,"owner":"google","id":335594021}
{"_id":{"$oid":"55876e2bbd354344f10034ef"},"created_at":"2015-06-19T20:18:30Z","actor":{"login":"jtattermusch","id":9939684},"event":"labeled","repo":"protobuf","issue_id":521,"owner":"google","id":335595005}
{"_id":{"$oid":"55876e2bbd354344f10034f0"},"created_at":"2015-06-19T20:18:30Z","actor":{"login":"jtattermusch","id":9939684},"event":"milestoned","repo":"protobuf","issue_id":521,"owner":"google","id":335595006}
{"_id":{"$oid":"55876e2cbd35435bc2003501"},"created_at":"2015-06-19T20:20:20Z","actor":{"login":"jtattermusch","id":9939684},"event":"labeled","repo":"protobuf","issue_id":522,"owner":"google","id":335596134}
{"_id":{"$oid":"55876e2dbd35435bc2003502"},"created_at":"2015-06-19T20:20:23Z","actor":{"login":"jtattermusch","id":9939684},"event":"milestoned","repo":"protobuf","issue_id":522,"owner":"google","id":335596164}
{"_id":{"$oid":"55876ea0bd3543536a0031c2"},"created_at":"2015-06-19T20:21:38Z","actor":{"login":"jtattermusch","id":9939684},"event":"labeled","repo":"protobuf","issue_id":523,"owner":"google","id":335597110}
{"_id":{"$oid":"55876ea0bd3543536a0031c3"},"created_at":"2015-06-19T20:21:38Z","actor":{"login":"jskeet","id":17011},"event":"assigned","repo":"protobuf","issue_id":523,"owner":"google","id":335597111}
{"_id":{"$oid":"55876ea0bd3543536a0031c4"},"created_at":"2015-06-19T20:21:38Z","actor":{"login":"jtattermusch","id":9939684},"event":"milestoned","repo":"protobuf","issue_id":523,"owner":"google","id":335597112}
{"_id":{"$oid":"55876e84bd354345ca003791"},"created_at":"2015-06-19T20:23:14Z","actor":{"login":"jtattermusch","id":9939684},"event":"labeled","repo":"protobuf","issue_id":524,"owner":"google","id":335598235}
{"_id":{"$oid":"55876e84bd354345ca003792"},"created_at":"2015-06-19T20:23:14Z","actor":{"login":"jtattermusch","id":9939684},"event":"assigned","repo":"protobuf","issue_id":524,"owner":"google","id":335598237}
{"_id":{"$oid":"55876e84bd354345ca003793"},"created_at":"2015-06-19T20:23:14Z","actor":{"login":"jtattermusch","id":9939684},"event":"milestoned","repo":"protobuf","issue_id":524,"owner":"google","id":335598238}
{"_id":{"$oid":"55876eefbd354359da003574"},"created_at":"2015-06-19T20:26:51Z","actor":{"login":"jtattermusch","id":9939684},"event":"labeled","repo":"protobuf","issue_id":525,"owner":"google","id":335600980}
{"_id":{"$oid":"55876eefbd354359da003575"},"created_at":"2015-06-19T20:26:51Z","actor":{"login":"jtattermusch","id":9939684},"event":"milestoned","repo":"protobuf","issue_id":525,"owner":"google","id":335600982}
{"_id":{"$oid":"558880fabd35437a89001f3b"},"created_at":"2015-06-22T07:31:14Z","actor":{"login":"jskeet","id":17011},"event":"labeled","repo":"protobuf","issue_id":527,"owner":"google","id":336452626}
{"_id":{"$oid":"558880fabd35437a89001f3c"},"created_at":"2015-06-22T07:31:14Z","actor":{"login":"jskeet","id":17011},"event":"milestoned","repo":"protobuf","issue_id":527,"owner":"google","id":336452627}
{"_id":{"$oid":"558880fabd35437a89001f3d"},"created_at":"2015-06-22T07:31:18Z","actor":{"login":"jskeet","id":17011},"event":"assigned","repo":"protobuf","issue_id":527,"owner":"google","id":336452668}
{"_id":{"$oid":"5589b029bd3543ee490021cd"},"created_at":"2015-06-23T10:54:42Z","actor":{"login":"jskeet","id":17011},"event":"referenced","repo":"protobuf","issue_id":527,"owner":"google","id":337671212}
{"_id":{"$oid":"5589b029bd3543ee490021ce"},"created_at":"2015-06-23T11:42:34Z","actor":{"login":"jskeet","id":17011},"event":"referenced","repo":"protobuf","issue_id":527,"owner":"google","id":337714032}
{"_id":{"$oid":"5589b029bd3543ee490021cf"},"created_at":"2015-06-23T19:13:39Z","actor":{"login":"jtattermusch","id":9939684},"event":"closed","repo":"protobuf","issue_id":527,"owner":"google","id":338176860}
{"_id":{"$oid":"5588c8d3bd354391e10037c9"},"created_at":"2015-06-22T14:41:00Z","actor":{"login":"jskeet","id":17011},"event":"labeled","repo":"protobuf","issue_id":528,"owner":"google","id":336784272}
{"_id":{"$oid":"5588c8d3bd354391e10037ca"},"created_at":"2015-06-22T14:41:00Z","actor":{"login":"jskeet","id":17011},"event":"milestoned","repo":"protobuf","issue_id":528,"owner":"google","id":336784273}
{"_id":{"$oid":"55893066bd3543790a005035"},"created_at":"2015-06-23T08:57:08Z","actor":{"login":"jskeet","id":17011},"event":"labeled","repo":"protobuf","issue_id":531,"owner":"google","id":337574887}
{"_id":{"$oid":"55893066bd3543790a005036"},"created_at":"2015-06-23T08:57:08Z","actor":{"login":"jskeet","id":17011},"event":"milestoned","repo":"protobuf","issue_id":531,"owner":"google","id":337574888}
{"_id":{"$oid":"5589ae5dbd3543f12200194c"},"created_at":"2015-06-23T19:06:17Z","actor":{"login":"jskeet","id":17011},"event":"assigned","repo":"protobuf","issue_id":535,"owner":"google","id":338170277}
{"_id":{"$oid":"5589ae5dbd3543f12200194d"},"created_at":"2015-06-23T19:06:17Z","actor":{"login":"jskeet","id":17011},"event":"milestoned","repo":"protobuf","issue_id":535,"owner":"google","id":338170278}
{"_id":{"$oid":"558ad6bfbd3543f0b6007623"},"created_at":"2015-06-24T16:10:38Z","actor":{"login":"jtattermusch","id":9939684},"event":"labeled","repo":"protobuf","issue_id":537,"owner":"google","id":339118468}
{"_id":{"$oid":"558ad6bfbd3543f0b6007624"},"created_at":"2015-06-24T16:10:38Z","actor":{"login":"jtattermusch","id":9939684},"event":"milestoned","repo":"protobuf","issue_id":537,"owner":"google","id":339118473}
{"_id":{"$oid":"558afa94bd3543ed09006fc5"},"created_at":"2015-06-24T18:43:59Z","actor":{"login":"tseaver","id":242750},"event":"mentioned","repo":"protobuf","issue_id":539,"owner":"google","id":339268450}
{"_id":{"$oid":"558afa94bd3543ed09006fc6"},"created_at":"2015-06-24T18:43:59Z","actor":{"login":"tseaver","id":242750},"event":"subscribed","repo":"protobuf","issue_id":539,"owner":"google","id":339268452}
{"_id":{"$oid":"558afa94bd3543ed09006fc7"},"created_at":"2015-06-24T18:43:59Z","actor":{"login":"jgeewax","id":112928},"event":"mentioned","repo":"protobuf","issue_id":539,"owner":"google","id":339268457}
{"_id":{"$oid":"558afa94bd3543ed09006fc8"},"created_at":"2015-06-24T18:43:59Z","actor":{"login":"jgeewax","id":112928},"event":"subscribed","repo":"protobuf","issue_id":539,"owner":"google","id":339268458}
{"_id":{"$oid":"558afa94bd3543ed09006fc9"},"created_at":"2015-06-24T18:43:59Z","actor":{"login":"tbetbetbe","id":9272342},"event":"mentioned","repo":"protobuf","issue_id":539,"owner":"google","id":339268459}
{"_id":{"$oid":"558afa94bd3543ed09006fca"},"created_at":"2015-06-24T18:43:59Z","actor":{"login":"tbetbetbe","id":9272342},"event":"subscribed","repo":"protobuf","issue_id":539,"owner":"google","id":339268460}
{"_id":{"$oid":"558bbb0bbd3543f46000ad74"},"created_at":"2015-06-25T08:25:33Z","actor":{"login":"jskeet","id":17011},"event":"labeled","repo":"protobuf","issue_id":541,"owner":"google","id":339791777}
{"_id":{"$oid":"558bbb0bbd3543f46000ad75"},"created_at":"2015-06-25T08:25:33Z","actor":{"login":"jskeet","id":17011},"event":"milestoned","repo":"protobuf","issue_id":541,"owner":"google","id":339791778}
{"_id":{"$oid":"558bda3cbd3543efb600c43c"},"created_at":"2015-06-25T10:38:11Z","actor":{"login":"jskeet","id":17011},"event":"labeled","repo":"protobuf","issue_id":542,"owner":"google","id":339909390}
{"_id":{"$oid":"558bda3cbd3543efb600c43d"},"created_at":"2015-06-25T10:38:11Z","actor":{"login":"jskeet","id":17011},"event":"milestoned","repo":"protobuf","issue_id":542,"owner":"google","id":339909391}
{"_id":{"$oid":"5591d348bd3543eedc02343c"},"created_at":"2015-06-29T23:22:46Z","actor":{"login":"nslay","id":6295986},"event":"closed","repo":"protobuf","issue_id":547,"owner":"google","id":343584964}
{"_id":{"$oid":"5592e045bd3543ed630286fe"},"created_at":"2015-06-30T18:30:24Z","actor":{"login":"dustinwilson","id":1885928},"event":"closed","repo":"protobuf","issue_id":549,"owner":"google","id":344550068}
{"_id":{"$oid":"55918a5cbd3543ed09022945"},"created_at":"2015-06-29T18:11:27Z","actor":{"login":"jskeet","id":17011},"event":"labeled","repo":"protobuf","issue_id":552,"owner":"google","id":343310812}
{"_id":{"$oid":"55930ea0bd3543f17b0286f2"},"created_at":"2015-06-30T21:48:12Z","actor":{"login":"dcarp","id":1738497},"event":"mentioned","repo":"protobuf","issue_id":559,"owner":"google","id":344737609}
{"_id":{"$oid":"55930ea0bd3543f17b0286f3"},"created_at":"2015-06-30T21:48:12Z","actor":{"login":"dcarp","id":1738497},"event":"subscribed","repo":"protobuf","issue_id":559,"owner":"google","id":344737610}
{"_id":{"$oid":"55930ea0bd3543f17b0286f4"},"created_at":"2015-06-30T21:48:12Z","actor":{"login":"xfxyjwf","id":8551050},"event":"closed","repo":"protobuf","issue_id":559,"owner":"google","id":344737611}
{"_id":{"$oid":"55942630bd3543ece802cd4f"},"created_at":"2015-07-01T17:40:54Z","actor":{"login":"xfxyjwf","id":8551050},"event":"closed","repo":"protobuf","issue_id":564,"owner":"google","id":345662591}
{"_id":{"$oid":"55941267bd3543ece802c85c"},"created_at":"2015-07-01T16:16:30Z","actor":{"login":"jskeet","id":17011},"event":"labeled","repo":"protobuf","issue_id":565,"owner":"google","id":345583863}
