{"_id":{"$oid":"53d2cfa6bd35432e72001749"},"repo":"docker","owner":"docker","login":"SvenDowideit","id":28492}
{"_id":{"$oid":"53d2cfa6bd35432e7200172c"},"repo":"docker","owner":"docker","login":"aanand","id":1062}
{"_id":{"$oid":"53d2cfa6bd35432e7200172d"},"repo":"docker","owner":"docker","login":"alexlarsson","id":990736}
{"_id":{"$oid":"53d2cfa6bd35432e7200172e"},"repo":"docker","owner":"docker","login":"amylindburg","id":3268346}
{"_id":{"$oid":"53d2cfa6bd35432e7200172f"},"repo":"docker","owner":"docker","login":"bfirsh","id":40906}
{"_id":{"$oid":"53d2cfa6bd35432e72001730"},"repo":"docker","owner":"docker","login":"cpuguy83","id":799078}
{"_id":{"$oid":"53d2cfa6bd35432e72001731"},"repo":"docker","owner":"docker","login":"crosbymichael","id":749551}
{"_id":{"$oid":"53d2cfa6bd35432e72001732"},"repo":"docker","owner":"docker","login":"discordianfish","id":275966}
{"_id":{"$oid":"53d2cfa6bd35432e72001733"},"repo":"docker","owner":"docker","login":"dmcgowan","id":169601}
{"_id":{"$oid":"53d2cfa6bd35432e72001734"},"repo":"docker","owner":"docker","login":"dmp42","id":332946}
{"_id":{"$oid":"53d2cfa6bd35432e72001735"},"repo":"docker","owner":"docker","login":"dustinlacewell","id":53952}
{"_id":{"$oid":"53d2cfa6bd35432e72001736"},"repo":"docker","owner":"docker","login":"erikh","id":18923}
{"_id":{"$oid":"53d2cfa6bd35432e72001737"},"repo":"docker","owner":"docker","login":"ewindisch","id":73207}
{"_id":{"$oid":"53d2cfa6bd35432e72001738"},"repo":"docker","owner":"docker","login":"fredlf","id":1459582}
{"_id":{"$oid":"53d2cfa6bd35432e72001739"},"repo":"docker","owner":"docker","login":"fxdgear","id":146550}
{"_id":{"$oid":"53d2cfa6bd35432e7200173a"},"repo":"docker","owner":"docker","login":"hollietealok","id":3011028}
{"_id":{"$oid":"53d2cfa6bd35432e7200173b"},"repo":"docker","owner":"docker","login":"huslage","id":413867}
{"_id":{"$oid":"53d2cfa6bd35432e7200173c"},"repo":"docker","owner":"docker","login":"j0hnst0n","id":1610391}
{"_id":{"$oid":"53d2cfa6bd35432e7200173d"},"repo":"docker","owner":"docker","login":"jamtur01","id":4365}
{"_id":{"$oid":"53d2cfa6bd35432e7200173e"},"repo":"docker","owner":"docker","login":"jlhawn","id":1441929}
{"_id":{"$oid":"53d2cfa6bd35432e7200173f"},"repo":"docker","owner":"docker","login":"johncosta","id":628627}
{"_id":{"$oid":"53d2cfa6bd35432e72001740"},"repo":"docker","owner":"docker","login":"jpetazzo","id":171481}
{"_id":{"$oid":"53d2cfa6bd35432e72001741"},"repo":"docker","owner":"docker","login":"keeb","id":15742}
{"_id":{"$oid":"53d2cfa6bd35432e72001742"},"repo":"docker","owner":"docker","login":"kencochrane","id":261601}
{"_id":{"$oid":"53d2cfa6bd35432e72001743"},"repo":"docker","owner":"docker","login":"metalivedev","id":1414380}
{"_id":{"$oid":"53d2cfa6bd35432e72001744"},"repo":"docker","owner":"docker","login":"nathanleclaire","id":1476820}
{"_id":{"$oid":"53d2cfa6bd35432e72001745"},"repo":"docker","owner":"docker","login":"rogaha","id":4483394}
{"_id":{"$oid":"53d2cfa6bd35432e72001746"},"repo":"docker","owner":"docker","login":"samalba","id":216487}
{"_id":{"$oid":"53d2cfa6bd35432e72001747"},"repo":"docker","owner":"docker","login":"shin-","id":1086876}
{"_id":{"$oid":"53d2cfa6bd35432e72001748"},"repo":"docker","owner":"docker","login":"shykes","id":29565}
{"_id":{"$oid":"53d2cfa6bd35432e7200174a"},"repo":"docker","owner":"docker","login":"tianon","id":161631}
{"_id":{"$oid":"53d2cfa6bd35432e7200174b"},"repo":"docker","owner":"docker","login":"tiborvass","id":827131}
{"_id":{"$oid":"53d2cfa6bd35432e7200174c"},"repo":"docker","owner":"docker","login":"unclejack","id":1409668}
{"_id":{"$oid":"53d2cfa6bd35432e7200174d"},"repo":"docker","owner":"docker","login":"vbatts","id":67049}
{"_id":{"$oid":"53d2cfa6bd35432e7200174e"},"repo":"docker","owner":"docker","login":"vieux","id":1032519}
{"_id":{"$oid":"53d2cfa6bd35432e7200174f"},"repo":"docker","owner":"docker","login":"vmarmol","id":985208}
