{"_id":{"$oid":"53d2ee44bd35432e720067d9"},"repo":"docker","owner":"docker","name":"bug"}
{"_id":{"$oid":"53d2ee44bd35432e720067da"},"repo":"docker","owner":"docker","name":"cannot reproduce"}
{"_id":{"$oid":"53d2ee44bd35432e720067db"},"repo":"docker","owner":"docker","name":"/project/doc"}
{"_id":{"$oid":"53d2ee44bd35432e720067dc"},"repo":"docker","owner":"docker","name":"usecase"}
{"_id":{"$oid":"53d2ee44bd35432e720067dd"},"repo":"docker","owner":"docker","name":"/project/helpwanted"}
{"_id":{"$oid":"53d2ee44bd35432e720067de"},"repo":"docker","owner":"docker","name":"/project/security"}
{"_id":{"$oid":"53d2ee44bd35432e720067df"},"repo":"docker","owner":"docker","name":"/dist/library"}
{"_id":{"$oid":"53d2ee44bd35432e720067e0"},"repo":"docker","owner":"docker","name":"/system/aufs"}
{"_id":{"$oid":"53d2ee44bd35432e720067e1"},"repo":"docker","owner":"docker","name":"/project/testing"}
{"_id":{"$oid":"53d2ee44bd35432e720067e2"},"repo":"docker","owner":"docker","name":"/system/lvm"}
{"_id":{"$oid":"53d2ee44bd35432e720067e3"},"repo":"docker","owner":"docker","name":"/system/sandboxing"}
{"_id":{"$oid":"53d2ee44bd35432e720067e4"},"repo":"docker","owner":"docker","name":"/system/networking"}
{"_id":{"$oid":"53d2ee44bd35432e720067e5"},"repo":"docker","owner":"docker","name":"/tools/logging"}
{"_id":{"$oid":"53d2ee44bd35432e720067e6"},"repo":"docker","owner":"docker","name":"/core/plugins"}
{"_id":{"$oid":"53d2ee44bd35432e720067e7"},"repo":"docker","owner":"docker","name":"/core/api"}
{"_id":{"$oid":"53d2ee44bd35432e720067e8"},"repo":"docker","owner":"docker","name":"/tools/build"}
{"_id":{"$oid":"53d2ee44bd35432e720067e9"},"repo":"docker","owner":"docker","name":"/dist/registry"}
{"_id":{"$oid":"53d2ee44bd35432e720067ea"},"repo":"docker","owner":"docker","name":"/dist"}
{"_id":{"$oid":"53d2ee44bd35432e720067eb"},"repo":"docker","owner":"docker","name":"/ecosystem/debian"}
{"_id":{"$oid":"53d2ee44bd35432e720067ec"},"repo":"docker","owner":"docker","name":"/ecosystem/ubuntu"}
{"_id":{"$oid":"53d2ee44bd35432e720067ed"},"repo":"docker","owner":"docker","name":"/system/apparmor"}
{"_id":{"$oid":"53d2ee44bd35432e720067ee"},"repo":"docker","owner":"docker","name":"/system/tty"}
{"_id":{"$oid":"53d2ee44bd35432e720067ef"},"repo":"docker","owner":"docker","name":"/core/runtime"}
{"_id":{"$oid":"53d2ee44bd35432e720067f0"},"repo":"docker","owner":"docker","name":"/dist/imageformat"}
{"_id":{"$oid":"53d2ee44bd35432e720067f1"},"repo":"docker","owner":"docker","name":"/system"}
{"_id":{"$oid":"53d2ee44bd35432e720067f2"},"repo":"docker","owner":"docker","name":"/ecosystem/upstart"}
{"_id":{"$oid":"53d2ee44bd35432e720067f3"},"repo":"docker","owner":"docker","name":"/core/cli"}
{"_id":{"$oid":"53d2ee44bd35432e720067f4"},"repo":"docker","owner":"docker","name":"/ecosystem/rasberrypi"}
{"_id":{"$oid":"53d2ee44bd35432e720067f5"},"repo":"docker","owner":"docker","name":"/project/devtools"}
{"_id":{"$oid":"53d2ee44bd35432e720067f6"},"repo":"docker","owner":"docker","name":"/project"}
{"_id":{"$oid":"53d2ee44bd35432e720067f7"},"repo":"docker","owner":"docker","name":"question"}
{"_id":{"$oid":"53d2ee44bd35432e720067f8"},"repo":"docker","owner":"docker","name":"/system/devicemapper"}
{"_id":{"$oid":"53d2ee44bd35432e720067f9"},"repo":"docker","owner":"docker","name":"/system/storage"}
{"_id":{"$oid":"53d2ee44bd35432e720067fa"},"repo":"docker","owner":"docker","name":"invalid"}
{"_id":{"$oid":"53d2ee44bd35432e720067fb"},"repo":"docker","owner":"docker","name":"/ecosystem/boot2docker"}
{"_id":{"$oid":"53d2ee44bd35432e720067fc"},"repo":"docker","owner":"docker","name":"/system/btrfs"}
{"_id":{"$oid":"53d2ee44bd35432e720067fd"},"repo":"docker","owner":"docker","name":"/project/doc/markdown"}
{"_id":{"$oid":"53d2ee44bd35432e720067fe"},"repo":"docker","owner":"docker","name":"kernel"}
{"_id":{"$oid":"53d2ee44bd35432e720067ff"},"repo":"docker","owner":"docker","name":"Distribution"}
{"_id":{"$oid":"53d2ee44bd35432e72006800"},"repo":"docker","owner":"docker","name":"Orchestration"}
{"_id":{"$oid":"53d2ee44bd35432e72006801"},"repo":"docker","owner":"docker","name":"Trust"}
{"_id":{"$oid":"53d2ee44bd35432e72006802"},"repo":"docker","owner":"docker","name":"Runtime"}
{"_id":{"$oid":"53d2ee44bd35432e72006803"},"repo":"docker","owner":"docker","name":"Tools"}
{"_id":{"$oid":"53d2ee44bd35432e72006804"},"repo":"docker","owner":"docker","name":"Content"}
{"_id":{"$oid":"53d2ee44bd35432e72006805"},"repo":"docker","owner":"docker","name":"/ecosystem/centos"}
{"_id":{"$oid":"53d2ee44bd35432e72006806"},"repo":"docker","owner":"docker","name":"ICC"}
{"_id":{"$oid":"53d2ee44bd35432e72006807"},"repo":"docker","owner":"docker","name":"Proposal"}
{"_id":{"$oid":"54217c77bd354368d400be63"},"repo":"docker","owner":"docker","name":"shykes-approved"}
{"_id":{"$oid":"54217c77bd354368d400be64"},"repo":"docker","owner":"docker","name":"UX"}
{"_id":{"$oid":"5465f365bd3543c01a0020f8"},"repo":"docker","owner":"docker","name":"/project/docs/needs edit"}
{"_id":{"$oid":"5465f365bd3543c01a0020f9"},"repo":"docker","owner":"docker","name":"/system/lxc"}
{"_id":{"$oid":"548ba2b7bd354317fe0081db"},"repo":"docker","owner":"docker","name":"/system/overlayfs"}
{"_id":{"$oid":"54b7cc58bd35430238000667"},"repo":"docker","owner":"docker","name":"Windows"}
{"_id":{"$oid":"54c7ba19bd3543d49601679e"},"repo":"docker","owner":"docker","name":"docs-only"}
{"_id":{"$oid":"54c7ba19bd3543d49601679f"},"repo":"docker","owner":"docker","name":"/os/linux/rhel"}
{"_id":{"$oid":"54eba322bd35436b9f0101b0"},"repo":"docker","owner":"docker","name":"/system/overlay"}
{"_id":{"$oid":"54eba322bd35436b9f0101b1"},"repo":"docker","owner":"docker","name":"/os/linux/ubuntu"}
{"_id":{"$oid":"54eba322bd35436b9f0101b2"},"repo":"docker","owner":"docker","name":"/os/linux/debian"}
{"_id":{"$oid":"54eba322bd35436b9f0101b3"},"repo":"docker","owner":"docker","name":"/os/linux/fedora"}
{"_id":{"$oid":"54eba322bd35436b9f0101b4"},"repo":"docker","owner":"docker","name":"/os/linux"}
{"_id":{"$oid":"54eba322bd35436b9f0101b5"},"repo":"docker","owner":"docker","name":"0-triage"}
{"_id":{"$oid":"54eba322bd35436b9f0101b6"},"repo":"docker","owner":"docker","name":"1-design-review"}
{"_id":{"$oid":"54eba322bd35436b9f0101b7"},"repo":"docker","owner":"docker","name":"2-code-review"}
{"_id":{"$oid":"54eba322bd35436b9f0101b8"},"repo":"docker","owner":"docker","name":"3-docs-review"}
{"_id":{"$oid":"54eba322bd35436b9f0101b9"},"repo":"docker","owner":"docker","name":"4-merge"}
{"_id":{"$oid":"54eba322bd35436b9f0101ba"},"repo":"docker","owner":"docker","name":"white-belt"}
{"_id":{"$oid":"54ebaaa5bd35437dc500f199"},"repo":"docker","owner":"docker","name":"black-belt"}
{"_id":{"$oid":"54ebab19bd3543627c00f8b7"},"repo":"docker","owner":"docker","name":"assigned"}
{"_id":{"$oid":"54ebab19bd3543627c00f8b8"},"repo":"docker","owner":"docker","name":"regression"}
{"_id":{"$oid":"54ebab19bd3543627c00f8b9"},"repo":"docker","owner":"docker","name":"improvement"}
{"_id":{"$oid":"54ee3731bd3543c91900311e"},"repo":"docker","owner":"docker","name":"feature"}
{"_id":{"$oid":"54ef380abd3543c919005ef3"},"repo":"docker","owner":"docker","name":"/system/selinux"}
{"_id":{"$oid":"54f4b458bd354328b200218f"},"repo":"docker","owner":"docker","name":"/system/systemd"}
{"_id":{"$oid":"54f4b458bd354328b2002190"},"repo":"docker","owner":"docker","name":"need-more-info"}
{"_id":{"$oid":"5506e9c7bd3543ced2000ec7"},"repo":"docker","owner":"docker","name":"dco/no"}
{"_id":{"$oid":"5506e9c7bd3543ced2000ec8"},"repo":"docker","owner":"docker","name":"dco/yes"}
{"_id":{"$oid":"5506e9c7bd3543ced2000ec9"},"repo":"docker","owner":"docker","name":"status/claimed"}
{"_id":{"$oid":"5506e9c8bd3543ced2000eca"},"repo":"docker","owner":"docker","name":"status/help-wanted"}
{"_id":{"$oid":"550dd20bbd354330b200e49e"},"repo":"docker","owner":"docker","name":"status/closed/cannot-reproduce"}
{"_id":{"$oid":"550dd20bbd354330b200e49f"},"repo":"docker","owner":"docker","name":"kind/usecase"}
{"_id":{"$oid":"550dd20bbd354330b200e4a0"},"repo":"docker","owner":"docker","name":"kind/question"}
{"_id":{"$oid":"550dd20bbd354330b200e4a1"},"repo":"docker","owner":"docker","name":"status/closed/invalid"}
{"_id":{"$oid":"550dd20bbd354330b200e4a2"},"repo":"docker","owner":"docker","name":"kind/content"}
{"_id":{"$oid":"550dd20bbd354330b200e4a3"},"repo":"docker","owner":"docker","name":"kind/proposal"}
{"_id":{"$oid":"550dd20bbd354330b200e4a4"},"repo":"docker","owner":"docker","name":"status/docs-help"}
{"_id":{"$oid":"550dd20bbd354330b200e4a5"},"repo":"docker","owner":"docker","name":"status/needs-triage"}
{"_id":{"$oid":"550dd20bbd354330b200e4a6"},"repo":"docker","owner":"docker","name":"status/needs-design-review"}
{"_id":{"$oid":"550dd20bbd354330b200e4a7"},"repo":"docker","owner":"docker","name":"status/needs-code-review"}
{"_id":{"$oid":"550dd20bbd354330b200e4a8"},"repo":"docker","owner":"docker","name":"status/needs-docs-review"}
{"_id":{"$oid":"550dd20bbd354330b200e4a9"},"repo":"docker","owner":"docker","name":"status/ready-to-merge"}
{"_id":{"$oid":"550dd20bbd354330b200e4aa"},"repo":"docker","owner":"docker","name":"exp/expert"}
{"_id":{"$oid":"550dd20bbd354330b200e4ab"},"repo":"docker","owner":"docker","name":"status/assigned"}
{"_id":{"$oid":"550dd20bbd354330b200e4ac"},"repo":"docker","owner":"docker","name":"kind/improvement"}
{"_id":{"$oid":"550dd20bbd354330b200e4ad"},"repo":"docker","owner":"docker","name":"kind/feature"}
{"_id":{"$oid":"550dd20bbd354330b200e4ae"},"repo":"docker","owner":"docker","name":"status/more-info-needed"}
{"_id":{"$oid":"550dd20bbd354330b200e4af"},"repo":"docker","owner":"docker","name":"kind/bug"}
{"_id":{"$oid":"550dd20bbd354330b200e4b0"},"repo":"docker","owner":"docker","name":"exp/beginner"}
{"_id":{"$oid":"550e1f8fbd3543de3800dc69"},"repo":"docker","owner":"docker","name":"kind/security"}
{"_id":{"$oid":"550e1f8fbd3543de3800dc6a"},"repo":"docker","owner":"docker","name":"kind/test"}
{"_id":{"$oid":"550e1f8fbd3543de3800dc6b"},"repo":"docker","owner":"docker","name":"kind/regression"}
{"_id":{"$oid":"550e1f8fbd3543de3800dc6c"},"repo":"docker","owner":"docker","name":"kind/enhancement"}
{"_id":{"$oid":"550e1f8fbd3543de3800dc6d"},"repo":"docker","owner":"docker","name":"exp/novice"}
{"_id":{"$oid":"550e1f8fbd3543de3800dc6e"},"repo":"docker","owner":"docker","name":"kind/writing"}
{"_id":{"$oid":"550e1f8fbd3543de3800dc6f"},"repo":"docker","owner":"docker","name":"kind/graphics"}
{"_id":{"$oid":"550f74b4bd35433d5a0124aa"},"repo":"docker","owner":"docker","name":"kind/cleanup"}
{"_id":{"$oid":"550f74b4bd35433d5a0124ab"},"repo":"docker","owner":"docker","name":"status/closed/duplicate"}
{"_id":{"$oid":"550f74b4bd35433d5a0124ac"},"repo":"docker","owner":"docker","name":"exp/proficient"}
{"_id":{"$oid":"550f74b4bd35433d5a0124ad"},"repo":"docker","owner":"docker","name":"exp/master"}
{"_id":{"$oid":"5515985abd3543ea6f002c61"},"repo":"docker","owner":"docker","name":"kind/video"}
{"_id":{"$oid":"55241213bd35436d5001aceb"},"repo":"docker","owner":"docker","name":"Networking"}
{"_id":{"$oid":"55241213bd35436d5001acec"},"repo":"docker","owner":"docker","name":"os/windows"}
{"_id":{"$oid":"552838b9bd35436981025d3e"},"repo":"docker","owner":"docker","name":"os/linux/rhel"}
{"_id":{"$oid":"552838b9bd35436981025d3f"},"repo":"docker","owner":"docker","name":"os/linux/ubuntu"}
{"_id":{"$oid":"55314028bd354361c003eca6"},"repo":"docker","owner":"docker","name":"os/linux/debian"}
{"_id":{"$oid":"554255d6bd3543b325005e23"},"repo":"docker","owner":"docker","name":"roadmap"}
{"_id":{"$oid":"555156c2bd3543d2fc00833f"},"repo":"docker","owner":"docker","name":"os/linux/fedora"}
{"_id":{"$oid":"555156c3bd3543d2fc008340"},"repo":"docker","owner":"docker","name":"os/linux"}
{"_id":{"$oid":"555156c3bd3543d2fc008341"},"repo":"docker","owner":"docker","name":"status/0-needs-triage"}
{"_id":{"$oid":"555156c4bd3543d2fc008342"},"repo":"docker","owner":"docker","name":"status/1-needs-design-review"}
{"_id":{"$oid":"555156c5bd3543d2fc008343"},"repo":"docker","owner":"docker","name":"status/2-needs-code-review"}
{"_id":{"$oid":"555156c5bd3543d2fc008344"},"repo":"docker","owner":"docker","name":"status/3-needs-docs-review"}
{"_id":{"$oid":"555156c6bd3543d2fc008345"},"repo":"docker","owner":"docker","name":"status/4-ready-to-merge"}
{"_id":{"$oid":"555156c7bd3543d2fc008346"},"repo":"docker","owner":"docker","name":"status/needs-attention"}
{"_id":{"$oid":"555156c7bd3543d2fc008347"},"repo":"docker","owner":"docker","name":"/system/zfs"}
{"_id":{"$oid":"555fbedbbd3543f8260065d9"},"repo":"docker","owner":"docker","name":"kind/experimental"}
