{"_id":{"$oid":"51d6c9f8bd354390fa000001"},"commit_id":"0cc92e989c2249fbd165dbc2f18a28822b28aa69","created_at":"2013-01-08T12:37:00Z","updated_at":"2013-01-08T12:37:00Z","repo":"Font-Awesome","user":{"login":"mikaelkael","id":212540},"owner":"FortAwesome","id":2576303}
{"_id":{"$oid":"51d6d75fbd3543bea8000001"},"commit_id":"cf02d11a37c0f2c24874a6a731cad7acd7586c49","created_at":"2013-03-07T00:11:34Z","updated_at":"2013-03-07T00:20:51Z","repo":"Font-Awesome","user":{"login":"steve-todorov","id":2303663},"owner":"FortAwesome","id":3272612}
{"_id":{"$oid":"52a5d182bd35431fe900097f"},"commit_id":"fd0816d853c003070e7b5f516327dba58c5c22ff","created_at":"2013-12-01T22:11:42Z","updated_at":"2013-12-01T22:11:42Z","repo":"Font-Awesome","user":{"login":"Ninir","id":855022},"owner":"FortAwesome","id":8015281}
{"_id":{"$oid":"550163eebd3543cf2e021a13"},"commit_id":"38c95d64010b7bbf50fb794008e20b7b97a243a2","created_at":"2015-03-12T09:55:46Z","updated_at":"2015-03-12T09:55:46Z","repo":"Font-Awesome","user":{"login":"futhr","id":66969},"owner":"FortAwesome","id":26288917}
{"_id":{"$oid":"53a62f38bd3543f794022132"},"commit_id":"2671f8f04139ccc2a618f91e2022f50a2ac4c222","created_at":"2014-06-22T01:19:51Z","updated_at":"2014-06-22T01:19:51Z","repo":"Font-Awesome","user":{"login":"KyleDavidE","id":4015993},"owner":"FortAwesome","id":14052544}
{"_id":{"$oid":"5487e159bd354390340036dd"},"commit_id":"e77a8c2dd665f8da7d5aa5ab2fb4800d1e0d88e0","created_at":"2014-11-26T14:12:00Z","updated_at":"2014-11-28T23:54:15Z","repo":"Font-Awesome","user":{"login":"tagliala","id":556268},"owner":"FortAwesome","id":20936407}
{"_id":{"$oid":"5487e15cbd35439038002dae"},"commit_id":"e77a8c2dd665f8da7d5aa5ab2fb4800d1e0d88e0","created_at":"2014-11-26T14:12:48Z","updated_at":"2014-11-28T23:54:15Z","repo":"Font-Awesome","user":{"login":"tagliala","id":556268},"owner":"FortAwesome","id":20936453}
{"_id":{"$oid":"5487e15cbd35439066002dab"},"commit_id":"e77a8c2dd665f8da7d5aa5ab2fb4800d1e0d88e0","created_at":"2014-11-26T14:13:31Z","updated_at":"2014-11-28T23:54:15Z","repo":"Font-Awesome","user":{"login":"tagliala","id":556268},"owner":"FortAwesome","id":20936486}
{"_id":{"$oid":"5487e161bd354390610032f3"},"commit_id":"e77a8c2dd665f8da7d5aa5ab2fb4800d1e0d88e0","created_at":"2014-11-26T14:13:52Z","updated_at":"2014-11-28T23:54:15Z","repo":"Font-Awesome","user":{"login":"tagliala","id":556268},"owner":"FortAwesome","id":20936508}
{"_id":{"$oid":"5487e15abd3543905e0030d5"},"commit_id":"e77a8c2dd665f8da7d5aa5ab2fb4800d1e0d88e0","created_at":"2014-11-26T14:14:27Z","updated_at":"2014-11-28T23:54:15Z","repo":"Font-Awesome","user":{"login":"tagliala","id":556268},"owner":"FortAwesome","id":20936528}
{"_id":{"$oid":"551950fbbd354328d20009a5"},"commit_id":"bd6383f11d2e252f2b5d7b48d75cfec707760196","created_at":"2015-03-30T08:17:44Z","updated_at":"2015-03-30T09:04:46Z","repo":"Font-Awesome","user":{"login":"mathiasbynens","id":81942},"owner":"FortAwesome","id":27372712}
