{"_id":{"$oid":"51b9b5acbd35437461000039"},"repo":"Font-Awesome","owner":"FortAwesome","name":"new icon"}
{"_id":{"$oid":"51b9b5acbd3543746100003a"},"repo":"Font-Awesome","owner":"FortAwesome","name":"bug"}
{"_id":{"$oid":"51b9b5acbd3543746100003b"},"repo":"Font-Awesome","owner":"FortAwesome","name":"feature"}
{"_id":{"$oid":"51b9b5acbd3543746100003c"},"repo":"Font-Awesome","owner":"FortAwesome","name":"doc"}
{"_id":{"$oid":"51b9b5acbd3543746100003d"},"repo":"Font-Awesome","owner":"FortAwesome","name":"enhancement"}
{"_id":{"$oid":"51b9b5acbd3543746100003e"},"repo":"Font-Awesome","owner":"FortAwesome","name":"question"}
{"_id":{"$oid":"51b9b5acbd3543746100003f"},"repo":"Font-Awesome","owner":"FortAwesome","name":"icon alias"}
{"_id":{"$oid":"51b9b5acbd35437461000040"},"repo":"Font-Awesome","owner":"FortAwesome","name":"web application icons"}
{"_id":{"$oid":"51b9b5acbd35437461000041"},"repo":"Font-Awesome","owner":"FortAwesome","name":"text editor icons"}
{"_id":{"$oid":"51b9b5acbd35437461000042"},"repo":"Font-Awesome","owner":"FortAwesome","name":"directional icons"}
{"_id":{"$oid":"51b9b5acbd35437461000043"},"repo":"Font-Awesome","owner":"FortAwesome","name":"video player icons"}
{"_id":{"$oid":"51b9b5acbd35437461000044"},"repo":"Font-Awesome","owner":"FortAwesome","name":"brand icons"}
{"_id":{"$oid":"51b9b5acbd35437461000045"},"repo":"Font-Awesome","owner":"FortAwesome","name":"medical icons"}
{"_id":{"$oid":"51b9b5acbd35437461000046"},"repo":"Font-Awesome","owner":"FortAwesome","name":"waiting for feedback"}
{"_id":{"$oid":"51b9b5acbd35437461000047"},"repo":"Font-Awesome","owner":"FortAwesome","name":"currency icons"}
{"_id":{"$oid":"51e367fdbd35433e42000084"},"repo":"Font-Awesome","owner":"FortAwesome","name":"css"}
{"_id":{"$oid":"52111763bd35431be20001e0"},"repo":"Font-Awesome","owner":"FortAwesome","name":"pairing with glyphicons"}
{"_id":{"$oid":"52304dbbbd3543b40e00a262"},"repo":"Font-Awesome","owner":"FortAwesome","name":"wontfix"}
{"_id":{"$oid":"5254c0dcbd35431a820000a8"},"repo":"Font-Awesome","owner":"FortAwesome","name":"IE8"}
{"_id":{"$oid":"53edcf3dbd3543a43402d790"},"repo":"Font-Awesome","owner":"FortAwesome","name":"form control icons"}
{"_id":{"$oid":"53edcf3dbd3543a43402d791"},"repo":"Font-Awesome","owner":"FortAwesome","name":"blame chrome"}
{"_id":{"$oid":"53edcf3dbd3543a43402d792"},"repo":"Font-Awesome","owner":"FortAwesome","name":"file type icons"}
{"_id":{"$oid":"54200c67bd354368ff000033"},"repo":"Font-Awesome","owner":"FortAwesome","name":"payment icons"}
{"_id":{"$oid":"54c0d928bd3543d40500504f"},"repo":"Font-Awesome","owner":"FortAwesome","name":"BREAKING CHANGE"}
{"_id":{"$oid":"54c0d928bd3543d405005050"},"repo":"Font-Awesome","owner":"FortAwesome","name":"blame safari"}
{"_id":{"$oid":"550969a1bd3543d6e200e143"},"repo":"Font-Awesome","owner":"FortAwesome","name":"transportation icons"}
{"_id":{"$oid":"550969a1bd3543d6e200e144"},"repo":"Font-Awesome","owner":"FortAwesome","name":"food icons"}
{"_id":{"$oid":"5576c5cdbd3543164f00026d"},"repo":"Font-Awesome","owner":"FortAwesome","name":"freemasonry icons"}
{"_id":{"$oid":"5576c5cebd3543164f00026e"},"repo":"Font-Awesome","owner":"FortAwesome","name":"sport icons"}
{"_id":{"$oid":"5576c5cfbd3543164f00026f"},"repo":"Font-Awesome","owner":"FortAwesome","name":"smiley icons"}
{"_id":{"$oid":"5576c5cfbd3543164f000270"},"repo":"Font-Awesome","owner":"FortAwesome","name":"accessibility"}
{"_id":{"$oid":"5576c5d0bd3543164f000271"},"repo":"Font-Awesome","owner":"FortAwesome","name":"gender icons"}
