{"_id":{"$oid":"52fa4710bd3543c001008862"},"repo":"spring-framework","owner":"spring-projects","login":"bclozel","id":103264}
{"_id":{"$oid":"52fa4710bd3543c001008863"},"repo":"spring-framework","owner":"spring-projects","login":"cbeams","id":301810}
{"_id":{"$oid":"52fa4710bd3543c001008864"},"repo":"spring-framework","owner":"spring-projects","login":"jhoeller","id":1263688}
{"_id":{"$oid":"52fa4710bd3543c001008865"},"repo":"spring-framework","owner":"spring-projects","login":"philwebb","id":519772}
{"_id":{"$oid":"52fa4710bd3543c001008866"},"repo":"spring-framework","owner":"spring-projects","login":"poutsma","id":330665}
{"_id":{"$oid":"52fa4710bd3543c001008867"},"repo":"spring-framework","owner":"spring-projects","login":"rstoyanchev","id":401908}
{"_id":{"$oid":"52fa4710bd3543c001008868"},"repo":"spring-framework","owner":"spring-projects","login":"rwinch","id":362503}
{"_id":{"$oid":"52fa4710bd3543c001008869"},"repo":"spring-framework","owner":"spring-projects","login":"sbrannen","id":104798}
{"_id":{"$oid":"52fa4710bd3543c00100886a"},"repo":"spring-framework","owner":"spring-projects","login":"spring-buildmaster","id":1134463}
{"_id":{"$oid":"52fa4710bd3543c00100886b"},"repo":"spring-framework","owner":"spring-projects","login":"springsource-readonly","id":1349411}
