{"_id":{"$oid":"53f5fc94bd3543855601ba1c"},"created_at":"2011-12-24T01:57:03Z","updated_at":"2012-05-17T14:12:02Z","repo":"spring-framework","state":"open","user":{"login":"eyealike","id":324599},"owner":"spring-projects","closed_at":null,"id":2651367}
{"_id":{"$oid":"53f5fc94bd3543855601ba1b"},"created_at":"2012-05-25T18:12:14Z","updated_at":"2013-02-04T21:16:51Z","repo":"spring-framework","state":"open","user":{"login":"nurkiewicz","id":164045},"owner":"spring-projects","closed_at":null,"id":4758188}
{"_id":{"$oid":"53f5fc94bd3543855601ba1a"},"created_at":"2012-07-11T21:40:37Z","updated_at":"2012-07-12T06:15:51Z","repo":"spring-framework","state":"open","user":{"login":"nachogiljaldo","id":998352},"owner":"spring-projects","closed_at":null,"id":5559610}
{"_id":{"$oid":"53f5fc94bd3543855601ba19"},"created_at":"2012-07-12T11:00:30Z","updated_at":"2012-07-12T14:35:29Z","repo":"spring-framework","state":"open","user":{"login":"samppa","id":1001468},"owner":"spring-projects","closed_at":null,"id":5569143}
{"_id":{"$oid":"53f5fc94bd3543855601ba18"},"created_at":"2012-09-03T13:48:52Z","updated_at":"2012-09-03T14:03:58Z","repo":"spring-framework","state":"open","user":{"login":"twicksell","id":301239},"owner":"spring-projects","closed_at":null,"id":6616283}
{"_id":{"$oid":"53f5fc94bd3543855601ba17"},"created_at":"2012-09-07T19:00:16Z","updated_at":"2012-09-07T19:00:16Z","repo":"spring-framework","state":"open","user":{"login":"billkoch","id":347606},"owner":"spring-projects","closed_at":null,"id":6721643}
{"_id":{"$oid":"53f5fc94bd3543855601ba16"},"created_at":"2012-09-10T19:57:51Z","updated_at":"2012-09-11T19:14:36Z","repo":"spring-framework","state":"open","user":{"login":"rwinch","id":362503},"owner":"spring-projects","closed_at":null,"id":6772790}
{"_id":{"$oid":"53f5fc94bd3543855601ba15"},"created_at":"2012-10-09T12:48:26Z","updated_at":"2012-10-30T12:15:52Z","repo":"spring-framework","state":"open","user":{"login":"dsyer","id":124075},"owner":"spring-projects","closed_at":null,"id":7446224}
{"_id":{"$oid":"53f5fc94bd3543855601ba14"},"created_at":"2013-01-25T21:02:37Z","updated_at":"2013-12-05T01:50:45Z","repo":"spring-framework","state":"open","user":{"login":"marschall","id":471021},"owner":"spring-projects","closed_at":null,"id":10326244}
{"_id":{"$oid":"53f5fc94bd3543855601ba13"},"created_at":"2013-02-01T09:12:33Z","updated_at":"2013-02-01T13:38:07Z","repo":"spring-framework","state":"open","user":{"login":"kpankowski","id":1798278},"owner":"spring-projects","closed_at":null,"id":10533257}
{"_id":{"$oid":"53f5fc94bd3543855601ba12"},"created_at":"2013-03-24T22:35:50Z","updated_at":"2013-03-25T22:07:14Z","repo":"spring-framework","state":"open","user":{"login":"marschall","id":471021},"owner":"spring-projects","closed_at":null,"id":12381998}
{"_id":{"$oid":"53f5fc94bd3543855601ba11"},"created_at":"2013-04-22T09:25:26Z","updated_at":"2014-04-18T14:45:21Z","repo":"spring-framework","state":"open","user":{"login":"youngjee","id":3632322},"owner":"spring-projects","closed_at":null,"id":13471448}
{"_id":{"$oid":"53f5fc94bd3543855601ba10"},"created_at":"2013-04-22T09:54:38Z","updated_at":"2013-05-28T21:35:54Z","repo":"spring-framework","state":"open","user":{"login":"gpitteloud","id":3584054},"owner":"spring-projects","closed_at":null,"id":13472444}
{"_id":{"$oid":"53f5fc94bd3543855601ba0f"},"created_at":"2013-05-15T01:01:35Z","updated_at":"2013-05-15T04:12:03Z","repo":"spring-framework","state":"open","user":{"login":"teddyjoo","id":4256755},"owner":"spring-projects","closed_at":null,"id":14339210}
{"_id":{"$oid":"53f5fc94bd3543855601ba0e"},"created_at":"2013-05-26T21:13:59Z","updated_at":"2014-04-18T14:44:59Z","repo":"spring-framework","state":"open","user":{"login":"obecker","id":197628},"owner":"spring-projects","closed_at":null,"id":14775321}
{"_id":{"$oid":"53f5fc94bd3543855601ba0d"},"created_at":"2013-06-24T06:22:42Z","updated_at":"2013-06-24T07:18:05Z","repo":"spring-framework","state":"open","user":{"login":"philwebb","id":519772},"owner":"spring-projects","closed_at":null,"id":15909960}
{"_id":{"$oid":"53f5fc94bd3543855601ba0c"},"created_at":"2013-07-04T22:52:54Z","updated_at":"2014-04-18T15:38:18Z","repo":"spring-framework","state":"open","user":{"login":"GeorgeVan","id":3421082},"owner":"spring-projects","closed_at":null,"id":16382705}
{"_id":{"$oid":"53f5fc94bd3543855601ba0b"},"created_at":"2013-08-13T06:40:45Z","updated_at":"2014-04-18T14:54:08Z","repo":"spring-framework","state":"open","user":{"login":"byungseok","id":4474735},"owner":"spring-projects","closed_at":null,"id":17981548}
{"_id":{"$oid":"53f5fc94bd3543855601ba0a"},"created_at":"2013-08-21T15:54:37Z","updated_at":"2014-04-18T14:55:55Z","repo":"spring-framework","state":"open","user":{"login":"raphw","id":4489328},"owner":"spring-projects","closed_at":null,"id":18363023}
{"_id":{"$oid":"53f5fc94bd3543855601ba09"},"created_at":"2013-08-28T16:35:52Z","updated_at":"2014-04-18T14:58:13Z","repo":"spring-framework","state":"open","user":{"login":"sivaprasadvalluru","id":5005638},"owner":"spring-projects","closed_at":null,"id":18680550}
{"_id":{"$oid":"53f5fc94bd3543855601ba08"},"created_at":"2013-09-14T20:01:53Z","updated_at":"2014-04-18T14:59:29Z","repo":"spring-framework","state":"open","user":{"login":"beamerblvd","id":2373900},"owner":"spring-projects","closed_at":null,"id":19509410}
{"_id":{"$oid":"53f5fc94bd3543855601ba07"},"created_at":"2013-09-17T20:35:34Z","updated_at":"2014-04-18T15:00:45Z","repo":"spring-framework","state":"open","user":{"login":"jeffbrown","id":15482},"owner":"spring-projects","closed_at":null,"id":19644006}
{"_id":{"$oid":"53f5fc94bd3543855601ba06"},"created_at":"2013-09-25T07:31:03Z","updated_at":"2014-04-18T15:01:17Z","repo":"spring-framework","state":"open","user":{"login":"vvictorlee","id":3895593},"owner":"spring-projects","closed_at":null,"id":20026175}
{"_id":{"$oid":"53f5fc94bd3543855601ba05"},"created_at":"2013-09-30T10:32:45Z","updated_at":"2014-04-18T15:03:43Z","repo":"spring-framework","state":"open","user":{"login":"thomasdarimont","id":314690},"owner":"spring-projects","closed_at":null,"id":20254396}
{"_id":{"$oid":"53f5fc94bd3543855601ba04"},"created_at":"2013-10-16T18:24:32Z","updated_at":"2014-04-18T15:04:06Z","repo":"spring-framework","state":"open","user":{"login":"candrews","id":194713},"owner":"spring-projects","closed_at":null,"id":21099496}
{"_id":{"$oid":"53f5fc94bd3543855601ba03"},"created_at":"2013-10-17T12:54:47Z","updated_at":"2013-10-20T22:01:46Z","repo":"spring-framework","state":"open","user":{"login":"paturuv","id":5647015},"owner":"spring-projects","closed_at":null,"id":21150587}
{"_id":{"$oid":"53f5fc94bd3543855601ba02"},"created_at":"2013-11-04T03:37:51Z","updated_at":"2014-04-18T15:05:20Z","repo":"spring-framework","state":"open","user":{"login":"mouyang","id":652585},"owner":"spring-projects","closed_at":null,"id":22033696}
{"_id":{"$oid":"53f5fc94bd3543855601ba01"},"created_at":"2013-11-21T14:32:14Z","updated_at":"2014-04-18T15:05:49Z","repo":"spring-framework","state":"open","user":{"login":"Schlogen","id":1583789},"owner":"spring-projects","closed_at":null,"id":23069887}
{"_id":{"$oid":"53f5fc94bd3543855601ba00"},"created_at":"2013-12-16T07:11:35Z","updated_at":"2014-04-18T15:08:07Z","repo":"spring-framework","state":"open","user":{"login":"VasylTretiakov","id":3999712},"owner":"spring-projects","closed_at":null,"id":24333187}
{"_id":{"$oid":"53f5fc94bd3543855601b9ff"},"created_at":"2014-01-07T15:55:56Z","updated_at":"2014-01-07T15:55:56Z","repo":"spring-framework","state":"open","user":{"login":"pacciu","id":1382620},"owner":"spring-projects","closed_at":null,"id":25176009}
{"_id":{"$oid":"53f5fc93bd3543855601b9fe"},"created_at":"2014-02-05T19:19:42Z","updated_at":"2014-02-06T20:45:57Z","repo":"spring-framework","state":"open","user":{"login":"asaikali","id":945207},"owner":"spring-projects","closed_at":null,"id":26989104}
{"_id":{"$oid":"53f547b0bd35438afd0150a6"},"created_at":"2014-02-10T08:25:45Z","updated_at":"2014-08-21T01:13:11Z","repo":"spring-framework","state":"open","user":{"login":"robfrank","id":413587},"owner":"spring-projects","closed_at":null,"id":27248027}
{"_id":{"$oid":"53f547b0bd35438afd0150a5"},"created_at":"2014-02-24T09:06:05Z","updated_at":"2014-03-07T13:43:59Z","repo":"spring-framework","state":"open","user":{"login":"snicoll","id":490484},"owner":"spring-projects","closed_at":null,"id":28146426}
{"_id":{"$oid":"53f547b0bd35438afd0150a4"},"created_at":"2014-03-01T12:38:01Z","updated_at":"2014-03-01T12:38:01Z","repo":"spring-framework","state":"open","user":{"login":"lhotari","id":66864},"owner":"spring-projects","closed_at":null,"id":28556238}
{"_id":{"$oid":"53f547b0bd35438afd0150a3"},"created_at":"2014-03-05T05:24:55Z","updated_at":"2014-03-05T05:24:55Z","repo":"spring-framework","state":"open","user":{"login":"cbaldwin74","id":6810377},"owner":"spring-projects","closed_at":null,"id":28766009}
{"_id":{"$oid":"53f547b0bd35438afd0150a2"},"created_at":"2014-04-01T09:04:18Z","updated_at":"2014-04-02T07:29:51Z","repo":"spring-framework","state":"open","user":{"login":"youngjee","id":3632322},"owner":"spring-projects","closed_at":null,"id":30581826}
{"_id":{"$oid":"53f547b0bd35438afd0150a1"},"created_at":"2014-05-11T19:57:29Z","updated_at":"2014-05-11T19:57:29Z","repo":"spring-framework","state":"open","user":{"login":"sergey-lagutin","id":5040676},"owner":"spring-projects","closed_at":null,"id":33269163}
{"_id":{"$oid":"53f547b0bd35438afd0150a0"},"created_at":"2014-06-13T04:38:07Z","updated_at":"2014-06-13T04:38:07Z","repo":"spring-framework","state":"open","user":{"login":"serioussam","id":931957},"owner":"spring-projects","closed_at":null,"id":35644033}
{"_id":{"$oid":"53f547b0bd35438afd01509f"},"created_at":"2014-06-24T09:58:53Z","updated_at":"2014-06-24T10:21:26Z","repo":"spring-framework","state":"open","user":{"login":"eujungkim","id":7552395},"owner":"spring-projects","closed_at":null,"id":36369361}
{"_id":{"$oid":"53f547b0bd35438afd01509e"},"created_at":"2014-06-24T16:07:21Z","updated_at":"2014-06-24T16:11:40Z","repo":"spring-framework","state":"open","user":{"login":"MoonJongMin","id":6776777},"owner":"spring-projects","closed_at":null,"id":36399323}
{"_id":{"$oid":"53f547b0bd35438afd01509d"},"created_at":"2014-06-24T22:43:06Z","updated_at":"2014-06-25T00:14:12Z","repo":"spring-framework","state":"open","user":{"login":"MoonJongMin","id":6776777},"owner":"spring-projects","closed_at":null,"id":36433377}
{"_id":{"$oid":"53f547b0bd35438afd01509c"},"created_at":"2014-06-27T10:06:58Z","updated_at":"2014-06-27T10:09:02Z","repo":"spring-framework","state":"open","user":{"login":"boaz-jan","id":8004297},"owner":"spring-projects","closed_at":null,"id":36651185}
{"_id":{"$oid":"53f547b0bd35438afd01509b"},"created_at":"2014-06-27T19:36:08Z","updated_at":"2014-06-27T19:36:08Z","repo":"spring-framework","state":"open","user":{"login":"trask","id":218610},"owner":"spring-projects","closed_at":null,"id":36697304}
{"_id":{"$oid":"53f547b0bd35438afd01509a"},"created_at":"2014-07-01T09:22:15Z","updated_at":"2014-07-28T07:25:41Z","repo":"spring-framework","state":"open","user":{"login":"milgarubanjuk","id":2427052},"owner":"spring-projects","closed_at":null,"id":36875435}
{"_id":{"$oid":"53f547b0bd35438afd015099"},"created_at":"2014-07-05T20:11:32Z","updated_at":"2014-07-07T20:44:05Z","repo":"spring-framework","state":"open","user":{"login":"cshannon","id":123009},"owner":"spring-projects","closed_at":null,"id":37205497}
{"_id":{"$oid":"53f547b0bd35438afd015098"},"created_at":"2014-07-07T21:48:16Z","updated_at":"2014-07-07T21:48:16Z","repo":"spring-framework","state":"open","user":{"login":"kazuki43zoo","id":5616270},"owner":"spring-projects","closed_at":null,"id":37313703}
{"_id":{"$oid":"53f547b0bd35438afd015097"},"created_at":"2014-07-14T11:48:00Z","updated_at":"2014-07-14T11:48:25Z","repo":"spring-framework","state":"open","user":{"login":"eujungkim","id":7552395},"owner":"spring-projects","closed_at":null,"id":37779557}
{"_id":{"$oid":"53f547b0bd35438afd015096"},"created_at":"2014-07-20T09:23:48Z","updated_at":"2014-07-20T09:23:48Z","repo":"spring-framework","state":"open","user":{"login":"alien11689","id":2748791},"owner":"spring-projects","closed_at":null,"id":38254212}
{"_id":{"$oid":"53f547b0bd35438afd015095"},"created_at":"2014-07-29T00:32:15Z","updated_at":"2014-07-29T00:32:15Z","repo":"spring-framework","state":"open","user":{"login":"hangsublim","id":7655712},"owner":"spring-projects","closed_at":null,"id":38948134}
{"_id":{"$oid":"53f547b0bd35438afd015094"},"created_at":"2014-07-29T02:38:58Z","updated_at":"2014-07-29T02:38:58Z","repo":"spring-framework","state":"open","user":{"login":"hangsublim","id":7655712},"owner":"spring-projects","closed_at":null,"id":38953474}
{"_id":{"$oid":"53f547b0bd35438afd015093"},"created_at":"2014-07-30T18:14:04Z","updated_at":"2014-07-30T18:16:41Z","repo":"spring-framework","state":"open","user":{"login":"bsangwan","id":7560374},"owner":"spring-projects","closed_at":null,"id":39120835}
{"_id":{"$oid":"53f547b0bd35438afd015092"},"created_at":"2014-08-01T15:59:10Z","updated_at":"2014-08-01T15:59:10Z","repo":"spring-framework","state":"open","user":{"login":"Polve","id":1634436},"owner":"spring-projects","closed_at":null,"id":39303222}
{"_id":{"$oid":"53f547b0bd35438afd015091"},"created_at":"2014-08-01T20:49:02Z","updated_at":"2014-08-01T20:51:01Z","repo":"spring-framework","state":"open","user":{"login":"jmnarloch","id":1581045},"owner":"spring-projects","closed_at":null,"id":39326225}
{"_id":{"$oid":"53f547b0bd35438afd015090"},"created_at":"2014-08-02T18:54:39Z","updated_at":"2014-08-02T18:56:19Z","repo":"spring-framework","state":"open","user":{"login":"jmnarloch","id":1581045},"owner":"spring-projects","closed_at":null,"id":39354856}
{"_id":{"$oid":"53f547b0bd35438afd01508f"},"created_at":"2014-08-07T10:49:34Z","updated_at":"2014-08-07T10:49:34Z","repo":"spring-framework","state":"open","user":{"login":"stevensouza","id":5622390},"owner":"spring-projects","closed_at":null,"id":39713716}
{"_id":{"$oid":"53f5175fbd35438556017472"},"created_at":"2014-08-17T00:20:31Z","updated_at":"2014-08-20T21:47:05Z","repo":"spring-framework","state":"open","user":{"login":"leizhiyuan","id":2684384},"owner":"spring-projects","closed_at":null,"id":40423649}
{"_id":{"$oid":"53f5175fbd35438556017471"},"created_at":"2014-08-19T08:31:00Z","updated_at":"2014-08-19T15:29:38Z","repo":"spring-framework","state":"open","user":{"login":"eujungkim","id":7552395},"owner":"spring-projects","closed_at":null,"id":40568566}
{"_id":{"$oid":"53f5fc97bd3543855601ba1e"},"created_at":"2014-08-21T02:25:09Z","updated_at":"2014-08-21T14:04:55Z","repo":"spring-framework","state":"closed","user":{"login":"candrews","id":194713},"owner":"spring-projects","closed_at":"2014-08-21T14:04:55Z","id":40767018}
{"_id":{"$oid":"53f58040bd3543847301461e"},"created_at":"2014-08-21T04:50:00Z","updated_at":"2014-08-21T05:14:36Z","repo":"spring-framework","state":"open","user":{"login":"candrews","id":194713},"owner":"spring-projects","closed_at":null,"id":40772225}
{"_id":{"$oid":"53f5fc97bd3543855601ba1d"},"created_at":"2014-08-21T06:00:07Z","updated_at":"2014-08-21T06:02:17Z","repo":"spring-framework","state":"closed","user":{"login":"tsingheng","id":4343485},"owner":"spring-projects","closed_at":"2014-08-21T06:02:17Z","id":40775090}
{"_id":{"$oid":"53f60fd7bd35438afd018fbe"},"created_at":"2014-08-21T15:23:37Z","updated_at":"2014-08-21T15:27:09Z","repo":"spring-framework","state":"open","user":{"login":"leizhiyuan","id":2684384},"owner":"spring-projects","closed_at":null,"id":40815776}
{"_id":{"$oid":"5420ac87bd354368ff0050aa"},"created_at":"2014-08-22T00:02:37Z","updated_at":"2014-08-29T14:08:35Z","repo":"spring-framework","state":"closed","user":{"login":"leizhiyuan","id":2684384},"owner":"spring-projects","closed_at":"2014-08-29T13:29:44Z","id":40863813}
{"_id":{"$oid":"541eb817bd35430e400146ac"},"created_at":"2014-08-26T10:16:03Z","updated_at":"2014-08-27T09:13:23Z","repo":"spring-framework","state":"closed","user":{"login":"sdeleuze","id":141109},"owner":"spring-projects","closed_at":"2014-08-27T09:13:23Z","id":41156503}
{"_id":{"$oid":"541d4d01bd3543108c008aef"},"created_at":"2014-08-26T14:52:39Z","updated_at":"2014-08-26T18:15:40Z","repo":"spring-framework","state":"closed","user":{"login":"AddoSolutions","id":3859209},"owner":"spring-projects","closed_at":"2014-08-26T18:15:40Z","id":41180939}
{"_id":{"$oid":"541d4d01bd3543108c008aee"},"created_at":"2014-08-28T14:39:21Z","updated_at":"2014-08-29T13:23:48Z","repo":"spring-framework","state":"closed","user":{"login":"sdeleuze","id":141109},"owner":"spring-projects","closed_at":"2014-08-29T13:23:48Z","id":41397325}
{"_id":{"$oid":"541d4d01bd3543108c008aed"},"created_at":"2014-08-29T15:29:26Z","updated_at":"2014-08-30T01:48:22Z","repo":"spring-framework","state":"closed","user":{"login":"sdeleuze","id":141109},"owner":"spring-projects","closed_at":"2014-08-30T01:48:22Z","id":41512031}
{"_id":{"$oid":"541d4cfebd3543108c008aea"},"created_at":"2014-09-03T06:25:20Z","updated_at":"2014-09-03T06:25:20Z","repo":"spring-framework","state":"open","user":{"login":"ttddyy","id":459116},"owner":"spring-projects","closed_at":null,"id":41785491}
{"_id":{"$oid":"541d4d01bd3543108c008aec"},"created_at":"2014-09-04T07:01:24Z","updated_at":"2014-09-04T07:04:44Z","repo":"spring-framework","state":"closed","user":{"login":"yuyonglucky","id":2868372},"owner":"spring-projects","closed_at":"2014-09-04T07:04:44Z","id":41901722}
{"_id":{"$oid":"541d4cfebd3543108c008ae9"},"created_at":"2014-09-04T10:26:14Z","updated_at":"2014-09-04T10:27:45Z","repo":"spring-framework","state":"open","user":{"login":"poutsma","id":330665},"owner":"spring-projects","closed_at":null,"id":41919390}
{"_id":{"$oid":"541d4cfebd3543108c008ae8"},"created_at":"2014-09-06T04:34:10Z","updated_at":"2014-09-06T06:13:14Z","repo":"spring-framework","state":"open","user":{"login":"yange","id":2534664},"owner":"spring-projects","closed_at":null,"id":42108389}
{"_id":{"$oid":"541d4d01bd3543108c008aeb"},"created_at":"2014-09-11T19:07:54Z","updated_at":"2014-09-12T15:24:08Z","repo":"spring-framework","state":"closed","user":{"login":"nigelzor","id":374898},"owner":"spring-projects","closed_at":"2014-09-12T15:24:08Z","id":42559551}
{"_id":{"$oid":"541d4cfebd3543108c008ae7"},"created_at":"2014-09-13T06:37:05Z","updated_at":"2014-09-13T06:39:28Z","repo":"spring-framework","state":"open","user":{"login":"karlbennett","id":135296},"owner":"spring-projects","closed_at":null,"id":42688737}
{"_id":{"$oid":"541d4cfebd3543108c008ae6"},"created_at":"2014-09-15T08:57:35Z","updated_at":"2014-09-15T09:00:54Z","repo":"spring-framework","state":"open","user":{"login":"salmar","id":122109},"owner":"spring-projects","closed_at":null,"id":42752354}
{"_id":{"$oid":"541d4cfebd3543108c008ae5"},"created_at":"2014-09-16T10:45:51Z","updated_at":"2014-09-16T10:45:51Z","repo":"spring-framework","state":"open","user":{"login":"mgbckr","id":1241516},"owner":"spring-projects","closed_at":null,"id":42867885}
{"_id":{"$oid":"541d4cfebd3543108c008ae4"},"created_at":"2014-09-16T15:01:28Z","updated_at":"2014-09-16T15:01:28Z","repo":"spring-framework","state":"open","user":{"login":"misha9090","id":1208453},"owner":"spring-projects","closed_at":null,"id":42892143}
{"_id":{"$oid":"541eb815bd35430e400146ab"},"created_at":"2014-09-20T09:48:08Z","updated_at":"2014-09-20T09:48:08Z","repo":"spring-framework","state":"open","user":{"login":"olomix","id":518068},"owner":"spring-projects","closed_at":null,"id":43306680}
{"_id":{"$oid":"5420ac85bd354368ff0050a9"},"created_at":"2014-09-21T18:02:51Z","updated_at":"2014-09-21T18:02:57Z","repo":"spring-framework","state":"open","user":{"login":"philwebb","id":519772},"owner":"spring-projects","closed_at":null,"id":43341179}
{"_id":{"$oid":"542fa3a1bd354359bd01f595"},"created_at":"2014-09-25T14:49:31Z","updated_at":"2014-10-02T08:46:18Z","repo":"spring-framework","state":"closed","user":{"login":"unpush","id":5234},"owner":"spring-projects","closed_at":"2014-10-02T08:46:18Z","id":43927643}
{"_id":{"$oid":"542fa3a1bd354359bd01f594"},"created_at":"2014-09-26T09:36:10Z","updated_at":"2014-09-29T13:38:31Z","repo":"spring-framework","state":"closed","user":{"login":"usultis","id":297843},"owner":"spring-projects","closed_at":"2014-09-26T11:40:23Z","id":44036207}
{"_id":{"$oid":"542f35acbd354359bd01c1f9"},"created_at":"2014-09-26T19:48:06Z","updated_at":"2014-10-01T19:23:42Z","repo":"spring-framework","state":"open","user":{"login":"candrews","id":194713},"owner":"spring-projects","closed_at":null,"id":44099581}
{"_id":{"$oid":"542f35aebd354359bd01c1fb"},"created_at":"2014-09-30T02:16:58Z","updated_at":"2014-09-30T07:54:14Z","repo":"spring-framework","state":"closed","user":{"login":"adjohnson916","id":615381},"owner":"spring-projects","closed_at":"2014-09-30T07:54:14Z","id":44381465}
{"_id":{"$oid":"542f35aebd354359bd01c1fa"},"created_at":"2014-09-30T19:11:35Z","updated_at":"2014-10-01T14:30:48Z","repo":"spring-framework","state":"closed","user":{"login":"kicktipp","id":2265253},"owner":"spring-projects","closed_at":"2014-10-01T14:30:48Z","id":44487537}
{"_id":{"$oid":"5433c923bd3543637606d22c"},"created_at":"2014-10-06T23:21:29Z","updated_at":"2014-10-06T23:21:29Z","repo":"spring-framework","state":"open","user":{"login":"philwebb","id":519772},"owner":"spring-projects","closed_at":null,"id":45049691}
{"_id":{"$oid":"5433c925bd3543637606d22d"},"created_at":"2014-10-07T08:36:11Z","updated_at":"2014-10-07T11:05:12Z","repo":"spring-framework","state":"closed","user":{"login":"emalock3","id":4936401},"owner":"spring-projects","closed_at":"2014-10-07T11:05:12Z","id":45081953}
{"_id":{"$oid":"54355bbbbd354302a6003618"},"created_at":"2014-10-08T06:30:42Z","updated_at":"2014-10-08T15:43:49Z","repo":"spring-framework","state":"open","user":{"login":"yange","id":2534664},"owner":"spring-projects","closed_at":null,"id":45208983}
{"_id":{"$oid":"543fe049bd3543a116025af9"},"created_at":"2014-10-13T09:39:58Z","updated_at":"2014-10-13T09:39:58Z","repo":"spring-framework","state":"open","user":{"login":"wilkinsona","id":914682},"owner":"spring-projects","closed_at":null,"id":45624671}
{"_id":{"$oid":"543fe049bd3543a116025af8"},"created_at":"2014-10-13T14:39:07Z","updated_at":"2014-10-13T14:39:07Z","repo":"spring-framework","state":"open","user":{"login":"mobichel","id":2310252},"owner":"spring-projects","closed_at":null,"id":45649206}
{"_id":{"$oid":"543fe04cbd3543a116025afa"},"created_at":"2014-10-16T14:50:57Z","updated_at":"2014-10-16T15:12:03Z","repo":"spring-framework","state":"closed","user":{"login":"bijukunjummen","id":390605},"owner":"spring-projects","closed_at":"2014-10-16T15:12:03Z","id":45994789}
{"_id":{"$oid":"54447612bd3543a2660341c2"},"created_at":"2014-10-20T02:40:00Z","updated_at":"2014-10-20T02:40:11Z","repo":"spring-framework","state":"open","user":{"login":"sunlin901203","id":2549371},"owner":"spring-projects","closed_at":null,"id":46226807}
{"_id":{"$oid":"5445139cbd3543a185039b2e"},"created_at":"2014-10-20T13:51:01Z","updated_at":"2014-10-20T13:52:16Z","repo":"spring-framework","state":"open","user":{"login":"vincentKim1218","id":9320552},"owner":"spring-projects","closed_at":null,"id":46274672}
{"_id":{"$oid":"54461af7bd35439fef03cffd"},"created_at":"2014-10-21T03:26:28Z","updated_at":"2014-10-21T08:35:56Z","repo":"spring-framework","state":"open","user":{"login":"luckybomb","id":6845515},"owner":"spring-projects","closed_at":null,"id":46351047}
{"_id":{"$oid":"544610c0bd3543a11603f51b"},"created_at":"2014-10-21T07:47:39Z","updated_at":"2014-10-21T07:52:24Z","repo":"spring-framework","state":"open","user":{"login":"antonigaudi","id":9328711},"owner":"spring-projects","closed_at":null,"id":46364196}
{"_id":{"$oid":"544655ddbd3543a191034d1e"},"created_at":"2014-10-21T12:47:00Z","updated_at":"2014-10-21T12:47:14Z","repo":"spring-framework","state":"open","user":{"login":"poutsma","id":330665},"owner":"spring-projects","closed_at":null,"id":46389006}
{"_id":{"$oid":"54494723bd3543a0b3047745"},"created_at":"2014-10-21T16:22:38Z","updated_at":"2014-10-22T08:38:40Z","repo":"spring-framework","state":"open","user":{"login":"sdeleuze","id":141109},"owner":"spring-projects","closed_at":null,"id":46413980}
{"_id":{"$oid":"54494723bd3543a0b3047744"},"created_at":"2014-10-23T00:12:47Z","updated_at":"2014-10-23T00:40:37Z","repo":"spring-framework","state":"open","user":{"login":"MoonJongMin","id":6776777},"owner":"spring-projects","closed_at":null,"id":46575771}
{"_id":{"$oid":"54489386bd3543a12004385d"},"created_at":"2014-10-23T05:18:58Z","updated_at":"2014-10-23T05:34:57Z","repo":"spring-framework","state":"open","user":{"login":"RyuSangGi","id":8085123},"owner":"spring-projects","closed_at":null,"id":46589573}
{"_id":{"$oid":"54489386bd3543a12004385c"},"created_at":"2014-10-23T05:30:10Z","updated_at":"2014-10-23T05:30:10Z","repo":"spring-framework","state":"open","user":{"login":"MoonJongMin","id":6776777},"owner":"spring-projects","closed_at":null,"id":46590257}
{"_id":{"$oid":"54494726bd3543a0b3047747"},"created_at":"2014-10-23T07:56:48Z","updated_at":"2014-10-23T18:21:13Z","repo":"spring-framework","state":"closed","user":{"login":"vincentKim1218","id":9320552},"owner":"spring-projects","closed_at":"2014-10-23T18:21:13Z","id":46597939}
{"_id":{"$oid":"54494726bd3543a0b3047746"},"created_at":"2014-10-23T14:40:02Z","updated_at":"2014-10-23T14:41:29Z","repo":"spring-framework","state":"closed","user":{"login":"grootzhao","id":2016390},"owner":"spring-projects","closed_at":"2014-10-23T14:41:29Z","id":46632315}
{"_id":{"$oid":"544e6613bd3543a19104fe84"},"created_at":"2014-10-25T22:52:22Z","updated_at":"2014-10-27T15:34:26Z","repo":"spring-framework","state":"closed","user":{"login":"MoonJongMin","id":6776777},"owner":"spring-projects","closed_at":"2014-10-27T15:34:26Z","id":46825987}
{"_id":{"$oid":"544d1103bd3543a185058ed4"},"created_at":"2014-10-26T15:13:11Z","updated_at":"2014-10-26T15:19:27Z","repo":"spring-framework","state":"open","user":{"login":"ksseo0701","id":7657159},"owner":"spring-projects","closed_at":null,"id":46845346}
{"_id":{"$oid":"544effa6bd3543a02105e6ba"},"created_at":"2014-10-28T02:28:12Z","updated_at":"2014-10-28T02:29:52Z","repo":"spring-framework","state":"open","user":{"login":"iamjs77","id":7678433},"owner":"spring-projects","closed_at":null,"id":46982999}
{"_id":{"$oid":"54509fe7bd3543a152061d69"},"created_at":"2014-10-28T08:39:53Z","updated_at":"2014-10-29T08:05:48Z","repo":"spring-framework","state":"open","user":{"login":"overmindx","id":7599368},"owner":"spring-projects","closed_at":null,"id":47001204}
{"_id":{"$oid":"54509fe7bd3543a152061d68"},"created_at":"2014-10-28T21:30:39Z","updated_at":"2014-10-28T21:30:39Z","repo":"spring-framework","state":"open","user":{"login":"mtopolnik","id":490953},"owner":"spring-projects","closed_at":null,"id":47084102}
{"_id":{"$oid":"5451d6e8bd3543a00a065a41"},"created_at":"2014-10-30T06:08:55Z","updated_at":"2014-10-30T06:12:50Z","repo":"spring-framework","state":"open","user":{"login":"panchenko","id":440271},"owner":"spring-projects","closed_at":null,"id":47236851}
{"_id":{"$oid":"5453ad4cbd3543e43c004fe6"},"created_at":"2014-10-31T15:12:17Z","updated_at":"2014-10-31T15:39:51Z","repo":"spring-framework","state":"open","user":{"login":"bclozel","id":103264},"owner":"spring-projects","closed_at":null,"id":47404681}
{"_id":{"$oid":"54631ac8bd35431662008bfd"},"created_at":"2014-11-12T07:30:25Z","updated_at":"2014-11-12T08:30:53Z","repo":"spring-framework","state":"closed","user":{"login":"fyname","id":773706},"owner":"spring-projects","closed_at":"2014-11-12T08:30:53Z","id":48481394}
{"_id":{"$oid":"5464c595bd3543c1a50006b5"},"created_at":"2014-11-12T20:12:30Z","updated_at":"2014-11-13T14:51:55Z","repo":"spring-framework","state":"closed","user":{"login":"garyrussell","id":483832},"owner":"spring-projects","closed_at":"2014-11-13T14:51:55Z","id":48556657}
{"_id":{"$oid":"5464c591bd3543c1a50006b4"},"created_at":"2014-11-13T10:25:57Z","updated_at":"2014-11-13T10:25:57Z","repo":"spring-framework","state":"open","user":{"login":"cbeams","id":301810},"owner":"spring-projects","closed_at":null,"id":48620059}
{"_id":{"$oid":"5472623dbd3543c0fe025e3f"},"created_at":"2014-11-17T15:28:13Z","updated_at":"2014-11-17T15:37:55Z","repo":"spring-framework","state":"open","user":{"login":"kicktipp","id":2265253},"owner":"spring-projects","closed_at":null,"id":49103304}
{"_id":{"$oid":"5472623dbd3543c0fe025e3e"},"created_at":"2014-11-18T11:50:34Z","updated_at":"2014-11-18T11:50:34Z","repo":"spring-framework","state":"open","user":{"login":"bclozel","id":103264},"owner":"spring-projects","closed_at":null,"id":49213490}
{"_id":{"$oid":"546e1eb4bd3543c040019c0c"},"created_at":"2014-11-18T16:29:37Z","updated_at":"2014-11-20T16:55:12Z","repo":"spring-framework","state":"open","user":{"login":"bclozel","id":103264},"owner":"spring-projects","closed_at":null,"id":49255179}
{"_id":{"$oid":"546e1eb4bd3543c040019c0b"},"created_at":"2014-11-19T10:34:16Z","updated_at":"2014-11-19T10:34:16Z","repo":"spring-framework","state":"open","user":{"login":"bclozel","id":103264},"owner":"spring-projects","closed_at":null,"id":49364563}
{"_id":{"$oid":"5472623dbd3543c0fe025e3d"},"created_at":"2014-11-21T00:21:20Z","updated_at":"2014-11-21T00:21:20Z","repo":"spring-framework","state":"open","user":{"login":"chrisirhc","id":132584},"owner":"spring-projects","closed_at":null,"id":49636770}
{"_id":{"$oid":"5472623dbd3543c0fe025e3c"},"created_at":"2014-11-21T16:54:03Z","updated_at":"2014-11-21T16:54:03Z","repo":"spring-framework","state":"open","user":{"login":"marcokrikke","id":1352315},"owner":"spring-projects","closed_at":null,"id":49720444}
{"_id":{"$oid":"54726241bd3543c0fe025e40"},"created_at":"2014-11-23T01:39:12Z","updated_at":"2014-11-23T22:39:39Z","repo":"spring-framework","state":"closed","user":{"login":"The-Alchemist","id":812287},"owner":"spring-projects","closed_at":"2014-11-23T22:39:39Z","id":49811081}
{"_id":{"$oid":"547e8445bd3543181600b02e"},"created_at":"2014-12-02T06:28:34Z","updated_at":"2014-12-02T21:08:29Z","repo":"spring-framework","state":"closed","user":{"login":"royclarkson","id":20805},"owner":"spring-projects","closed_at":"2014-12-02T21:08:29Z","id":50616966}
{"_id":{"$oid":"5481267cbd35435fee003d3a"},"created_at":"2014-12-03T18:28:57Z","updated_at":"2014-12-03T20:01:41Z","repo":"spring-framework","state":"closed","user":{"login":"aantono","id":22290},"owner":"spring-projects","closed_at":"2014-12-03T20:01:34Z","id":50873723}
{"_id":{"$oid":"54812679bd35435fee003d39"},"created_at":"2014-12-04T13:08:05Z","updated_at":"2014-12-04T13:08:05Z","repo":"spring-framework","state":"open","user":{"login":"bijukunjummen","id":390605},"owner":"spring-projects","closed_at":null,"id":50973140}
{"_id":{"$oid":"54812679bd35435fee003d38"},"created_at":"2014-12-04T22:56:54Z","updated_at":"2014-12-04T22:56:54Z","repo":"spring-framework","state":"open","user":{"login":"aantono","id":22290},"owner":"spring-projects","closed_at":null,"id":51041017}
{"_id":{"$oid":"548bde8abd35430ba5009303"},"created_at":"2014-12-08T18:23:10Z","updated_at":"2014-12-08T21:20:38Z","repo":"spring-framework","state":"closed","user":{"login":"marceloverdijk","id":197004},"owner":"spring-projects","closed_at":"2014-12-08T19:01:22Z","id":51333932}
{"_id":{"$oid":"548bde87bd35430ba5009302"},"created_at":"2014-12-11T21:09:04Z","updated_at":"2014-12-12T06:03:59Z","repo":"spring-framework","state":"open","user":{"login":"mores","id":1318377},"owner":"spring-projects","closed_at":null,"id":51738198}
{"_id":{"$oid":"548c9a32bd35430a1900a9fd"},"created_at":"2014-12-13T19:42:32Z","updated_at":"2014-12-13T19:57:29Z","repo":"spring-framework","state":"open","user":{"login":"xiaolongzuo","id":5348137},"owner":"spring-projects","closed_at":null,"id":51897447}
{"_id":{"$oid":"549e9cc3bd3543227b016dda"},"created_at":"2014-12-27T11:49:04Z","updated_at":"2014-12-27T11:49:14Z","repo":"spring-framework","state":"open","user":{"login":"bedla","id":457542},"owner":"spring-projects","closed_at":null,"id":52955348}
{"_id":{"$oid":"54a41d55bd3543392700098d"},"created_at":"2014-12-31T13:07:22Z","updated_at":"2014-12-31T15:58:06Z","repo":"spring-framework","state":"open","user":{"login":"bclozel","id":103264},"owner":"spring-projects","closed_at":null,"id":53183194}
{"_id":{"$oid":"54a41d55bd3543392700098c"},"created_at":"2014-12-31T13:47:20Z","updated_at":"2014-12-31T13:47:20Z","repo":"spring-framework","state":"open","user":{"login":"hadri3n","id":2386671},"owner":"spring-projects","closed_at":null,"id":53184612}
{"_id":{"$oid":"54acf3b9bd35433ad60129fb"},"created_at":"2015-01-07T05:29:11Z","updated_at":"2015-01-07T08:51:58Z","repo":"spring-framework","state":"closed","user":{"login":"johnktims","id":65892},"owner":"spring-projects","closed_at":"2015-01-07T08:51:58Z","id":53599104}
{"_id":{"$oid":"54ba5aa7bd3543ec5e00ca0b"},"created_at":"2015-01-14T20:04:03Z","updated_at":"2015-01-14T20:04:03Z","repo":"spring-framework","state":"open","user":{"login":"flozano","id":1159291},"owner":"spring-projects","closed_at":null,"id":54369318}
{"_id":{"$oid":"54ba5aabbd3543ec5e00ca0c"},"created_at":"2015-01-17T11:32:20Z","updated_at":"2015-01-17T12:50:40Z","repo":"spring-framework","state":"closed","user":{"login":"MaciejZiarko","id":4418640},"owner":"spring-projects","closed_at":"2015-01-17T12:50:40Z","id":54659143}
{"_id":{"$oid":"54be1a99bd3543e129001e00"},"created_at":"2015-01-20T08:55:07Z","updated_at":"2015-01-20T09:06:28Z","repo":"spring-framework","state":"open","user":{"login":"mgooty","id":7974315},"owner":"spring-projects","closed_at":null,"id":54857731}
{"_id":{"$oid":"54d0ec8abd354381b8002d57"},"created_at":"2015-01-22T20:55:16Z","updated_at":"2015-01-22T20:55:16Z","repo":"spring-framework","state":"open","user":{"login":"svolsky","id":10659642},"owner":"spring-projects","closed_at":null,"id":55207543}
{"_id":{"$oid":"54d0ec8abd354381b8002d56"},"created_at":"2015-01-24T10:42:59Z","updated_at":"2015-01-24T10:42:59Z","repo":"spring-framework","state":"open","user":{"login":"marschall","id":471021},"owner":"spring-projects","closed_at":null,"id":55366846}
{"_id":{"$oid":"54c5a2acbd3543e185010aad"},"created_at":"2015-01-25T15:39:19Z","updated_at":"2015-01-26T02:12:50Z","repo":"spring-framework","state":"open","user":{"login":"xiaolongzuo","id":5348137},"owner":"spring-projects","closed_at":null,"id":55419359}
{"_id":{"$oid":"54c5a2acbd3543e185010aac"},"created_at":"2015-01-25T21:37:47Z","updated_at":"2015-01-25T21:38:13Z","repo":"spring-framework","state":"open","user":{"login":"janesser","id":7354047},"owner":"spring-projects","closed_at":null,"id":55431348}
{"_id":{"$oid":"54d0ec8abd354381b8002d55"},"created_at":"2015-01-26T09:55:17Z","updated_at":"2015-01-26T11:12:42Z","repo":"spring-framework","state":"open","user":{"login":"xiaolongzuo","id":5348137},"owner":"spring-projects","closed_at":null,"id":55463811}
{"_id":{"$oid":"54d0ec8abd354381b8002d54"},"created_at":"2015-01-31T09:44:58Z","updated_at":"2015-01-31T09:44:58Z","repo":"spring-framework","state":"open","user":{"login":"janesser","id":7354047},"owner":"spring-projects","closed_at":null,"id":56119628}
{"_id":{"$oid":"54d0ec8ebd354381b8002d58"},"created_at":"2015-02-02T15:59:27Z","updated_at":"2015-02-03T15:42:58Z","repo":"spring-framework","state":"closed","user":{"login":"ralscha","id":372512},"owner":"spring-projects","closed_at":"2015-02-03T15:42:58Z","id":56254149}
{"_id":{"$oid":"54d0ec8abd354381b8002d53"},"created_at":"2015-02-03T15:14:49Z","updated_at":"2015-02-03T15:14:49Z","repo":"spring-framework","state":"open","user":{"login":"lhotari","id":66864},"owner":"spring-projects","closed_at":null,"id":56390286}
{"_id":{"$oid":"54db8d0bbd354386cd01f7ae"},"created_at":"2015-02-03T16:36:15Z","updated_at":"2015-02-03T16:36:15Z","repo":"spring-framework","state":"open","user":{"login":"lhotari","id":66864},"owner":"spring-projects","closed_at":null,"id":56402116}
{"_id":{"$oid":"54db8d0bbd354386cd01f7ad"},"created_at":"2015-02-10T22:32:01Z","updated_at":"2015-02-11T16:52:55Z","repo":"spring-framework","state":"open","user":{"login":"rjozwik","id":4487593},"owner":"spring-projects","closed_at":null,"id":57248169}
{"_id":{"$oid":"54db8d0bbd354386cd01f7ac"},"created_at":"2015-02-11T06:23:58Z","updated_at":"2015-02-11T06:23:58Z","repo":"spring-framework","state":"open","user":{"login":"Xiaoshuai","id":2797763},"owner":"spring-projects","closed_at":null,"id":57280896}
{"_id":{"$oid":"54db8d0fbd354386cd01f7af"},"created_at":"2015-02-11T17:06:43Z","updated_at":"2015-02-11T17:10:30Z","repo":"spring-framework","state":"closed","user":{"login":"wilkinsona","id":914682},"owner":"spring-projects","closed_at":"2015-02-11T17:10:30Z","id":57345260}
{"_id":{"$oid":"54dc59a2bd354375ac021933"},"created_at":"2015-02-11T18:11:03Z","updated_at":"2015-02-12T07:43:22Z","repo":"spring-framework","state":"closed","user":{"login":"johnktims","id":65892},"owner":"spring-projects","closed_at":"2015-02-12T07:43:22Z","id":57353927}
{"_id":{"$oid":"54e5f7f7bd35437b610149d8"},"created_at":"2015-02-19T11:38:20Z","updated_at":"2015-02-19T14:26:57Z","repo":"spring-framework","state":"closed","user":{"login":"ericbottard","id":313494},"owner":"spring-projects","closed_at":"2015-02-19T14:26:57Z","id":58197426}
{"_id":{"$oid":"54ea87d0bd354379ac0084e9"},"created_at":"2015-02-22T15:07:44Z","updated_at":"2015-02-22T23:58:37Z","repo":"spring-framework","state":"open","user":{"login":"kazuki43zoo","id":5616270},"owner":"spring-projects","closed_at":null,"id":58505508}
{"_id":{"$oid":"54ea87d3bd354379ac0084ea"},"created_at":"2015-02-23T01:42:31Z","updated_at":"2015-02-23T01:52:09Z","repo":"spring-framework","state":"closed","user":{"login":"jaymes-bearden","id":423664},"owner":"spring-projects","closed_at":"2015-02-23T01:52:09Z","id":58533842}
{"_id":{"$oid":"54eb7e08bd35437c6a00f580"},"created_at":"2015-02-23T01:52:59Z","updated_at":"2015-02-23T19:22:44Z","repo":"spring-framework","state":"open","user":{"login":"jaymes-bearden","id":423664},"owner":"spring-projects","closed_at":null,"id":58534237}
{"_id":{"$oid":"54eb8c6ebd35437c6a00f8ac"},"created_at":"2015-02-23T19:51:11Z","updated_at":"2015-02-23T20:24:10Z","repo":"spring-framework","state":"open","user":{"login":"ryanskow","id":7295057},"owner":"spring-projects","closed_at":null,"id":58638389}
{"_id":{"$oid":"54ee1fe6bd3543c61e002b5b"},"created_at":"2015-02-24T04:40:35Z","updated_at":"2015-02-24T04:40:35Z","repo":"spring-framework","state":"open","user":{"login":"tobiasmh","id":3994372},"owner":"spring-projects","closed_at":null,"id":58692814}
{"_id":{"$oid":"54ee1fe8bd3543c61e002b5c"},"created_at":"2015-02-25T18:51:29Z","updated_at":"2015-02-25T19:17:53Z","repo":"spring-framework","state":"closed","user":{"login":"fromi","id":6806494},"owner":"spring-projects","closed_at":"2015-02-25T19:17:53Z","id":58951062}
{"_id":{"$oid":"54f05df8bd3543c61e009511"},"created_at":"2015-02-27T11:25:27Z","updated_at":"2015-02-27T11:42:03Z","repo":"spring-framework","state":"open","user":{"login":"cooniur","id":3030052},"owner":"spring-projects","closed_at":null,"id":59224113}
{"_id":{"$oid":"54f0af73bd3543db64009674"},"created_at":"2015-02-27T14:22:00Z","updated_at":"2015-02-27T14:22:00Z","repo":"spring-framework","state":"open","user":{"login":"ericbottard","id":313494},"owner":"spring-projects","closed_at":null,"id":59241778}
{"_id":{"$oid":"54f0af81bd3543db64009675"},"created_at":"2015-02-27T14:38:58Z","updated_at":"2015-02-27T16:45:21Z","repo":"spring-framework","state":"closed","user":{"login":"poutsma","id":330665},"owner":"spring-projects","closed_at":"2015-02-27T16:45:21Z","id":59243928}
{"_id":{"$oid":"54f92443bd3543c70400cf80"},"created_at":"2015-03-02T14:33:28Z","updated_at":"2015-03-06T03:51:23Z","repo":"spring-framework","state":"closed","user":{"login":"poutsma","id":330665},"owner":"spring-projects","closed_at":"2015-03-06T03:51:23Z","id":59488404}
{"_id":{"$oid":"54f5908ebd35432150004ad4"},"created_at":"2015-03-03T10:41:26Z","updated_at":"2015-03-03T10:44:24Z","repo":"spring-framework","state":"open","user":{"login":"bclozel","id":103264},"owner":"spring-projects","closed_at":null,"id":59623902}
{"_id":{"$oid":"54f92440bd3543c70400cf7f"},"created_at":"2015-03-05T20:05:06Z","updated_at":"2015-03-05T20:05:48Z","repo":"spring-framework","state":"open","user":{"login":"dcoraboeuf","id":1206964},"owner":"spring-projects","closed_at":null,"id":60007830}
{"_id":{"$oid":"54fa76e3bd3543ceb800ef1e"},"created_at":"2015-03-07T03:53:52Z","updated_at":"2015-03-07T03:56:13Z","repo":"spring-framework","state":"open","user":{"login":"kazuki43zoo","id":5616270},"owner":"spring-projects","closed_at":null,"id":60189052}
{"_id":{"$oid":"5507e2b6bd3543d06d0066a0"},"created_at":"2015-03-13T13:54:38Z","updated_at":"2015-03-13T13:54:38Z","repo":"spring-framework","state":"open","user":{"login":"poutsma","id":330665},"owner":"spring-projects","closed_at":null,"id":61068719}
{"_id":{"$oid":"5507e2bebd3543d06d0066a1"},"created_at":"2015-03-14T12:58:42Z","updated_at":"2015-03-16T17:22:46Z","repo":"spring-framework","state":"closed","user":{"login":"bwestrich","id":457162},"owner":"spring-projects","closed_at":"2015-03-16T17:22:46Z","id":61594788}
{"_id":{"$oid":"5507e2b6bd3543d06d00669f"},"created_at":"2015-03-15T15:33:11Z","updated_at":"2015-03-16T17:37:37Z","repo":"spring-framework","state":"open","user":{"login":"kazuki43zoo","id":5616270},"owner":"spring-projects","closed_at":null,"id":61843561}
{"_id":{"$oid":"5509b320bd354343fb00130a"},"created_at":"2015-03-18T15:51:20Z","updated_at":"2015-03-18T17:17:01Z","repo":"spring-framework","state":"closed","user":{"login":"gedrox","id":1073612},"owner":"spring-projects","closed_at":"2015-03-18T17:16:40Z","id":62726934}
{"_id":{"$oid":"550c783abd35432db300c96a"},"created_at":"2015-03-19T17:35:32Z","updated_at":"2015-03-19T17:35:32Z","repo":"spring-framework","state":"open","user":{"login":"ManicRooks","id":9554835},"owner":"spring-projects","closed_at":null,"id":63049396}
{"_id":{"$oid":"550c7840bd35432db300c96b"},"created_at":"2015-03-20T11:33:42Z","updated_at":"2015-03-20T19:42:39Z","repo":"spring-framework","state":"closed","user":{"login":"poutsma","id":330665},"owner":"spring-projects","closed_at":"2015-03-20T19:42:39Z","id":63212748}
{"_id":{"$oid":"550e3ccdbd35433ef80101f7"},"created_at":"2015-03-22T03:51:31Z","updated_at":"2015-03-22T03:53:22Z","repo":"spring-framework","state":"closed","user":{"login":"aqzwss","id":8079992},"owner":"spring-projects","closed_at":"2015-03-22T03:52:38Z","id":63485690}
{"_id":{"$oid":"551ac26bbd354363d0004124"},"created_at":"2015-03-26T15:09:23Z","updated_at":"2015-03-26T15:09:23Z","repo":"spring-framework","state":"open","user":{"login":"kazuki43zoo","id":5616270},"owner":"spring-projects","closed_at":null,"id":64551245}
{"_id":{"$oid":"551ac26bbd354363d0004123"},"created_at":"2015-03-29T13:28:30Z","updated_at":"2015-03-30T05:01:31Z","repo":"spring-framework","state":"open","user":{"login":"cynicLT","id":11403375},"owner":"spring-projects","closed_at":null,"id":65061319}
{"_id":{"$oid":"551ac274bd354363d0004125"},"created_at":"2015-03-31T15:49:47Z","updated_at":"2015-03-31T15:50:42Z","repo":"spring-framework","state":"closed","user":{"login":"luckygxf","id":7583204},"owner":"spring-projects","closed_at":"2015-03-31T15:50:42Z","id":65482833}
{"_id":{"$oid":"551db00cbd35437b5e00996a"},"created_at":"2015-04-02T05:58:58Z","updated_at":"2015-04-02T07:06:43Z","repo":"spring-framework","state":"closed","user":{"login":"izeye","id":1059363},"owner":"spring-projects","closed_at":"2015-04-02T07:06:37Z","id":65846869}
{"_id":{"$oid":"551db005bd35437b5e009969"},"created_at":"2015-04-02T12:05:37Z","updated_at":"2015-04-02T12:05:37Z","repo":"spring-framework","state":"open","user":{"login":"thomasdarimont","id":314690},"owner":"spring-projects","closed_at":null,"id":65912681}
{"_id":{"$oid":"5523db2dbd3543642c019eb5"},"created_at":"2015-04-03T23:18:27Z","updated_at":"2015-04-03T23:18:27Z","repo":"spring-framework","state":"open","user":{"login":"mkanev","id":1626567},"owner":"spring-projects","closed_at":null,"id":66246186}
{"_id":{"$oid":"5523db30bd3543642c019eb6"},"created_at":"2015-04-07T13:22:09Z","updated_at":"2015-04-07T13:27:02Z","repo":"spring-framework","state":"closed","user":{"login":"dgtombs","id":5116096},"owner":"spring-projects","closed_at":"2015-04-07T13:27:02Z","id":66881823}
{"_id":{"$oid":"552bfc7cbd354376e102eda0"},"created_at":"2015-04-07T13:29:38Z","updated_at":"2015-04-07T13:29:38Z","repo":"spring-framework","state":"open","user":{"login":"dgtombs","id":5116096},"owner":"spring-projects","closed_at":null,"id":66884370}
{"_id":{"$oid":"552bfc7cbd354376e102ed9f"},"created_at":"2015-04-07T14:01:03Z","updated_at":"2015-04-07T14:01:03Z","repo":"spring-framework","state":"open","user":{"login":"lukiano","id":686213},"owner":"spring-projects","closed_at":null,"id":66891964}
{"_id":{"$oid":"552bfc7cbd354376e102ed9e"},"created_at":"2015-04-09T05:11:30Z","updated_at":"2015-04-09T05:11:30Z","repo":"spring-framework","state":"open","user":{"login":"DR9885","id":461852},"owner":"spring-projects","closed_at":null,"id":67282309}
{"_id":{"$oid":"552bfc7cbd354376e102ed9d"},"created_at":"2015-04-10T07:36:34Z","updated_at":"2015-04-10T11:08:59Z","repo":"spring-framework","state":"open","user":{"login":"kamilszymanski","id":3243993},"owner":"spring-projects","closed_at":null,"id":67533712}
{"_id":{"$oid":"552bfc7fbd354376e102eda1"},"created_at":"2015-04-10T11:08:06Z","updated_at":"2015-04-13T17:27:18Z","repo":"spring-framework","state":"closed","user":{"login":"poutsma","id":330665},"owner":"spring-projects","closed_at":"2015-04-13T17:27:06Z","id":67570256}
{"_id":{"$oid":"552ec43ebd35436a6c0382bd"},"created_at":"2015-04-15T18:46:40Z","updated_at":"2015-04-15T20:04:06Z","repo":"spring-framework","state":"closed","user":{"login":"mikeroda","id":520064},"owner":"spring-projects","closed_at":"2015-04-15T20:04:06Z","id":68759970}
{"_id":{"$oid":"5534f5d6bd35430d85004eec"},"created_at":"2015-04-17T10:04:41Z","updated_at":"2015-04-17T10:04:41Z","repo":"spring-framework","state":"open","user":{"login":"ameyjadiye","id":2662046},"owner":"spring-projects","closed_at":null,"id":69108425}
{"_id":{"$oid":"5534f5dbbd35430d85004eee"},"created_at":"2015-04-18T22:01:14Z","updated_at":"2015-04-20T12:49:16Z","repo":"spring-framework","state":"closed","user":{"login":"jhcao23","id":2023204},"owner":"spring-projects","closed_at":"2015-04-20T12:49:16Z","id":69351922}
{"_id":{"$oid":"5534f5dbbd35430d85004eed"},"created_at":"2015-04-19T17:32:37Z","updated_at":"2015-04-19T17:44:15Z","repo":"spring-framework","state":"closed","user":{"login":"sbrannen","id":104798},"owner":"spring-projects","closed_at":"2015-04-19T17:44:15Z","id":69446952}
{"_id":{"$oid":"553a270ebd35432e7800460b"},"created_at":"2015-04-22T20:43:03Z","updated_at":"2015-04-22T23:40:04Z","repo":"spring-framework","state":"open","user":{"login":"rwinch","id":362503},"owner":"spring-projects","closed_at":null,"id":70229987}
{"_id":{"$oid":"553a2710bd35432e7800460c"},"created_at":"2015-04-23T17:43:07Z","updated_at":"2015-04-24T11:20:40Z","repo":"spring-framework","state":"closed","user":{"login":"smaldini","id":76718},"owner":"spring-projects","closed_at":"2015-04-24T11:20:40Z","id":70470229}
{"_id":{"$oid":"5541efc8bd3543b250004847"},"created_at":"2015-04-27T21:55:11Z","updated_at":"2015-04-30T09:00:22Z","repo":"spring-framework","state":"closed","user":{"login":"smaldini","id":76718},"owner":"spring-projects","closed_at":"2015-04-30T09:00:22Z","id":71413541}
{"_id":{"$oid":"5548b77fbd354385fd00cc85"},"created_at":"2015-05-05T09:05:15Z","updated_at":"2015-05-05T09:05:15Z","repo":"spring-framework","state":"open","user":{"login":"kazuki43zoo","id":5616270},"owner":"spring-projects","closed_at":null,"id":73254045}
{"_id":{"$oid":"5548b782bd354385fd00cc86"},"created_at":"2015-05-05T12:24:02Z","updated_at":"2015-05-05T12:28:41Z","repo":"spring-framework","state":"closed","user":{"login":"kazuki43zoo","id":5616270},"owner":"spring-projects","closed_at":"2015-05-05T12:28:30Z","id":73301451}
{"_id":{"$oid":"5548bd19bd35437a0000c816"},"created_at":"2015-05-05T12:31:05Z","updated_at":"2015-05-05T12:52:32Z","repo":"spring-framework","state":"closed","user":{"login":"kazuki43zoo","id":5616270},"owner":"spring-projects","closed_at":"2015-05-05T12:52:14Z","id":73303112}
{"_id":{"$oid":"5549f747bd35436241002b3f"},"created_at":"2015-05-05T14:21:01Z","updated_at":"2015-05-05T18:22:56Z","repo":"spring-framework","state":"open","user":{"login":"kazuki43zoo","id":5616270},"owner":"spring-projects","closed_at":null,"id":73328071}
{"_id":{"$oid":"5549f747bd35436241002b3e"},"created_at":"2015-05-05T18:21:23Z","updated_at":"2015-05-05T18:21:23Z","repo":"spring-framework","state":"open","user":{"login":"kazuki43zoo","id":5616270},"owner":"spring-projects","closed_at":null,"id":73389045}
{"_id":{"$oid":"5549f747bd35436241002b3d"},"created_at":"2015-05-05T19:24:34Z","updated_at":"2015-05-05T19:47:29Z","repo":"spring-framework","state":"open","user":{"login":"kazuki43zoo","id":5616270},"owner":"spring-projects","closed_at":null,"id":73407629}
{"_id":{"$oid":"5549f747bd35436241002b3c"},"created_at":"2015-05-06T06:44:50Z","updated_at":"2015-05-06T10:16:53Z","repo":"spring-framework","state":"open","user":{"login":"kazuki43zoo","id":5616270},"owner":"spring-projects","closed_at":null,"id":73533489}
{"_id":{"$oid":"5549f747bd35436241002b3b"},"created_at":"2015-05-06T10:17:39Z","updated_at":"2015-05-06T10:17:39Z","repo":"spring-framework","state":"open","user":{"login":"kazuki43zoo","id":5616270},"owner":"spring-projects","closed_at":null,"id":73580726}
{"_id":{"$oid":"5549f74abd35436241002b40"},"created_at":"2015-05-06T10:32:24Z","updated_at":"2015-05-06T11:13:06Z","repo":"spring-framework","state":"closed","user":{"login":"kazuki43zoo","id":5616270},"owner":"spring-projects","closed_at":"2015-05-06T11:12:54Z","id":73584917}
{"_id":{"$oid":"554b8d10bd3543625f0082ff"},"created_at":"2015-05-07T13:20:29Z","updated_at":"2015-05-07T16:04:18Z","repo":"spring-framework","state":"closed","user":{"login":"poutsma","id":330665},"owner":"spring-projects","closed_at":"2015-05-07T16:04:18Z","id":73984390}
{"_id":{"$oid":"554f944fbd3543e33f000c6e"},"created_at":"2015-05-08T09:35:18Z","updated_at":"2015-05-08T12:06:52Z","repo":"spring-framework","state":"closed","user":{"login":"poutsma","id":330665},"owner":"spring-projects","closed_at":"2015-05-08T12:06:42Z","id":74302254}
{"_id":{"$oid":"554f944ebd3543e33f000c6d"},"created_at":"2015-05-09T01:28:30Z","updated_at":"2015-05-09T10:24:16Z","repo":"spring-framework","state":"closed","user":{"login":"kazuki43zoo","id":5616270},"owner":"spring-projects","closed_at":"2015-05-09T10:24:16Z","id":74553051}
{"_id":{"$oid":"554f944ebd3543e33f000c6c"},"created_at":"2015-05-10T09:17:14Z","updated_at":"2015-05-10T10:48:25Z","repo":"spring-framework","state":"closed","user":{"login":"marschall","id":471021},"owner":"spring-projects","closed_at":"2015-05-10T10:47:43Z","id":74875637}
{"_id":{"$oid":"555a362fbd35430f4a017609"},"created_at":"2015-05-15T20:41:21Z","updated_at":"2015-05-18T18:57:42Z","repo":"spring-framework","state":"closed","user":{"login":"ractive","id":783861},"owner":"spring-projects","closed_at":"2015-05-18T18:57:42Z","id":76852091}
{"_id":{"$oid":"555a362cbd35430f4a017608"},"created_at":"2015-05-18T13:00:31Z","updated_at":"2015-05-18T13:00:31Z","repo":"spring-framework","state":"open","user":{"login":"poutsma","id":330665},"owner":"spring-projects","closed_at":null,"id":77648547}
{"_id":{"$oid":"555c375fbd35430d0301ea4f"},"created_at":"2015-05-19T18:58:02Z","updated_at":"2015-05-20T07:26:45Z","repo":"spring-framework","state":"open","user":{"login":"echatman","id":596222},"owner":"spring-projects","closed_at":null,"id":78210362}
{"_id":{"$oid":"555c375fbd35430d0301ea4e"},"created_at":"2015-05-19T19:20:01Z","updated_at":"2015-05-19T19:20:01Z","repo":"spring-framework","state":"open","user":{"login":"orfjackal","id":42678},"owner":"spring-projects","closed_at":null,"id":78217240}
{"_id":{"$oid":"555dcc9cbd35430e91024084"},"created_at":"2015-05-21T12:15:31Z","updated_at":"2015-05-21T12:16:23Z","repo":"spring-framework","state":"open","user":{"login":"poutsma","id":330665},"owner":"spring-projects","closed_at":null,"id":78969832}
{"_id":{"$oid":"556c0836bd3543a7ad00df67"},"created_at":"2015-05-28T19:33:43Z","updated_at":"2015-05-28T19:33:43Z","repo":"spring-framework","state":"open","user":{"login":"litpho","id":5185114},"owner":"spring-projects","closed_at":null,"id":82092444}
{"_id":{"$oid":"5568e7eabd3543a7da00266e"},"created_at":"2015-05-29T13:21:17Z","updated_at":"2015-05-29T13:27:03Z","repo":"spring-framework","state":"open","user":{"login":"nivolg","id":6650494},"owner":"spring-projects","closed_at":null,"id":82425416}
{"_id":{"$oid":"556c0835bd3543a7ad00df66"},"created_at":"2015-05-30T15:50:15Z","updated_at":"2015-05-30T15:50:15Z","repo":"spring-framework","state":"open","user":{"login":"kamilszymanski","id":3243993},"owner":"spring-projects","closed_at":null,"id":82845690}
{"_id":{"$oid":"556c083abd3543a7ad00df68"},"created_at":"2015-05-31T23:53:26Z","updated_at":"2015-06-01T07:22:22Z","repo":"spring-framework","state":"closed","user":{"login":"izeye","id":1059363},"owner":"spring-projects","closed_at":"2015-06-01T07:22:22Z","id":83228725}
{"_id":{"$oid":"5577f177bd3543157900648f"},"created_at":"2015-06-05T19:19:13Z","updated_at":"2015-06-10T08:11:18Z","repo":"spring-framework","state":"open","user":{"login":"ileinone","id":1706815},"owner":"spring-projects","closed_at":null,"id":85612837}
{"_id":{"$oid":"5577f177bd3543157900648e"},"created_at":"2015-06-07T09:53:59Z","updated_at":"2015-06-07T09:53:59Z","repo":"spring-framework","state":"open","user":{"login":"izeye","id":1059363},"owner":"spring-projects","closed_at":null,"id":85886024}
{"_id":{"$oid":"5577f176bd3543157900648d"},"created_at":"2015-06-09T13:34:15Z","updated_at":"2015-06-09T13:34:15Z","repo":"spring-framework","state":"open","user":{"login":"magJ","id":1804354},"owner":"spring-projects","closed_at":null,"id":86601722}
{"_id":{"$oid":"557f206ebd3543e646013119"},"created_at":"2015-06-10T15:16:31Z","updated_at":"2015-06-10T15:16:31Z","repo":"spring-framework","state":"open","user":{"login":"bclozel","id":103264},"owner":"spring-projects","closed_at":null,"id":87004228}
{"_id":{"$oid":"557ee4f4bd3543e646011c70"},"created_at":"2015-06-14T17:37:08Z","updated_at":"2015-06-15T14:44:56Z","repo":"spring-framework","state":"open","user":{"login":"bartprokop","id":1834242},"owner":"spring-projects","closed_at":null,"id":88220291}
{"_id":{"$oid":"557f2072bd3543e64601311a"},"created_at":"2015-06-15T17:37:32Z","updated_at":"2015-06-15T18:58:35Z","repo":"spring-framework","state":"closed","user":{"login":"jking-roar","id":1766298},"owner":"spring-projects","closed_at":"2015-06-15T18:58:35Z","id":88491851}
{"_id":{"$oid":"5581e8e1bd354397a200760c"},"created_at":"2015-06-17T15:34:45Z","updated_at":"2015-06-17T20:19:03Z","repo":"spring-framework","state":"closed","user":{"login":"martinlippert","id":107705},"owner":"spring-projects","closed_at":"2015-06-17T20:19:03Z","id":89050917}
{"_id":{"$oid":"5588e82fbd35437ae2004280"},"created_at":"2015-06-18T19:26:11Z","updated_at":"2015-06-18T19:26:11Z","repo":"spring-framework","state":"open","user":{"login":"philwebb","id":519772},"owner":"spring-projects","closed_at":null,"id":89376375}
{"_id":{"$oid":"5588e82fbd35437ae200427f"},"created_at":"2015-06-18T19:36:15Z","updated_at":"2015-06-18T19:36:15Z","repo":"spring-framework","state":"open","user":{"login":"philwebb","id":519772},"owner":"spring-projects","closed_at":null,"id":89378969}
{"_id":{"$oid":"5588e838bd35437ae2004282"},"created_at":"2015-06-20T10:24:36Z","updated_at":"2015-06-20T14:35:06Z","repo":"spring-framework","state":"closed","user":{"login":"izeye","id":1059363},"owner":"spring-projects","closed_at":"2015-06-20T14:35:06Z","id":89750395}
{"_id":{"$oid":"5588e833bd35437ae2004281"},"created_at":"2015-06-22T14:13:09Z","updated_at":"2015-06-22T14:13:54Z","repo":"spring-framework","state":"closed","user":{"login":"leizhiyuan","id":2684384},"owner":"spring-projects","closed_at":"2015-06-22T14:13:54Z","id":90109592}
{"_id":{"$oid":"5588e82ebd35437ae200427e"},"created_at":"2015-06-23T03:37:52Z","updated_at":"2015-06-23T03:37:52Z","repo":"spring-framework","state":"open","user":{"login":"hxc316","id":10336425},"owner":"spring-projects","closed_at":null,"id":90277491}
{"_id":{"$oid":"558b2b37bd3543eedc0080a8"},"created_at":"2015-06-23T16:36:14Z","updated_at":"2015-06-23T16:36:14Z","repo":"spring-framework","state":"open","user":{"login":"rwinch","id":362503},"owner":"spring-projects","closed_at":null,"id":90434316}
{"_id":{"$oid":"558b2b3cbd3543eedc0080a9"},"created_at":"2015-06-24T15:54:26Z","updated_at":"2015-06-24T19:18:31Z","repo":"spring-framework","state":"closed","user":{"login":"sbrannen","id":104798},"owner":"spring-projects","closed_at":"2015-06-24T19:18:31Z","id":90718200}
{"_id":{"$oid":"558d22b6bd3543f12201218a"},"created_at":"2015-06-26T08:15:59Z","updated_at":"2015-06-26T09:59:20Z","repo":"spring-framework","state":"closed","user":{"login":"Youmoo","id":2532886},"owner":"spring-projects","closed_at":"2015-06-26T09:59:14Z","id":91186811}
{"_id":{"$oid":"558d59c0bd3543ed1501467a"},"created_at":"2015-06-26T12:55:28Z","updated_at":"2015-06-26T13:54:37Z","repo":"spring-framework","state":"closed","user":{"login":"Youmoo","id":2532886},"owner":"spring-projects","closed_at":"2015-06-26T13:54:37Z","id":91243333}
{"_id":{"$oid":"5592c060bd3543ef040298d0"},"created_at":"2015-06-29T14:34:28Z","updated_at":"2015-06-29T14:34:28Z","repo":"spring-framework","state":"open","user":{"login":"candrews","id":194713},"owner":"spring-projects","closed_at":null,"id":91822879}
{"_id":{"$oid":"5592c066bd3543ef040298d1"},"created_at":"2015-06-30T15:08:11Z","updated_at":"2015-06-30T16:14:13Z","repo":"spring-framework","state":"closed","user":{"login":"kazuki43zoo","id":5616270},"owner":"spring-projects","closed_at":"2015-06-30T16:14:13Z","id":92119285}
