{"_id":{"$oid":"5283ac73bd35435fdf0002ba"},"commit_id":"758d018412ff1368cc21df7105302656831d036a","created_at":"2013-11-13T16:44:24Z","updated_at":"2013-11-13T16:44:24Z","repo":"spring-framework","user":{"login":"aclement","id":226298},"owner":"spring-projects","id":7631878}
{"_id":{"$oid":"5283ac9ebd35435ff6000285"},"commit_id":"758d018412ff1368cc21df7105302656831d036a","created_at":"2013-11-13T16:45:08Z","updated_at":"2013-11-13T16:45:08Z","repo":"spring-framework","user":{"login":"aclement","id":226298},"owner":"spring-projects","id":7631903}
{"_id":{"$oid":"5283acb3bd3543609f00027a"},"commit_id":"758d018412ff1368cc21df7105302656831d036a","created_at":"2013-11-13T16:45:37Z","updated_at":"2013-11-13T16:45:37Z","repo":"spring-framework","user":{"login":"aclement","id":226298},"owner":"spring-projects","id":7631932}
{"_id":{"$oid":"5283accfbd35435fd10002ad"},"commit_id":"758d018412ff1368cc21df7105302656831d036a","created_at":"2013-11-13T16:46:01Z","updated_at":"2013-11-13T16:46:01Z","repo":"spring-framework","user":{"login":"aclement","id":226298},"owner":"spring-projects","id":7631946}
{"_id":{"$oid":"5283ace6bd35435fcf00028c"},"commit_id":"758d018412ff1368cc21df7105302656831d036a","created_at":"2013-11-13T16:46:27Z","updated_at":"2013-11-13T16:46:27Z","repo":"spring-framework","user":{"login":"aclement","id":226298},"owner":"spring-projects","id":7631960}
{"_id":{"$oid":"5283ad15bd35435fd200027f"},"commit_id":"758d018412ff1368cc21df7105302656831d036a","created_at":"2013-11-13T16:47:13Z","updated_at":"2013-11-13T16:47:13Z","repo":"spring-framework","user":{"login":"aclement","id":226298},"owner":"spring-projects","id":7631999}
{"_id":{"$oid":"5283ad29bd35435fc000029a"},"commit_id":"758d018412ff1368cc21df7105302656831d036a","created_at":"2013-11-13T16:47:34Z","updated_at":"2013-11-13T16:47:34Z","repo":"spring-framework","user":{"login":"aclement","id":226298},"owner":"spring-projects","id":7632014}
{"_id":{"$oid":"5283ad3dbd35435fdf0002e2"},"commit_id":"758d018412ff1368cc21df7105302656831d036a","created_at":"2013-11-13T16:47:54Z","updated_at":"2013-11-13T16:47:54Z","repo":"spring-framework","user":{"login":"aclement","id":226298},"owner":"spring-projects","id":7632027}
{"_id":{"$oid":"52fa45babd3543c0010086c7"},"commit_id":"4c827f3f7a2f9f0e78663b89da4178eeb59d49de","created_at":"2012-05-26T15:00:35Z","updated_at":"2012-05-26T15:00:35Z","repo":"spring-framework","user":{"login":"obecker","id":197628},"owner":"spring-projects","id":885668}
{"_id":{"$oid":"52fa4673bd3543c001008791"},"commit_id":"4c18630098757f2acc8447398de982ca69beb5dc","created_at":"2012-06-13T01:12:45Z","updated_at":"2012-06-14T17:42:14Z","repo":"spring-framework","user":{"login":"sbrannen","id":104798},"owner":"spring-projects","id":972963}
{"_id":{"$oid":"52fa466fbd3543c00100878e"},"commit_id":"3310c55bb177bcb6b959be53c0be826050fc4de4","created_at":"2012-06-11T13:46:38Z","updated_at":"2012-06-11T13:46:38Z","repo":"spring-framework","owner":"spring-projects","id":959693}
{"_id":{"$oid":"52fa461abd3543c00100872d"},"commit_id":"8c9079902198c1b4f885fd5a949e17fbb026af24","created_at":"2012-09-14T14:14:57Z","updated_at":"2012-09-14T14:14:57Z","repo":"spring-framework","user":{"login":"artembilan","id":1071590},"owner":"spring-projects","id":1607902}
{"_id":{"$oid":"52fa461abd3543c00100872e"},"commit_id":"8c9079902198c1b4f885fd5a949e17fbb026af24","created_at":"2012-09-14T14:17:40Z","updated_at":"2012-09-14T14:17:40Z","repo":"spring-framework","user":{"login":"artembilan","id":1071590},"owner":"spring-projects","id":1607940}
{"_id":{"$oid":"52fa461abd3543c00100872f"},"commit_id":"8c9079902198c1b4f885fd5a949e17fbb026af24","created_at":"2012-09-17T08:53:00Z","updated_at":"2012-09-17T08:53:00Z","repo":"spring-framework","user":{"login":"poutsma","id":330665},"owner":"spring-projects","id":1616796}
{"_id":{"$oid":"52fa461abd3543c001008730"},"commit_id":"8c9079902198c1b4f885fd5a949e17fbb026af24","created_at":"2012-09-17T09:00:32Z","updated_at":"2012-09-17T09:00:32Z","repo":"spring-framework","user":{"login":"poutsma","id":330665},"owner":"spring-projects","id":1616829}
{"_id":{"$oid":"52fa461abd3543c001008731"},"commit_id":"8c9079902198c1b4f885fd5a949e17fbb026af24","created_at":"2012-09-17T09:10:22Z","updated_at":"2012-09-17T09:10:22Z","repo":"spring-framework","user":{"login":"jhoeller","id":1263688},"owner":"spring-projects","id":1616871}
{"_id":{"$oid":"52fa461abd3543c001008732"},"commit_id":"8c9079902198c1b4f885fd5a949e17fbb026af24","created_at":"2012-09-17T09:10:29Z","updated_at":"2012-09-17T09:10:29Z","repo":"spring-framework","user":{"login":"artembilan","id":1071590},"owner":"spring-projects","id":1616872}
{"_id":{"$oid":"52a7911abd3543c3660001bd"},"commit_id":"9f59c6c3af4423a55c1877cc0c57d27475ec19bc","created_at":"2013-12-06T18:40:44Z","updated_at":"2013-12-06T18:40:44Z","repo":"spring-framework","user":{"login":"kaustubhkeshav","id":504555},"owner":"spring-projects","id":8169234}
{"_id":{"$oid":"558c00f8bd3543ee4900c9f5"},"commit_id":"9f59c6c3af4423a55c1877cc0c57d27475ec19bc","created_at":"2015-06-25T13:23:22Z","updated_at":"2015-06-25T13:23:22Z","repo":"spring-framework","user":{"login":"dreambrother","id":1213759},"owner":"spring-projects","id":33253565}
{"_id":{"$oid":"558c01f1bd3543ee1e00b847"},"commit_id":"9f59c6c3af4423a55c1877cc0c57d27475ec19bc","created_at":"2015-06-25T13:27:48Z","updated_at":"2015-06-25T13:27:48Z","repo":"spring-framework","user":{"login":"bclozel","id":103264},"owner":"spring-projects","id":33253987}
{"_id":{"$oid":"558c034fbd3543ed4200b520"},"commit_id":"9f59c6c3af4423a55c1877cc0c57d27475ec19bc","created_at":"2015-06-25T13:33:10Z","updated_at":"2015-06-25T13:33:10Z","repo":"spring-framework","user":{"login":"dreambrother","id":1213759},"owner":"spring-projects","id":33254509}
{"_id":{"$oid":"558c044abd3543ee1e00b9e5"},"commit_id":"9f59c6c3af4423a55c1877cc0c57d27475ec19bc","created_at":"2015-06-25T13:37:53Z","updated_at":"2015-06-25T13:37:53Z","repo":"spring-framework","user":{"login":"bclozel","id":103264},"owner":"spring-projects","id":33255012}
{"_id":{"$oid":"52fa4513bd3543c001008627"},"commit_id":"d6ec48b0c2eb5e1200bee631e9f5a5b3a2dcb529","created_at":"2013-08-21T12:33:24Z","updated_at":"2013-08-21T12:33:24Z","repo":"spring-framework","user":{"login":"caesar-ralf","id":1277484},"owner":"spring-projects","id":5893779}
{"_id":{"$oid":"52fa4513bd3543c001008628"},"commit_id":"d6ec48b0c2eb5e1200bee631e9f5a5b3a2dcb529","created_at":"2013-08-21T12:38:31Z","updated_at":"2013-08-21T12:38:31Z","repo":"spring-framework","user":{"login":"GabiAxel","id":968212},"owner":"spring-projects","id":5893877}
{"_id":{"$oid":"52fa4513bd3543c001008629"},"commit_id":"d6ec48b0c2eb5e1200bee631e9f5a5b3a2dcb529","created_at":"2013-08-21T12:59:49Z","updated_at":"2013-08-21T12:59:49Z","repo":"spring-framework","user":{"login":"caesar-ralf","id":1277484},"owner":"spring-projects","id":5894300}
{"_id":{"$oid":"525fdeefbd3543e2d9000dd9"},"commit_id":"a3b03926f5f9a0bdb5e12ee0346585561fbc385f","created_at":"2013-10-17T12:58:05Z","updated_at":"2013-10-17T12:58:05Z","repo":"spring-framework","user":{"login":"paturuv","id":5647015},"owner":"spring-projects","id":7031326}
{"_id":{"$oid":"525fdf21bd3543e2fe000e2c"},"commit_id":"a3b03926f5f9a0bdb5e12ee0346585561fbc385f","created_at":"2013-10-17T12:59:02Z","updated_at":"2013-10-17T12:59:02Z","repo":"spring-framework","user":{"login":"paturuv","id":5647015},"owner":"spring-projects","id":7031342}
{"_id":{"$oid":"525fdf41bd3543e2d3000e7b"},"commit_id":"a3b03926f5f9a0bdb5e12ee0346585561fbc385f","created_at":"2013-10-17T12:59:41Z","updated_at":"2013-10-17T12:59:41Z","repo":"spring-framework","user":{"login":"paturuv","id":5647015},"owner":"spring-projects","id":7031359}
{"_id":{"$oid":"525fdf5abd3543e321000e2b"},"commit_id":"a3b03926f5f9a0bdb5e12ee0346585561fbc385f","created_at":"2013-10-17T13:00:00Z","updated_at":"2013-10-17T13:00:00Z","repo":"spring-framework","user":{"login":"paturuv","id":5647015},"owner":"spring-projects","id":7031366}
{"_id":{"$oid":"5268fcf2bd35434b2800023e"},"commit_id":"93d4098a6c84a88418aa7a40ad06942267841eb4","created_at":"2013-10-24T10:56:46Z","updated_at":"2013-10-24T10:56:46Z","repo":"spring-framework","user":{"login":"chelu","id":1378980},"owner":"spring-projects","id":7184604}
{"_id":{"$oid":"53514625bd3543857a024f16"},"commit_id":"eb02ef7f7996ab6ed1c06111b96ab55a3350d3f0","created_at":"2014-04-18T15:07:55Z","updated_at":"2014-04-18T15:07:55Z","repo":"spring-framework","user":{"login":"snicoll","id":490484},"owner":"spring-projects","id":11774516}
{"_id":{"$oid":"5351499cbd3543846a01f18c"},"commit_id":"eb02ef7f7996ab6ed1c06111b96ab55a3350d3f0","created_at":"2014-04-18T15:49:29Z","updated_at":"2014-04-18T15:49:29Z","repo":"spring-framework","user":{"login":"VasylTretiakov","id":3999712},"owner":"spring-projects","id":11775896}
{"_id":{"$oid":"52de6d5ebd3543bcfe085ba9"},"commit_id":"c737d220b51f24eb51fb89683f5c73c7e19cca91","created_at":"2014-01-21T12:51:39Z","updated_at":"2014-01-21T12:51:39Z","repo":"spring-framework","user":{"login":"rstoyanchev","id":401908},"owner":"spring-projects","id":9035588}
{"_id":{"$oid":"52de6e24bd3543bca1085902"},"commit_id":"c737d220b51f24eb51fb89683f5c73c7e19cca91","created_at":"2014-01-21T12:54:56Z","updated_at":"2014-01-21T12:54:56Z","repo":"spring-framework","user":{"login":"rstoyanchev","id":401908},"owner":"spring-projects","id":9035666}
{"_id":{"$oid":"52de7119bd3543bc3f08113e"},"commit_id":"c737d220b51f24eb51fb89683f5c73c7e19cca91","created_at":"2014-01-21T13:07:32Z","updated_at":"2014-01-21T13:07:32Z","repo":"spring-framework","user":{"login":"snicoll","id":490484},"owner":"spring-projects","id":9035958}
{"_id":{"$oid":"532d67aabd354386bf01a8d6"},"commit_id":"52559812b7d0ce3596bb2d597e4a9fb152ad3ed7","created_at":"2014-03-22T10:36:22Z","updated_at":"2014-03-22T10:36:22Z","repo":"spring-framework","user":{"login":"flozano","id":1159291},"owner":"spring-projects","id":10861717}
{"_id":{"$oid":"532da219bd3543861d01b103"},"commit_id":"fc0a85daef3adcee42d59d58408a7030a6f375a4","created_at":"2014-03-22T14:45:42Z","updated_at":"2014-03-22T14:45:42Z","repo":"spring-framework","user":{"login":"royclarkson","id":20805},"owner":"spring-projects","id":10862521}
{"_id":{"$oid":"537eb184bd35436fb9009b2a"},"commit_id":"0c54ea90d2b8299ce3683d63cb4721b9b97df5eb","created_at":"2014-04-22T15:36:56Z","updated_at":"2014-05-15T16:20:53Z","repo":"spring-framework","user":{"login":"royclarkson","id":20805},"owner":"spring-projects","id":11859397}
{"_id":{"$oid":"533d7cafbd3543ede90046da"},"commit_id":"58fc92496af1a041b8f1e0663d27283d4c2fa8af","created_at":"2014-04-01T10:37:52Z","updated_at":"2014-04-01T10:37:52Z","repo":"spring-framework","user":{"login":"wilkinsona","id":914682},"owner":"spring-projects","id":11154947}
{"_id":{"$oid":"53baa768bd354348a2013ef6"},"commit_id":"1a726be852773748a25b133bbade1c5fa0d171e4","created_at":"2014-07-07T13:57:53Z","updated_at":"2014-07-07T13:57:53Z","repo":"spring-framework","user":{"login":"poutsma","id":330665},"owner":"spring-projects","id":14596961}
{"_id":{"$oid":"53bab3d2bd3543475f01417d"},"commit_id":"1a726be852773748a25b133bbade1c5fa0d171e4","created_at":"2014-07-07T14:50:53Z","updated_at":"2014-07-07T14:50:53Z","repo":"spring-framework","user":{"login":"poutsma","id":330665},"owner":"spring-projects","id":14600139}
{"_id":{"$oid":"53bab5b7bd354348430114eb"},"commit_id":"1a726be852773748a25b133bbade1c5fa0d171e4","created_at":"2014-07-07T14:52:59Z","updated_at":"2014-07-07T14:52:59Z","repo":"spring-framework","user":{"login":"poutsma","id":330665},"owner":"spring-projects","id":14600285}
{"_id":{"$oid":"53bab4e0bd3543475f0141f6"},"commit_id":"1a726be852773748a25b133bbade1c5fa0d171e4","created_at":"2014-07-07T14:55:19Z","updated_at":"2014-07-07T14:55:19Z","repo":"spring-framework","user":{"login":"poutsma","id":330665},"owner":"spring-projects","id":14600453}
{"_id":{"$oid":"53bab513bd3543481d0124ab"},"commit_id":"1a726be852773748a25b133bbade1c5fa0d171e4","created_at":"2014-07-07T14:56:06Z","updated_at":"2014-07-07T14:56:06Z","repo":"spring-framework","user":{"login":"poutsma","id":330665},"owner":"spring-projects","id":14600523}
{"_id":{"$oid":"53bab51cbd354347ab01405f"},"commit_id":"1a726be852773748a25b133bbade1c5fa0d171e4","created_at":"2014-07-07T14:56:17Z","updated_at":"2014-07-07T14:56:17Z","repo":"spring-framework","user":{"login":"poutsma","id":330665},"owner":"spring-projects","id":14600542}
{"_id":{"$oid":"53bab535bd3543476b011e0d"},"commit_id":"1a726be852773748a25b133bbade1c5fa0d171e4","created_at":"2014-07-07T14:56:42Z","updated_at":"2014-07-07T14:56:42Z","repo":"spring-framework","user":{"login":"poutsma","id":330665},"owner":"spring-projects","id":14600576}
{"_id":{"$oid":"53bd37c0bd35435053000ca0"},"commit_id":"835eee91a63a383e0b4e6102ff12e883d3a18405","created_at":"2014-07-09T08:49:31Z","updated_at":"2014-07-09T09:41:07Z","repo":"spring-framework","user":{"login":"poutsma","id":330665},"owner":"spring-projects","id":14699082}
{"_id":{"$oid":"53bd37babd354350db000df2"},"commit_id":"835eee91a63a383e0b4e6102ff12e883d3a18405","created_at":"2014-07-09T08:53:08Z","updated_at":"2014-07-09T09:41:07Z","repo":"spring-framework","user":{"login":"poutsma","id":330665},"owner":"spring-projects","id":14699211}
{"_id":{"$oid":"53bf23c6bd3543504700eb42"},"commit_id":"835eee91a63a383e0b4e6102ff12e883d3a18405","created_at":"2014-07-10T23:37:35Z","updated_at":"2014-07-10T23:37:35Z","repo":"spring-framework","user":{"login":"philwebb","id":519772},"owner":"spring-projects","id":14799973}
{"_id":{"$oid":"53c68f2ebd354350c502b0b3"},"commit_id":"86e8bdab6bbed12ff8d6f0c76aa19e990a716c85","created_at":"2014-07-11T07:37:45Z","updated_at":"2014-07-16T14:33:15Z","repo":"spring-framework","user":{"login":"snicoll","id":490484},"owner":"spring-projects","id":14809636}
{"_id":{"$oid":"53e13549bd35432e1a04ca5a"},"commit_id":"f33fbf8d247c1781bcc24e189e5be89640200975","created_at":"2014-08-05T19:48:39Z","updated_at":"2014-08-05T19:48:39Z","repo":"spring-framework","user":{"login":"garyrussell","id":483832},"owner":"spring-projects","id":15836850}
{"_id":{"$oid":"53e13568bd354334410459c0"},"commit_id":"f33fbf8d247c1781bcc24e189e5be89640200975","created_at":"2014-08-05T19:49:22Z","updated_at":"2014-08-05T19:49:22Z","repo":"spring-framework","user":{"login":"garyrussell","id":483832},"owner":"spring-projects","id":15836885}
{"_id":{"$oid":"53e1f2a4bd35432e8c04a74a"},"commit_id":"f666d06789ea2b5a6d1dd8d21d43b5d3d2cfda6d","created_at":"2014-08-06T09:17:15Z","updated_at":"2014-08-06T09:17:15Z","repo":"spring-framework","user":{"login":"snicoll","id":490484},"owner":"spring-projects","id":15863574}
{"_id":{"$oid":"53e29ddbbd3543a409000a46"},"commit_id":"634991474e6e7c3d6851e53ec2e5826b76c4a3e3","created_at":"2014-08-06T21:27:21Z","updated_at":"2014-08-06T21:27:21Z","repo":"spring-framework","user":{"login":"artembilan","id":1071590},"owner":"spring-projects","id":15904917}
{"_id":{"$oid":"53e29e20bd3543a2e3000949"},"commit_id":"634991474e6e7c3d6851e53ec2e5826b76c4a3e3","created_at":"2014-08-06T21:28:02Z","updated_at":"2014-08-06T21:28:02Z","repo":"spring-framework","user":{"login":"artembilan","id":1071590},"owner":"spring-projects","id":15904938}
{"_id":{"$oid":"53e29e97bd3543a370000861"},"commit_id":"634991474e6e7c3d6851e53ec2e5826b76c4a3e3","created_at":"2014-08-06T21:30:48Z","updated_at":"2014-08-06T21:30:48Z","repo":"spring-framework","user":{"login":"artembilan","id":1071590},"owner":"spring-projects","id":15905084}
{"_id":{"$oid":"53e29f1abd3543a3700008a0"},"commit_id":"634991474e6e7c3d6851e53ec2e5826b76c4a3e3","created_at":"2014-08-06T21:32:56Z","updated_at":"2014-08-06T21:32:56Z","repo":"spring-framework","user":{"login":"artembilan","id":1071590},"owner":"spring-projects","id":15905196}
{"_id":{"$oid":"53e29f78bd3543a443000ad2"},"commit_id":"634991474e6e7c3d6851e53ec2e5826b76c4a3e3","created_at":"2014-08-06T21:34:06Z","updated_at":"2014-08-06T21:34:06Z","repo":"spring-framework","user":{"login":"artembilan","id":1071590},"owner":"spring-projects","id":15905251}
{"_id":{"$oid":"53e29fd0bd3543a3460009e2"},"commit_id":"634991474e6e7c3d6851e53ec2e5826b76c4a3e3","created_at":"2014-08-06T21:35:13Z","updated_at":"2014-08-06T21:35:13Z","repo":"spring-framework","user":{"login":"artembilan","id":1071590},"owner":"spring-projects","id":15905317}
{"_id":{"$oid":"53e2a26abd3543a476000767"},"commit_id":"634991474e6e7c3d6851e53ec2e5826b76c4a3e3","created_at":"2014-08-06T21:37:18Z","updated_at":"2014-08-06T21:37:18Z","repo":"spring-framework","user":{"login":"artembilan","id":1071590},"owner":"spring-projects","id":15905421}
{"_id":{"$oid":"53e2a2c9bd3543a3a20009a9"},"commit_id":"634991474e6e7c3d6851e53ec2e5826b76c4a3e3","created_at":"2014-08-06T21:48:27Z","updated_at":"2014-08-06T21:48:27Z","repo":"spring-framework","user":{"login":"artembilan","id":1071590},"owner":"spring-projects","id":15906022}
{"_id":{"$oid":"53e2a3a6bd3543a3ee000946"},"commit_id":"634991474e6e7c3d6851e53ec2e5826b76c4a3e3","created_at":"2014-08-06T21:51:57Z","updated_at":"2014-08-06T21:51:57Z","repo":"spring-framework","user":{"login":"artembilan","id":1071590},"owner":"spring-projects","id":15906218}
{"_id":{"$oid":"53e2a3ecbd3543a434000bb4"},"commit_id":"634991474e6e7c3d6851e53ec2e5826b76c4a3e3","created_at":"2014-08-06T21:53:32Z","updated_at":"2014-08-06T21:53:32Z","repo":"spring-framework","user":{"login":"artembilan","id":1071590},"owner":"spring-projects","id":15906292}
{"_id":{"$oid":"53e32fc5bd3543a37c002277"},"commit_id":"634991474e6e7c3d6851e53ec2e5826b76c4a3e3","created_at":"2014-08-07T07:49:39Z","updated_at":"2014-08-07T07:49:39Z","repo":"spring-framework","user":{"login":"snicoll","id":490484},"owner":"spring-projects","id":15922390}
{"_id":{"$oid":"53e32fc1bd3543a42a001585"},"commit_id":"634991474e6e7c3d6851e53ec2e5826b76c4a3e3","created_at":"2014-08-07T07:49:43Z","updated_at":"2014-08-07T07:49:43Z","repo":"spring-framework","user":{"login":"snicoll","id":490484},"owner":"spring-projects","id":15922392}
{"_id":{"$oid":"53e33027bd3543a2d4001f1b"},"commit_id":"634991474e6e7c3d6851e53ec2e5826b76c4a3e3","created_at":"2014-08-07T07:50:13Z","updated_at":"2014-08-07T07:50:13Z","repo":"spring-framework","user":{"login":"snicoll","id":490484},"owner":"spring-projects","id":15922404}
{"_id":{"$oid":"53e33047bd3543a39600205b"},"commit_id":"634991474e6e7c3d6851e53ec2e5826b76c4a3e3","created_at":"2014-08-07T07:50:25Z","updated_at":"2014-08-07T07:50:25Z","repo":"spring-framework","user":{"login":"snicoll","id":490484},"owner":"spring-projects","id":15922408}
{"_id":{"$oid":"546f4f9ebd3543c17201eeb0"},"commit_id":"75c70fac3d77b4a9b81fb95b46309636ffdd3d76","created_at":"2014-11-21T14:43:04Z","updated_at":"2014-11-21T14:43:04Z","repo":"spring-framework","user":{"login":"rstoyanchev","id":401908},"owner":"spring-projects","id":20717851}
{"_id":{"$oid":"5487a81dbd354390c400129b"},"commit_id":"75c70fac3d77b4a9b81fb95b46309636ffdd3d76","created_at":"2014-11-21T14:43:04Z","updated_at":"2014-11-21T14:43:04Z","repo":"spring-framework","user":{"login":"rstoyanchev","id":401908},"owner":"spring-projects","id":20717851}
{"_id":{"$oid":"546f53d5bd3543c09802f3d2"},"commit_id":"75c70fac3d77b4a9b81fb95b46309636ffdd3d76","created_at":"2014-11-21T15:00:33Z","updated_at":"2014-11-21T15:00:33Z","repo":"spring-framework","user":{"login":"bclozel","id":103264},"owner":"spring-projects","id":20718915}
{"_id":{"$oid":"5487a864bd354390630020d4"},"commit_id":"75c70fac3d77b4a9b81fb95b46309636ffdd3d76","created_at":"2014-11-21T15:00:33Z","updated_at":"2014-11-21T15:00:33Z","repo":"spring-framework","user":{"login":"bclozel","id":103264},"owner":"spring-projects","id":20718915}
{"_id":{"$oid":"54cd5342bd35433cc0007f46"},"commit_id":"891139cf88f73f96c210dc40204e357983c811b3","created_at":"2015-01-31T22:12:15Z","updated_at":"2015-01-31T22:12:15Z","repo":"spring-framework","user":{"login":"AlexanderHagenhoff","id":5364740},"owner":"spring-projects","id":23892634}
{"_id":{"$oid":"54cf4d97bd35434f2f00bc34"},"commit_id":"891139cf88f73f96c210dc40204e357983c811b3","created_at":"2015-02-02T10:12:31Z","updated_at":"2015-02-02T10:12:31Z","repo":"spring-framework","user":{"login":"janesser","id":7354047},"owner":"spring-projects","id":23915768}
{"_id":{"$oid":"54cf4ee2bd35434fe300befb"},"commit_id":"891139cf88f73f96c210dc40204e357983c811b3","created_at":"2015-02-02T10:18:04Z","updated_at":"2015-02-02T10:18:04Z","repo":"spring-framework","user":{"login":"snicoll","id":490484},"owner":"spring-projects","id":23915990}
{"_id":{"$oid":"54ec3168bd3543fd7b00002b"},"commit_id":"f33757610b6b38aa43541f06a0adfcd5f2914517","created_at":"2015-02-24T08:06:43Z","updated_at":"2015-02-24T08:06:43Z","repo":"spring-framework","user":{"login":"snicoll","id":490484},"owner":"spring-projects","id":25234439}
{"_id":{"$oid":"54ed2ad0bd3543fd7b0016a7"},"commit_id":"f33757610b6b38aa43541f06a0adfcd5f2914517","created_at":"2015-02-25T01:51:28Z","updated_at":"2015-02-25T01:51:28Z","repo":"spring-framework","user":{"login":"tobiasmh","id":3994372},"owner":"spring-projects","id":25312236}
{"_id":{"$oid":"54edd8d6bd3543c61e00183c"},"commit_id":"f33757610b6b38aa43541f06a0adfcd5f2914517","created_at":"2015-02-25T14:14:43Z","updated_at":"2015-02-25T14:14:43Z","repo":"spring-framework","user":{"login":"snicoll","id":490484},"owner":"spring-projects","id":25341869}
