{"_id":{"$oid":"54ff8269bd3543c47501c60c"},"repo":"elasticsearch","owner":"elastic","name":"feature"}
{"_id":{"$oid":"54ff8269bd3543c47501c60d"},"repo":"elasticsearch","owner":"elastic","name":"bug"}
{"_id":{"$oid":"54ff826abd3543c47501c60e"},"repo":"elasticsearch","owner":"elastic","name":"enhancement"}
{"_id":{"$oid":"54ff826abd3543c47501c60f"},"repo":"elasticsearch","owner":"elastic","name":"v0.05.0"}
{"_id":{"$oid":"54ff826bbd3543c47501c610"},"repo":"elasticsearch","owner":"elastic","name":"doc"}
{"_id":{"$oid":"54ff826bbd3543c47501c611"},"repo":"elasticsearch","owner":"elastic","name":"v0.06.0"}
{"_id":{"$oid":"54ff826bbd3543c47501c612"},"repo":"elasticsearch","owner":"elastic","name":"v0.05.1"}
{"_id":{"$oid":"54ff826bbd3543c47501c613"},"repo":"elasticsearch","owner":"elastic","name":"v0.07.0"}
{"_id":{"$oid":"54ff826bbd3543c47501c614"},"repo":"elasticsearch","owner":"elastic","name":"v0.08.0"}
{"_id":{"$oid":"54ff826bbd3543c47501c615"},"repo":"elasticsearch","owner":"elastic","name":"v0.07.1"}
{"_id":{"$oid":"54ff826bbd3543c47501c616"},"repo":"elasticsearch","owner":"elastic","name":"breaking"}
{"_id":{"$oid":"54ff826cbd3543c47501c617"},"repo":"elasticsearch","owner":"elastic","name":"v0.09.0"}
{"_id":{"$oid":"54ff826cbd3543c47501c618"},"repo":"elasticsearch","owner":"elastic","name":"v0.10.0"}
{"_id":{"$oid":"54ff826cbd3543c47501c619"},"repo":"elasticsearch","owner":"elastic","name":"v0.11.0"}
{"_id":{"$oid":"54ff826cbd3543c47501c61a"},"repo":"elasticsearch","owner":"elastic","name":"v0.12.0"}
{"_id":{"$oid":"54ff826cbd3543c47501c61b"},"repo":"elasticsearch","owner":"elastic","name":"v0.13.0"}
{"_id":{"$oid":"54ff826cbd3543c47501c61c"},"repo":"elasticsearch","owner":"elastic","name":"v0.12.1"}
{"_id":{"$oid":"54ff826cbd3543c47501c61d"},"repo":"elasticsearch","owner":"elastic","name":"v0.14.0"}
{"_id":{"$oid":"54ff826dbd3543c47501c61e"},"repo":"elasticsearch","owner":"elastic","name":"v0.13.1"}
{"_id":{"$oid":"54ff826dbd3543c47501c61f"},"repo":"elasticsearch","owner":"elastic","name":"v0.15.0"}
{"_id":{"$oid":"54ff826dbd3543c47501c620"},"repo":"elasticsearch","owner":"elastic","name":"v0.14.1"}
{"_id":{"$oid":"54ff826dbd3543c47501c621"},"repo":"elasticsearch","owner":"elastic","name":"v0.14.2"}
{"_id":{"$oid":"54ff826dbd3543c47501c622"},"repo":"elasticsearch","owner":"elastic","name":"v0.14.3"}
{"_id":{"$oid":"54ff826dbd3543c47501c623"},"repo":"elasticsearch","owner":"elastic","name":"non-issue"}
{"_id":{"$oid":"54ff826ebd3543c47501c624"},"repo":"elasticsearch","owner":"elastic","name":"v0.15.1"}
{"_id":{"$oid":"54ff826ebd3543c47501c625"},"repo":"elasticsearch","owner":"elastic","name":"v0.16.0"}
{"_id":{"$oid":"54ff826ebd3543c47501c626"},"repo":"elasticsearch","owner":"elastic","name":"v0.15.2"}
{"_id":{"$oid":"54ff826ebd3543c47501c627"},"repo":"elasticsearch","owner":"elastic","name":"v0.16.1"}
{"_id":{"$oid":"54ff826ebd3543c47501c628"},"repo":"elasticsearch","owner":"elastic","name":"v0.17.0"}
{"_id":{"$oid":"54ff826ebd3543c47501c629"},"repo":"elasticsearch","owner":"elastic","name":"v0.16.2"}
{"_id":{"$oid":"54ff826ebd3543c47501c62a"},"repo":"elasticsearch","owner":"elastic","name":"v0.16.3"}
{"_id":{"$oid":"54ff826ebd3543c47501c62b"},"repo":"elasticsearch","owner":"elastic","name":"v0.16.4"}
{"_id":{"$oid":"54ff826ebd3543c47501c62c"},"repo":"elasticsearch","owner":"elastic","name":"v0.17.1"}
{"_id":{"$oid":"54ff826fbd3543c47501c62d"},"repo":"elasticsearch","owner":"elastic","name":"v0.18.0"}
{"_id":{"$oid":"54ff826fbd3543c47501c62e"},"repo":"elasticsearch","owner":"elastic","name":"v0.17.2"}
{"_id":{"$oid":"54ff826fbd3543c47501c62f"},"repo":"elasticsearch","owner":"elastic","name":"v0.16.5"}
{"_id":{"$oid":"54ff826fbd3543c47501c630"},"repo":"elasticsearch","owner":"elastic","name":"v0.17.3"}
{"_id":{"$oid":"54ff826fbd3543c47501c631"},"repo":"elasticsearch","owner":"elastic","name":"v0.17.4"}
{"_id":{"$oid":"54ff826fbd3543c47501c632"},"repo":"elasticsearch","owner":"elastic","name":"v0.17.5"}
{"_id":{"$oid":"54ff826fbd3543c47501c633"},"repo":"elasticsearch","owner":"elastic","name":"v0.17.6"}
{"_id":{"$oid":"54ff826fbd3543c47501c634"},"repo":"elasticsearch","owner":"elastic","name":"v0.17.7"}
{"_id":{"$oid":"54ff8270bd3543c47501c635"},"repo":"elasticsearch","owner":"elastic","name":"v0.17.8"}
{"_id":{"$oid":"54ff8270bd3543c47501c636"},"repo":"elasticsearch","owner":"elastic","name":"v0.17.9"}
{"_id":{"$oid":"54ff8270bd3543c47501c637"},"repo":"elasticsearch","owner":"elastic","name":"v0.17.10"}
{"_id":{"$oid":"54ff8270bd3543c47501c638"},"repo":"elasticsearch","owner":"elastic","name":"v0.18.1"}
{"_id":{"$oid":"54ff8270bd3543c47501c639"},"repo":"elasticsearch","owner":"elastic","name":"v0.19.0.RC1"}
{"_id":{"$oid":"54ff8270bd3543c47501c63a"},"repo":"elasticsearch","owner":"elastic","name":"v0.18.2"}
{"_id":{"$oid":"54ff8270bd3543c47501c63b"},"repo":"elasticsearch","owner":"elastic","name":"v0.18.3"}
{"_id":{"$oid":"54ff8270bd3543c47501c63c"},"repo":"elasticsearch","owner":"elastic","name":"v0.18.4"}
{"_id":{"$oid":"54ff8270bd3543c47501c63d"},"repo":"elasticsearch","owner":"elastic","name":"v0.18.5"}
{"_id":{"$oid":"54ff8270bd3543c47501c63e"},"repo":"elasticsearch","owner":"elastic","name":"v0.18.6"}
{"_id":{"$oid":"54ff8270bd3543c47501c63f"},"repo":"elasticsearch","owner":"elastic","name":"v0.18.7"}
{"_id":{"$oid":"54ff8270bd3543c47501c640"},"repo":"elasticsearch","owner":"elastic","name":"v0.18.8"}
{"_id":{"$oid":"54ff8270bd3543c47501c641"},"repo":"elasticsearch","owner":"elastic","name":"v0.19.0.RC2"}
{"_id":{"$oid":"54ff8270bd3543c47501c642"},"repo":"elasticsearch","owner":"elastic","name":"v0.19.0.RC3"}
{"_id":{"$oid":"54ff8271bd3543c47501c643"},"repo":"elasticsearch","owner":"elastic","name":"v0.20.0.RC1"}
{"_id":{"$oid":"54ff8271bd3543c47501c644"},"repo":"elasticsearch","owner":"elastic","name":"v0.19.0"}
{"_id":{"$oid":"54ff8271bd3543c47501c645"},"repo":"elasticsearch","owner":"elastic","name":"v0.19.1"}
{"_id":{"$oid":"54ff8271bd3543c47501c646"},"repo":"elasticsearch","owner":"elastic","name":"v0.19.2"}
{"_id":{"$oid":"54ff8271bd3543c47501c647"},"repo":"elasticsearch","owner":"elastic","name":"v0.19.3"}
{"_id":{"$oid":"54ff8271bd3543c47501c648"},"repo":"elasticsearch","owner":"elastic","name":"v0.19.4"}
{"_id":{"$oid":"54ff8271bd3543c47501c649"},"repo":"elasticsearch","owner":"elastic","name":"v0.19.5"}
{"_id":{"$oid":"54ff8271bd3543c47501c64a"},"repo":"elasticsearch","owner":"elastic","name":"v0.19.6"}
{"_id":{"$oid":"54ff8271bd3543c47501c64b"},"repo":"elasticsearch","owner":"elastic","name":"v0.19.7"}
{"_id":{"$oid":"54ff8272bd3543c47501c64c"},"repo":"elasticsearch","owner":"elastic","name":"v0.19.8"}
{"_id":{"$oid":"54ff8272bd3543c47501c64d"},"repo":"elasticsearch","owner":"elastic","name":"v0.19.9"}
{"_id":{"$oid":"54ff8272bd3543c47501c64e"},"repo":"elasticsearch","owner":"elastic","name":"v0.19.10"}
{"_id":{"$oid":"54ff8272bd3543c47501c64f"},"repo":"elasticsearch","owner":"elastic","name":"v0.19.11"}
{"_id":{"$oid":"54ff8272bd3543c47501c650"},"repo":"elasticsearch","owner":"elastic","name":"v0.20.0"}
{"_id":{"$oid":"54ff8272bd3543c47501c651"},"repo":"elasticsearch","owner":"elastic","name":"v0.90.0.Beta1"}
{"_id":{"$oid":"54ff8272bd3543c47501c652"},"repo":"elasticsearch","owner":"elastic","name":"v0.19.12"}
{"_id":{"$oid":"54ff8272bd3543c47501c653"},"repo":"elasticsearch","owner":"elastic","name":"v0.19.13"}
{"_id":{"$oid":"54ff8272bd3543c47501c654"},"repo":"elasticsearch","owner":"elastic","name":"v0.20.1"}
{"_id":{"$oid":"54ff8272bd3543c47501c655"},"repo":"elasticsearch","owner":"elastic","name":"v0.20.2"}
{"_id":{"$oid":"54ff8273bd3543c47501c656"},"repo":"elasticsearch","owner":"elastic","name":"v0.20.3"}
{"_id":{"$oid":"54ff8273bd3543c47501c657"},"repo":"elasticsearch","owner":"elastic","name":"v0.20.4"}
{"_id":{"$oid":"54ff8273bd3543c47501c658"},"repo":"elasticsearch","owner":"elastic","name":"v0.20.5"}
{"_id":{"$oid":"54ff8273bd3543c47501c659"},"repo":"elasticsearch","owner":"elastic","name":"v0.20.6"}
{"_id":{"$oid":"54ff8273bd3543c47501c65a"},"repo":"elasticsearch","owner":"elastic","name":"v0.90.0.RC1"}
{"_id":{"$oid":"54ff8273bd3543c47501c65b"},"repo":"elasticsearch","owner":"elastic","name":"Lucene 4.2 Upgrade"}
{"_id":{"$oid":"54ff8273bd3543c47501c65c"},"repo":"elasticsearch","owner":"elastic","name":"regression"}
{"_id":{"$oid":"54ff8273bd3543c47501c65d"},"repo":"elasticsearch","owner":"elastic","name":"v0.90.0.RC2"}
{"_id":{"$oid":"54ff8273bd3543c47501c65e"},"repo":"elasticsearch","owner":"elastic","name":"v0.20.7"}
{"_id":{"$oid":"54ff8273bd3543c47501c65f"},"repo":"elasticsearch","owner":"elastic","name":"Lucene 4.3 Upgrade"}
{"_id":{"$oid":"54ff8273bd3543c47501c660"},"repo":"elasticsearch","owner":"elastic","name":"v0.90.0"}
{"_id":{"$oid":"54ff8273bd3543c47501c661"},"repo":"elasticsearch","owner":"elastic","name":"v0.90.1"}
{"_id":{"$oid":"54ff8273bd3543c47501c662"},"repo":"elasticsearch","owner":"elastic","name":"v1.0.0.Beta1"}
{"_id":{"$oid":"54ff8273bd3543c47501c663"},"repo":"elasticsearch","owner":"elastic","name":"v0.90.2"}
{"_id":{"$oid":"54ff8273bd3543c47501c664"},"repo":"elasticsearch","owner":"elastic","name":"v0.90.3"}
{"_id":{"$oid":"54ff8273bd3543c47501c665"},"repo":"elasticsearch","owner":"elastic","name":"v0.90.4"}
{"_id":{"$oid":"54ff8273bd3543c47501c666"},"repo":"elasticsearch","owner":"elastic","name":"Lucene 4.5 Upgrade"}
{"_id":{"$oid":"54ff8273bd3543c47501c667"},"repo":"elasticsearch","owner":"elastic","name":"v0.90.5"}
{"_id":{"$oid":"54ff8273bd3543c47501c668"},"repo":"elasticsearch","owner":"elastic","name":"v0.90.6"}
{"_id":{"$oid":"54ff8273bd3543c47501c669"},"repo":"elasticsearch","owner":"elastic","name":"Lucene 4.6 Upgrade"}
{"_id":{"$oid":"54ff8273bd3543c47501c66a"},"repo":"elasticsearch","owner":"elastic","name":"test"}
{"_id":{"$oid":"54ff8273bd3543c47501c66b"},"repo":"elasticsearch","owner":"elastic","name":"v1.0.0.RC1"}
{"_id":{"$oid":"54ff8274bd3543c47501c66c"},"repo":"elasticsearch","owner":"elastic","name":"v0.90.7"}
{"_id":{"$oid":"54ff8274bd3543c47501c66d"},"repo":"elasticsearch","owner":"elastic","name":"v1.0.0.Beta2"}
{"_id":{"$oid":"54ff8274bd3543c47501c66e"},"repo":"elasticsearch","owner":"elastic","name":"v0.90.8"}
{"_id":{"$oid":"54ff8274bd3543c47501c66f"},"repo":"elasticsearch","owner":"elastic","name":"Lucene 4.7 Upgrade"}
{"_id":{"$oid":"54ff8275bd3543c47501c670"},"repo":"elasticsearch","owner":"elastic","name":"v1.0.1"}
{"_id":{"$oid":"54ff8275bd3543c47501c671"},"repo":"elasticsearch","owner":"elastic","name":"v0.90.9"}
{"_id":{"$oid":"54ff8275bd3543c47501c672"},"repo":"elasticsearch","owner":"elastic","name":"v0.90.10"}
{"_id":{"$oid":"54ff8275bd3543c47501c673"},"repo":"elasticsearch","owner":"elastic","name":"v0.90.11"}
{"_id":{"$oid":"54ff8275bd3543c47501c674"},"repo":"elasticsearch","owner":"elastic","name":"v1.0.0"}
{"_id":{"$oid":"54ff8276bd3543c47501c675"},"repo":"elasticsearch","owner":"elastic","name":"v1.1.0"}
{"_id":{"$oid":"54ff8276bd3543c47501c676"},"repo":"elasticsearch","owner":"elastic","name":"v2.0.0"}
{"_id":{"$oid":"54ff8276bd3543c47501c677"},"repo":"elasticsearch","owner":"elastic","name":"v1.0.0.RC2"}
{"_id":{"$oid":"54ff8276bd3543c47501c678"},"repo":"elasticsearch","owner":"elastic","name":"v0.90.12"}
{"_id":{"$oid":"54ff8276bd3543c47501c679"},"repo":"elasticsearch","owner":"elastic","name":"v0.90.13"}
{"_id":{"$oid":"54ff8276bd3543c47501c67a"},"repo":"elasticsearch","owner":"elastic","name":"v1.0.2"}
{"_id":{"$oid":"54ff8277bd3543c47501c67b"},"repo":"elasticsearch","owner":"elastic","name":"heapdump"}
{"_id":{"$oid":"54ff8277bd3543c47501c67c"},"repo":"elasticsearch","owner":"elastic","name":"v1.2.0"}
{"_id":{"$oid":"54ff8277bd3543c47501c67d"},"repo":"elasticsearch","owner":"elastic","name":"v1.0.3"}
{"_id":{"$oid":"54ff8277bd3543c47501c67e"},"repo":"elasticsearch","owner":"elastic","name":"v1.1.1"}
{"_id":{"$oid":"54ff8277bd3543c47501c67f"},"repo":"elasticsearch","owner":"elastic","name":"v0.90.14"}
{"_id":{"$oid":"54ff8277bd3543c47501c680"},"repo":"elasticsearch","owner":"elastic","name":"Lucene 4.8 Upgrade"}
{"_id":{"$oid":"54ff8277bd3543c47501c681"},"repo":"elasticsearch","owner":"elastic","name":"blocker"}
{"_id":{"$oid":"54ff8277bd3543c47501c682"},"repo":"elasticsearch","owner":"elastic","name":"critical"}
{"_id":{"$oid":"54ff8278bd3543c47501c683"},"repo":"elasticsearch","owner":"elastic","name":"low hanging fruit"}
{"_id":{"$oid":"54ff8278bd3543c47501c684"},"repo":"elasticsearch","owner":"elastic","name":"v1.0.4"}
{"_id":{"$oid":"54ff8278bd3543c47501c685"},"repo":"elasticsearch","owner":"elastic","name":"v1.1.2"}
{"_id":{"$oid":"54ff8278bd3543c47501c686"},"repo":"elasticsearch","owner":"elastic","name":"review"}
{"_id":{"$oid":"54ff8278bd3543c47501c687"},"repo":"elasticsearch","owner":"elastic","name":"v1.3.0"}
{"_id":{"$oid":"54ff8278bd3543c47501c688"},"repo":"elasticsearch","owner":"elastic","name":"v1.2.1"}
{"_id":{"$oid":"54ff8278bd3543c47501c689"},"repo":"elasticsearch","owner":"elastic","name":"v1.1.3"}
{"_id":{"$oid":"54ff8278bd3543c47501c68a"},"repo":"elasticsearch","owner":"elastic","name":"v1.2.2"}
{"_id":{"$oid":"54ff8278bd3543c47501c68b"},"repo":"elasticsearch","owner":"elastic","name":"build"}
{"_id":{"$oid":"54ff8278bd3543c47501c68c"},"repo":"elasticsearch","owner":"elastic","name":"release highlight"}
{"_id":{"$oid":"54ff8278bd3543c47501c68d"},"repo":"elasticsearch","owner":"elastic","name":"high hanging fruit"}
{"_id":{"$oid":"54ff8278bd3543c47501c68e"},"repo":"elasticsearch","owner":"elastic","name":"adoptme"}
{"_id":{"$oid":"54ff8278bd3543c47501c68f"},"repo":"elasticsearch","owner":"elastic","name":"resiliency"}
{"_id":{"$oid":"54ff8278bd3543c47501c690"},"repo":"elasticsearch","owner":"elastic","name":"discuss"}
{"_id":{"$oid":"54ff8278bd3543c47501c691"},"repo":"elasticsearch","owner":"elastic","name":"v1.4.0.Beta1"}
{"_id":{"$oid":"54ff8278bd3543c47501c692"},"repo":"elasticsearch","owner":"elastic","name":":Highlighting"}
{"_id":{"$oid":"54ff8279bd3543c47501c693"},"repo":"elasticsearch","owner":"elastic","name":"feedback_needed"}
{"_id":{"$oid":"54ff8279bd3543c47501c694"},"repo":"elasticsearch","owner":"elastic","name":"v1.2.3"}
{"_id":{"$oid":"54ff8279bd3543c47501c695"},"repo":"elasticsearch","owner":"elastic","name":"stalled"}
{"_id":{"$oid":"54ff8279bd3543c47501c696"},"repo":"elasticsearch","owner":"elastic","name":":Packaging"}
{"_id":{"$oid":"54ff8279bd3543c47501c697"},"repo":"elasticsearch","owner":"elastic","name":"v1.2.4"}
{"_id":{"$oid":"54ff8279bd3543c47501c698"},"repo":"elasticsearch","owner":"elastic","name":"v1.3.1"}
{"_id":{"$oid":"54ff8279bd3543c47501c699"},"repo":"elasticsearch","owner":"elastic","name":"v1.3.2"}
{"_id":{"$oid":"54ff8279bd3543c47501c69a"},"repo":"elasticsearch","owner":"elastic","name":"v1.2.5"}
{"_id":{"$oid":"54ff8279bd3543c47501c69b"},"repo":"elasticsearch","owner":"elastic","name":"v1.3.3"}
{"_id":{"$oid":"54ff8279bd3543c47501c69c"},"repo":"elasticsearch","owner":"elastic","name":"PITA"}
{"_id":{"$oid":"54ff8279bd3543c47501c69d"},"repo":"elasticsearch","owner":"elastic","name":"v1.5.0"}
{"_id":{"$oid":"54ff8279bd3543c47501c69e"},"repo":"elasticsearch","owner":"elastic","name":"WIP"}
{"_id":{"$oid":"54ff8279bd3543c47501c69f"},"repo":"elasticsearch","owner":"elastic","name":"v1.4.0"}
{"_id":{"$oid":"54ff8279bd3543c47501c6a0"},"repo":"elasticsearch","owner":"elastic","name":"v1.3.4"}
{"_id":{"$oid":"54ff827abd3543c47501c6a1"},"repo":"elasticsearch","owner":"elastic","name":"v1.3.5"}
{"_id":{"$oid":"54ff827abd3543c47501c6a2"},"repo":"elasticsearch","owner":"elastic","name":"Awaiting CLA"}
{"_id":{"$oid":"54ff827abd3543c47501c6a3"},"repo":"elasticsearch","owner":"elastic","name":":Geo"}
{"_id":{"$oid":"54ff827abd3543c47501c6a4"},"repo":"elasticsearch","owner":"elastic","name":":Aggs"}
{"_id":{"$oid":"54ff827abd3543c47501c6a5"},"repo":"elasticsearch","owner":"elastic","name":":Mapping"}
{"_id":{"$oid":"54ff827abd3543c47501c6a6"},"repo":"elasticsearch","owner":"elastic","name":":Analysis"}
{"_id":{"$oid":"54ff827abd3543c47501c6a7"},"repo":"elasticsearch","owner":"elastic","name":":Snapshot/Restore"}
{"_id":{"$oid":"54ff827abd3543c47501c6a8"},"repo":"elasticsearch","owner":"elastic","name":":Reducers"}
{"_id":{"$oid":"54ff827abd3543c47501c6a9"},"repo":"elasticsearch","owner":"elastic","name":":Settings"}
{"_id":{"$oid":"54ff827abd3543c47501c6aa"},"repo":"elasticsearch","owner":"elastic","name":"v1.4.1"}
{"_id":{"$oid":"54ff827abd3543c47501c6ab"},"repo":"elasticsearch","owner":"elastic","name":":Allocation"}
{"_id":{"$oid":"54ff827abd3543c47501c6ac"},"repo":"elasticsearch","owner":"elastic","name":":Core"}
{"_id":{"$oid":"54ff827abd3543c47501c6ad"},"repo":"elasticsearch","owner":"elastic","name":"v1.3.6"}
{"_id":{"$oid":"54ff827abd3543c47501c6ae"},"repo":"elasticsearch","owner":"elastic","name":":CRUD"}
{"_id":{"$oid":"54ff827bbd3543c47501c6af"},"repo":"elasticsearch","owner":"elastic","name":":Exceptions"}
{"_id":{"$oid":"54ff827bbd3543c47501c6b0"},"repo":"elasticsearch","owner":"elastic","name":":Search Templates"}
{"_id":{"$oid":"54ff827bbd3543c47501c6b1"},"repo":"elasticsearch","owner":"elastic","name":":Parent/Child"}
{"_id":{"$oid":"54ff827bbd3543c47501c6b2"},"repo":"elasticsearch","owner":"elastic","name":":Java API"}
{"_id":{"$oid":"54ff827bbd3543c47501c6b3"},"repo":"elasticsearch","owner":"elastic","name":":Query DSL"}
{"_id":{"$oid":"54ff827bbd3543c47501c6b4"},"repo":"elasticsearch","owner":"elastic","name":":Search"}
{"_id":{"$oid":"54ff827bbd3543c47501c6b5"},"repo":"elasticsearch","owner":"elastic","name":":Plugins"}
{"_id":{"$oid":"54ff827bbd3543c47501c6b6"},"repo":"elasticsearch","owner":"elastic","name":":Suggesters"}
{"_id":{"$oid":"54ff827bbd3543c47501c6b7"},"repo":"elasticsearch","owner":"elastic","name":":Scripting"}
{"_id":{"$oid":"54ff827bbd3543c47501c6b8"},"repo":"elasticsearch","owner":"elastic","name":":Stats"}
{"_id":{"$oid":"54ff827bbd3543c47501c6b9"},"repo":"elasticsearch","owner":"elastic","name":":Warmers"}
{"_id":{"$oid":"54ff827bbd3543c47501c6ba"},"repo":"elasticsearch","owner":"elastic","name":":Indexed Scripts/Templates"}
{"_id":{"$oid":"54ff827cbd3543c47501c6bb"},"repo":"elasticsearch","owner":"elastic","name":":Term Vectors"}
{"_id":{"$oid":"54ff827cbd3543c47501c6bc"},"repo":"elasticsearch","owner":"elastic","name":":Network"}
{"_id":{"$oid":"54ff827cbd3543c47501c6bd"},"repo":"elasticsearch","owner":"elastic","name":":Engine"}
{"_id":{"$oid":"54ff827cbd3543c47501c6be"},"repo":"elasticsearch","owner":"elastic","name":":Tribe Node"}
{"_id":{"$oid":"54ff827cbd3543c47501c6bf"},"repo":"elasticsearch","owner":"elastic","name":":Aliases"}
{"_id":{"$oid":"54ff827cbd3543c47501c6c0"},"repo":"elasticsearch","owner":"elastic","name":"jenkins"}
{"_id":{"$oid":"54ff827cbd3543c47501c6c1"},"repo":"elasticsearch","owner":"elastic","name":":Index Templates"}
{"_id":{"$oid":"54ff827cbd3543c47501c6c2"},"repo":"elasticsearch","owner":"elastic","name":":Store"}
{"_id":{"$oid":"54ff827cbd3543c47501c6c3"},"repo":"elasticsearch","owner":"elastic","name":":Logging"}
{"_id":{"$oid":"54ff827cbd3543c47501c6c4"},"repo":"elasticsearch","owner":"elastic","name":"v1.4.2"}
{"_id":{"$oid":"54ff827dbd3543c47501c6c5"},"repo":"elasticsearch","owner":"elastic","name":"v1.3.7"}
{"_id":{"$oid":"54ff827dbd3543c47501c6c6"},"repo":"elasticsearch","owner":"elastic","name":":Upgrade"}
{"_id":{"$oid":"54ff827dbd3543c47501c6c7"},"repo":"elasticsearch","owner":"elastic","name":":Bulk"}
{"_id":{"$oid":"54ff827dbd3543c47501c6c8"},"repo":"elasticsearch","owner":"elastic","name":":Cluster"}
{"_id":{"$oid":"54ff827dbd3543c47501c6c9"},"repo":"elasticsearch","owner":"elastic","name":":Recovery"}
{"_id":{"$oid":"54ff827dbd3543c47501c6ca"},"repo":"elasticsearch","owner":"elastic","name":":MLT"}
{"_id":{"$oid":"54ff827dbd3543c47501c6cb"},"repo":"elasticsearch","owner":"elastic","name":":Dates"}
{"_id":{"$oid":"54ff827dbd3543c47501c6cc"},"repo":"elasticsearch","owner":"elastic","name":":REST"}
{"_id":{"$oid":"54ff827dbd3543c47501c6cd"},"repo":"elasticsearch","owner":"elastic","name":":Percolator"}
{"_id":{"$oid":"54ff827dbd3543c47501c6ce"},"repo":"elasticsearch","owner":"elastic","name":"v1.4.3"}
{"_id":{"$oid":"54ff827dbd3543c47501c6cf"},"repo":"elasticsearch","owner":"elastic","name":"v1.3.8"}
{"_id":{"$oid":"54ff827dbd3543c47501c6d0"},"repo":"elasticsearch","owner":"elastic","name":"Meta"}
{"_id":{"$oid":"54ff827ebd3543c47501c6d1"},"repo":"elasticsearch","owner":"elastic","name":":Discovery"}
{"_id":{"$oid":"54ff827ebd3543c47501c6d2"},"repo":"elasticsearch","owner":"elastic","name":":Index APIs"}
{"_id":{"$oid":"54ff827ebd3543c47501c6d3"},"repo":"elasticsearch","owner":"elastic","name":":CAT API"}
{"_id":{"$oid":"54ff827fbd3543c47501c6d4"},"repo":"elasticsearch","owner":"elastic","name":":Circuit Breakers"}
{"_id":{"$oid":"54ff827fbd3543c47501c6d5"},"repo":"elasticsearch","owner":"elastic","name":"v1.4.4"}
{"_id":{"$oid":"5506e453bd3543e53f0013b5"},"repo":"elasticsearch","owner":"elastic","name":"v1.3.9"}
{"_id":{"$oid":"5506e453bd3543e53f0013b6"},"repo":"elasticsearch","owner":"elastic","name":":Nested Docs"}
{"_id":{"$oid":"5506e453bd3543e53f0013b7"},"repo":"elasticsearch","owner":"elastic","name":"won't fix"}
{"_id":{"$oid":"5506e453bd3543e53f0013b8"},"repo":"elasticsearch","owner":"elastic","name":"v1.4.5"}
{"_id":{"$oid":"550714a5bd3543d9350030e9"},"repo":"elasticsearch","owner":"elastic","name":"v1.3.10"}
{"_id":{"$oid":"550714a5bd3543d9350030ea"},"repo":"elasticsearch","owner":"elastic","name":":Inner Hits"}
{"_id":{"$oid":"550714a5bd3543d9350030eb"},"repo":"elasticsearch","owner":"elastic","name":"v1.6.0"}
{"_id":{"$oid":"550714a5bd3543d9350030ec"},"repo":"elasticsearch","owner":"elastic","name":":Translog"}
{"_id":{"$oid":"550714a5bd3543d9350030ed"},"repo":"elasticsearch","owner":"elastic","name":"v2.1.0"}
{"_id":{"$oid":"550714a5bd3543d9350030ee"},"repo":"elasticsearch","owner":"elastic","name":":Internal"}
{"_id":{"$oid":"550714a5bd3543d9350030ef"},"repo":"elasticsearch","owner":"elastic","name":":Expressions"}
{"_id":{"$oid":"550b29febd354349a7007ea5"},"repo":"elasticsearch","owner":"elastic","name":":Aggregations"}
{"_id":{"$oid":"550b29ffbd354349a7007ea6"},"repo":"elasticsearch","owner":"elastic","name":":More Like This"}
{"_id":{"$oid":"550b2a00bd354349a7007ea7"},"repo":"elasticsearch","owner":"elastic","name":":Benchmark"}
{"_id":{"$oid":"550b2a00bd354349a7007ea8"},"repo":"elasticsearch","owner":"elastic","name":"deprecation"}
{"_id":{"$oid":"5510f364bd3543344a016841"},"repo":"elasticsearch","owner":"elastic","name":":Upgrade API"}
{"_id":{"$oid":"5510f364bd3543344a016842"},"repo":"elasticsearch","owner":"elastic","name":"v1.5.1"}
{"_id":{"$oid":"55280436bd35437241027c8d"},"repo":"elasticsearch","owner":"elastic","name":":Query Refactoring"}
{"_id":{"$oid":"55280436bd35437241027c8e"},"repo":"elasticsearch","owner":"elastic","name":":Shadow Replicas"}
{"_id":{"$oid":"55280436bd35437241027c8f"},"repo":"elasticsearch","owner":"elastic","name":"v1.5.2"}
{"_id":{"$oid":"553cd54fbd35432470009b97"},"repo":"elasticsearch","owner":"elastic","name":":Top Hits"}
{"_id":{"$oid":"553cd54fbd35432470009b98"},"repo":"elasticsearch","owner":"elastic","name":"in progress"}
{"_id":{"$oid":"553cd54fbd35432470009b99"},"repo":"elasticsearch","owner":"elastic","name":"v1.5.3"}
{"_id":{"$oid":"5578107fbd3543262b006078"},"repo":"elasticsearch","owner":"elastic","name":"v1.6.1"}
{"_id":{"$oid":"55874597bd354344c40022c3"},"repo":"elasticsearch","owner":"elastic","name":":Cache"}
{"_id":{"$oid":"55874598bd354344c40022c4"},"repo":"elasticsearch","owner":"elastic","name":":Fielddata"}
{"_id":{"$oid":"55874598bd354344c40022c5"},"repo":"elasticsearch","owner":"elastic","name":":Plugin Cloud AWS"}
{"_id":{"$oid":"55874599bd354344c40022c6"},"repo":"elasticsearch","owner":"elastic","name":":Plugin Cloud Azure"}
{"_id":{"$oid":"5587459abd354344c40022c7"},"repo":"elasticsearch","owner":"elastic","name":":Plugin Cloud GCE"}
{"_id":{"$oid":"5587459bbd354344c40022c8"},"repo":"elasticsearch","owner":"elastic","name":":Plugin Analysis ICU"}
{"_id":{"$oid":"5587459cbd354344c40022c9"},"repo":"elasticsearch","owner":"elastic","name":":Plugin Analysis Stempel"}
{"_id":{"$oid":"5587459cbd354344c40022ca"},"repo":"elasticsearch","owner":"elastic","name":":Plugin Analysis Smartcn"}
{"_id":{"$oid":"5587459dbd354344c40022cb"},"repo":"elasticsearch","owner":"elastic","name":":Plugin Analysis Kuromoji"}
{"_id":{"$oid":"5587459dbd354344c40022cc"},"repo":"elasticsearch","owner":"elastic","name":":Plugin Analysis Phonetic"}
{"_id":{"$oid":"5587459ebd354344c40022cd"},"repo":"elasticsearch","owner":"elastic","name":":Plugin Lang JS"}
{"_id":{"$oid":"5587459ebd354344c40022ce"},"repo":"elasticsearch","owner":"elastic","name":":Plugin Lang Python"}
{"_id":{"$oid":"5587459fbd354344c40022cf"},"repo":"elasticsearch","owner":"elastic","name":":Plugin Transport Wares"}
{"_id":{"$oid":"5587459fbd354344c40022d0"},"repo":"elasticsearch","owner":"elastic","name":"v1.7.0"}
