{"_id":{"$oid":"532a9ce2bd3543872200ff00"},"repo":"echarts","owner":"ecomfe","name":"bug"}
{"_id":{"$oid":"532a9ce2bd3543872200ff01"},"repo":"echarts","owner":"ecomfe","name":"duplicate"}
{"_id":{"$oid":"532a9ce2bd3543872200ff02"},"repo":"echarts","owner":"ecomfe","name":"enhancement"}
{"_id":{"$oid":"532a9ce2bd3543872200ff03"},"repo":"echarts","owner":"ecomfe","name":"invalid"}
{"_id":{"$oid":"532a9ce2bd3543872200ff04"},"repo":"echarts","owner":"ecomfe","name":"question"}
{"_id":{"$oid":"532a9ce2bd3543872200ff05"},"repo":"echarts","owner":"ecomfe","name":"wontfix"}
{"_id":{"$oid":"532a9ce2bd3543872200ff06"},"repo":"echarts","owner":"ecomfe","name":"bar"}
{"_id":{"$oid":"532a9ce2bd3543872200ff07"},"repo":"echarts","owner":"ecomfe","name":"line"}
{"_id":{"$oid":"532a9ce2bd3543872200ff08"},"repo":"echarts","owner":"ecomfe","name":"toolbox"}
{"_id":{"$oid":"532a9ce2bd3543872200ff09"},"repo":"echarts","owner":"ecomfe","name":"scatter"}
{"_id":{"$oid":"532a9ce2bd3543872200ff0a"},"repo":"echarts","owner":"ecomfe","name":"k"}
{"_id":{"$oid":"532a9ce2bd3543872200ff0b"},"repo":"echarts","owner":"ecomfe","name":"pie"}
{"_id":{"$oid":"532a9ce2bd3543872200ff0c"},"repo":"echarts","owner":"ecomfe","name":"radar"}
{"_id":{"$oid":"532a9ce2bd3543872200ff0d"},"repo":"echarts","owner":"ecomfe","name":"map"}
{"_id":{"$oid":"532a9ce2bd3543872200ff0e"},"repo":"echarts","owner":"ecomfe","name":"legend"}
{"_id":{"$oid":"532a9ce2bd3543872200ff0f"},"repo":"echarts","owner":"ecomfe","name":"valueAxis"}
{"_id":{"$oid":"53514eaebd354384be021b2d"},"repo":"echarts","owner":"ecomfe","name":"force"}
{"_id":{"$oid":"53514eaebd354384be021b2e"},"repo":"echarts","owner":"ecomfe","name":"grid"}
{"_id":{"$oid":"53514eaebd354384be021b2f"},"repo":"echarts","owner":"ecomfe","name":"categoryAxis"}
{"_id":{"$oid":"53514eaebd354384be021b30"},"repo":"echarts","owner":"ecomfe","name":"new-feature"}
{"_id":{"$oid":"53562af1bd3543b526009af6"},"repo":"echarts","owner":"ecomfe","name":"tooltip"}
{"_id":{"$oid":"53cf536abd35432199004658"},"repo":"echarts","owner":"ecomfe","name":"dataZoom"}
{"_id":{"$oid":"5425e7f6bd3543678502bf28"},"repo":"echarts","owner":"ecomfe","name":"new-chart"}
{"_id":{"$oid":"5425e7f6bd3543678502bf29"},"repo":"echarts","owner":"ecomfe","name":"best practice"}
