{"_id":{"$oid":"550bdadfbd3543370d00a4b4"},"commit_id":"f08c29a408c3ceba288d79fafc916a980b745b61","created_at":"2015-03-20T08:31:23Z","updated_at":"2015-03-20T08:31:23Z","repo":"echarts","user":{"login":"pissang","id":841551},"owner":"ecomfe","id":26824636}
{"_id":{"$oid":"550bdba6bd3543405d00a93e"},"commit_id":"f08c29a408c3ceba288d79fafc916a980b745b61","created_at":"2015-03-20T08:34:41Z","updated_at":"2015-03-20T08:34:41Z","repo":"echarts","user":{"login":"pissang","id":841551},"owner":"ecomfe","id":26824766}
{"_id":{"$oid":"551115d9bd3543351c016868"},"commit_id":"f08c29a408c3ceba288d79fafc916a980b745b61","created_at":"2015-03-24T07:44:23Z","updated_at":"2015-03-24T07:44:23Z","repo":"echarts","user":{"login":"loutongbing","id":5877766},"owner":"ecomfe","id":27007788}
{"_id":{"$oid":"55111d13bd35434919016b68"},"commit_id":"6c02e6ec44c3c2a1549cb5fd385cee39c66ffda8","created_at":"2015-03-24T08:15:07Z","updated_at":"2015-03-24T08:15:07Z","repo":"echarts","user":{"login":"pissang","id":841551},"owner":"ecomfe","id":27008868}
{"_id":{"$oid":"5523fedebd35436ae501d780"},"commit_id":"badd38bc914e92ca61cc4a6da77b51eff0c020d8","created_at":"2015-04-07T15:59:18Z","updated_at":"2015-04-07T15:59:25Z","repo":"echarts","user":{"login":"pissang","id":841551},"owner":"ecomfe","id":27891841}
{"_id":{"$oid":"5523fedebd35436d2601c864"},"commit_id":"badd38bc914e92ca61cc4a6da77b51eff0c020d8","created_at":"2015-04-07T15:59:18Z","updated_at":"2015-04-07T15:59:25Z","repo":"echarts","user":{"login":"pissang","id":841551},"owner":"ecomfe","id":27891841}
{"_id":{"$oid":"5523ffddbd354372b601c9b9"},"commit_id":"badd38bc914e92ca61cc4a6da77b51eff0c020d8","created_at":"2015-04-07T16:03:33Z","updated_at":"2015-04-07T16:03:33Z","repo":"echarts","user":{"login":"pissang","id":841551},"owner":"ecomfe","id":27892271}
{"_id":{"$oid":"55240131bd354367a901c780"},"commit_id":"badd38bc914e92ca61cc4a6da77b51eff0c020d8","created_at":"2015-04-07T16:09:10Z","updated_at":"2015-04-07T16:09:10Z","repo":"echarts","user":{"login":"pissang","id":841551},"owner":"ecomfe","id":27892839}
{"_id":{"$oid":"55240140bd354369cf01c3b7"},"commit_id":"badd38bc914e92ca61cc4a6da77b51eff0c020d8","created_at":"2015-04-07T16:09:18Z","updated_at":"2015-04-07T16:09:18Z","repo":"echarts","user":{"login":"pissang","id":841551},"owner":"ecomfe","id":27892856}
{"_id":{"$oid":"55240498bd35436d5001a9e3"},"commit_id":"badd38bc914e92ca61cc4a6da77b51eff0c020d8","created_at":"2015-04-07T16:23:47Z","updated_at":"2015-04-07T16:23:47Z","repo":"echarts","user":{"login":"pissang","id":841551},"owner":"ecomfe","id":27894180}
{"_id":{"$oid":"552409eabd35437a4b018eb9"},"commit_id":"badd38bc914e92ca61cc4a6da77b51eff0c020d8","created_at":"2015-04-07T16:46:31Z","updated_at":"2015-04-07T16:46:31Z","repo":"echarts","user":{"login":"pissang","id":841551},"owner":"ecomfe","id":27896230}
{"_id":{"$oid":"55249d95bd354371df01f6d5"},"commit_id":"badd38bc914e92ca61cc4a6da77b51eff0c020d8","created_at":"2015-04-08T03:16:35Z","updated_at":"2015-04-08T03:16:35Z","repo":"echarts","user":{"login":"loutongbing","id":5877766},"owner":"ecomfe","id":27939968}
{"_id":{"$oid":"55249e0dbd354363d001f171"},"commit_id":"badd38bc914e92ca61cc4a6da77b51eff0c020d8","created_at":"2015-04-08T03:18:32Z","updated_at":"2015-04-08T03:18:32Z","repo":"echarts","user":{"login":"loutongbing","id":5877766},"owner":"ecomfe","id":27940019}
{"_id":{"$oid":"55249e1abd354371fd01de8e"},"commit_id":"badd38bc914e92ca61cc4a6da77b51eff0c020d8","created_at":"2015-04-08T03:18:45Z","updated_at":"2015-04-08T03:18:45Z","repo":"echarts","user":{"login":"loutongbing","id":5877766},"owner":"ecomfe","id":27940026}
{"_id":{"$oid":"55249e20bd3543696f01e1f4"},"commit_id":"badd38bc914e92ca61cc4a6da77b51eff0c020d8","created_at":"2015-04-08T03:18:52Z","updated_at":"2015-04-08T03:18:52Z","repo":"echarts","user":{"login":"loutongbing","id":5877766},"owner":"ecomfe","id":27940031}
{"_id":{"$oid":"55263151bd3543735c021d27"},"commit_id":"9dad78289c17b5437d084599d80ac29a3ace75b7","created_at":"2015-04-09T07:59:10Z","updated_at":"2015-04-09T07:59:10Z","repo":"echarts","user":{"login":"pissang","id":841551},"owner":"ecomfe","id":28041705}
{"_id":{"$oid":"552631efbd35436ae5023d0e"},"commit_id":"9dad78289c17b5437d084599d80ac29a3ace75b7","created_at":"2015-04-09T08:01:47Z","updated_at":"2015-04-09T08:01:47Z","repo":"echarts","user":{"login":"pissang","id":841551},"owner":"ecomfe","id":28041850}
{"_id":{"$oid":"5526326ebd35437dcd022a74"},"commit_id":"9dad78289c17b5437d084599d80ac29a3ace75b7","created_at":"2015-04-09T08:03:38Z","updated_at":"2015-04-09T08:03:38Z","repo":"echarts","user":{"login":"pissang","id":841551},"owner":"ecomfe","id":28041934}
