{"_id":{"$oid":"51bd881dbd35437c3400b0fa"},"repo":"normalize.css","owner":"necolas","name":"bug"}
{"_id":{"$oid":"51bd881ebd35437c3400b0fb"},"repo":"normalize.css","owner":"necolas","name":"request"}
{"_id":{"$oid":"51bd881ebd35437c3400b0fc"},"repo":"normalize.css","owner":"necolas","name":"awaiting feedback"}
{"_id":{"$oid":"51bd881ebd35437c3400b0fd"},"repo":"normalize.css","owner":"necolas","name":"fix"}
{"_id":{"$oid":"51bd881ebd35437c3400b0fe"},"repo":"normalize.css","owner":"necolas","name":"low-priority"}
{"_id":{"$oid":"51bd881ebd35437c3400b0ff"},"repo":"normalize.css","owner":"necolas","name":"wont fix"}
