{"_id":{"$oid":"51d5b1dabd35439d73000001"},"commit_id":"465769bdbd1b530fe277243fb50a9a0c738f2653","created_at":"2012-09-22T09:38:47Z","updated_at":"2012-09-22T09:49:26Z","repo":"normalize.css","user":{"login":"TMMC","id":300390},"owner":"necolas","id":1667520}
{"_id":{"$oid":"52d19b06bd3543bcd102d6bb"},"commit_id":"fbae785ebba0320df9f3308e229fd7937b29e2d8","created_at":"2014-01-11T19:26:54Z","updated_at":"2014-01-11T19:26:54Z","repo":"normalize.css","user":{"login":"necolas","id":239676},"owner":"necolas","id":8811337}
{"_id":{"$oid":"53105cd6bd35437933010449"},"commit_id":"28ca44db72255c045f149b6ea5f4008cfe9c76e5","created_at":"2014-02-28T09:54:18Z","updated_at":"2014-02-28T09:54:18Z","repo":"normalize.css","user":{"login":"huarse","id":3724927},"owner":"necolas","id":10159132}
{"_id":{"$oid":"53d2c2d5bd35432eb2001050"},"commit_id":"89b391171d3fcdc4f322cf92383550b6ca2e4e9c","created_at":"2014-07-25T07:25:00Z","updated_at":"2014-07-25T07:25:00Z","repo":"normalize.css","user":{"login":"Yeswanth-JG","id":5590842},"owner":"necolas","id":15388850}
{"_id":{"$oid":"5466d566bd3543c13b005a24"},"commit_id":"0c531bf47e81d3c45f0eef258f29456b9ccb1f1d","created_at":"2014-11-15T04:24:02Z","updated_at":"2014-11-15T04:24:02Z","repo":"normalize.css","user":{"login":"thezoggy","id":500882},"owner":"necolas","id":20399936}
{"_id":{"$oid":"548746bdbd354361dd001537"},"commit_id":"0c531bf47e81d3c45f0eef258f29456b9ccb1f1d","created_at":"2014-11-15T04:24:02Z","updated_at":"2014-11-15T04:24:02Z","repo":"normalize.css","user":{"login":"thezoggy","id":500882},"owner":"necolas","id":20399936}
{"_id":{"$oid":"5466d747bd3543c124005b74"},"commit_id":"0c531bf47e81d3c45f0eef258f29456b9ccb1f1d","created_at":"2014-11-15T04:32:00Z","updated_at":"2014-11-15T04:32:00Z","repo":"normalize.css","user":{"login":"thezoggy","id":500882},"owner":"necolas","id":20399994}
{"_id":{"$oid":"548746c7bd3543615c00169a"},"commit_id":"0c531bf47e81d3c45f0eef258f29456b9ccb1f1d","created_at":"2014-11-15T04:32:00Z","updated_at":"2014-11-15T04:32:00Z","repo":"normalize.css","user":{"login":"thezoggy","id":500882},"owner":"necolas","id":20399994}
{"_id":{"$oid":"55579b47bd3543fd65011f97"},"commit_id":"ec7c371af518dbf5b2732f0ac88ba1ee685d6082","created_at":"2015-05-16T19:32:17Z","updated_at":"2015-05-16T19:32:17Z","repo":"normalize.css","user":{"login":"necolas","id":239676},"owner":"necolas","id":30463826}
{"_id":{"$oid":"5557c420bd35430e910123c2"},"commit_id":"7d21bb43de1916f6e78945dcdb432e2cbd7812d5","created_at":"2015-05-16T22:26:32Z","updated_at":"2015-05-16T22:26:32Z","repo":"normalize.css","user":{"login":"ykzts","id":12539},"owner":"necolas","id":30465363}
