{"_id":{"$oid":"51c0b241bd354308430000a6"},"repo":"laravel","owner":"laravel","name":"Test - Queue"}
{"_id":{"$oid":"51c0b242bd354308430000a7"},"repo":"laravel","owner":"laravel","name":"Tested - Working"}
{"_id":{"$oid":"51c0b242bd354308430000a8"},"repo":"laravel","owner":"laravel","name":"Tested - Broken"}
{"_id":{"$oid":"51c0b242bd354308430000a9"},"repo":"laravel","owner":"laravel","name":"Feature - Pending"}
{"_id":{"$oid":"51c0b243bd354308430000aa"},"repo":"laravel","owner":"laravel","name":"Feature - Confirmed"}
{"_id":{"$oid":"51c0b243bd354308430000ab"},"repo":"laravel","owner":"laravel","name":"Bug"}
{"_id":{"$oid":"51c0b243bd354308430000ac"},"repo":"laravel","owner":"laravel","name":"Support"}
