{"_id":{"$oid":"511a3d97bd35433cac0003f0"},"commit_id":"e7559b366649445f6da745fbfdaa8d57687c913b","created_at":"2012-08-15T12:08:59Z","updated_at":"2012-08-15T12:08:59Z","repo":"laravel","issue_id":1097,"user":{"login":"crynobone","id":172966},"owner":"laravel","id":1381781}
{"_id":{"$oid":"511a3d97bd35433cac0003f1"},"commit_id":"e7559b366649445f6da745fbfdaa8d57687c913b","created_at":"2012-08-15T12:09:31Z","updated_at":"2012-08-15T12:09:31Z","repo":"laravel","issue_id":1097,"user":{"login":"crynobone","id":172966},"owner":"laravel","id":1381782}
{"_id":{"$oid":"511a3d97bd35433cac0003f2"},"commit_id":"e7559b366649445f6da745fbfdaa8d57687c913b","created_at":"2012-08-15T15:55:14Z","updated_at":"2012-08-15T15:55:14Z","repo":"laravel","issue_id":1097,"user":{"login":"Th3-Night","id":905332},"owner":"laravel","id":1383694}
{"_id":{"$oid":"511a274dbd35433cac0003d2"},"commit_id":"1a6b7e3d733b984082754d39f94f09199a28d860","created_at":"2012-10-24T18:35:12Z","updated_at":"2012-10-24T18:35:12Z","repo":"laravel","issue_id":1384,"user":{"login":"Jakobud","id":87356},"owner":"laravel","id":1932242}
{"_id":{"$oid":"511a274dbd35433cac0003d3"},"commit_id":"1a6b7e3d733b984082754d39f94f09199a28d860","created_at":"2012-10-24T18:39:42Z","updated_at":"2012-10-24T18:39:42Z","repo":"laravel","issue_id":1384,"user":{"login":"machuga","id":182000},"owner":"laravel","id":1932290}
{"_id":{"$oid":"51d5f47cbd35433fa3000001"},"commit_id":"d17e2228498b3b5c8f334d945ec7096295ea8566","created_at":"2011-11-28T05:20:28Z","updated_at":"2011-12-05T17:26:53Z","repo":"laravel","user":{"login":"crynobone","id":172966},"owner":"laravel","id":253680}
{"_id":{"$oid":"51d5f47cbd35433fa3000002"},"commit_id":"d17e2228498b3b5c8f334d945ec7096295ea8566","created_at":"2011-11-28T05:21:00Z","updated_at":"2011-12-05T17:26:53Z","repo":"laravel","user":{"login":"crynobone","id":172966},"owner":"laravel","id":253681}
{"_id":{"$oid":"51d5f47cbd35433fa3000003"},"commit_id":"d17e2228498b3b5c8f334d945ec7096295ea8566","created_at":"2011-11-28T09:48:13Z","updated_at":"2011-12-05T17:26:53Z","repo":"laravel","user":{"login":"sparksp","id":243893},"owner":"laravel","id":253857}
{"_id":{"$oid":"51d66c60bd35436dfa000001"},"commit_id":"abb1244f12c454890d1c0decbb26c32cc6ddac45","created_at":"2011-12-27T20:15:00Z","updated_at":"2011-12-27T23:47:11Z","repo":"laravel","user":{"login":"ericbarnes","id":116662},"owner":"laravel","id":316103}
{"_id":{"$oid":"51d66c60bd35436dfa000002"},"commit_id":"abb1244f12c454890d1c0decbb26c32cc6ddac45","created_at":"2011-12-28T10:57:29Z","updated_at":"2011-12-28T10:57:29Z","repo":"laravel","user":{"login":"sparksp","id":243893},"owner":"laravel","id":316776}
{"_id":{"$oid":"51daf782bd35432bdb000001"},"commit_id":"4030c51220a4e63da99d026cad464cd366cc15d8","created_at":"2012-03-27T17:51:31Z","updated_at":"2012-03-28T12:38:39Z","repo":"laravel","user":{"login":"anaxamaxan","id":439457},"owner":"laravel","id":610503}
{"_id":{"$oid":"51daf782bd35432bdb000002"},"commit_id":"4030c51220a4e63da99d026cad464cd366cc15d8","created_at":"2012-03-27T21:09:42Z","updated_at":"2012-03-28T12:38:39Z","repo":"laravel","user":{"login":"ShawnMcCool","id":560749},"owner":"laravel","id":611872}
{"_id":{"$oid":"51da2bb6bd3543d0e1000001"},"commit_id":"7f0d709b3bcfa48019059708d7530166bff6646b","created_at":"2012-07-15T18:02:47Z","updated_at":"2012-07-15T18:02:47Z","repo":"laravel","user":{"login":"wildlyinaccurate","id":794263},"owner":"laravel","id":1165582}
{"_id":{"$oid":"51da2bb6bd3543d0e1000002"},"commit_id":"7f0d709b3bcfa48019059708d7530166bff6646b","created_at":"2012-07-15T18:09:13Z","updated_at":"2012-07-15T18:09:13Z","repo":"laravel","user":{"login":"franzliedke","id":249125},"owner":"laravel","id":1165594}
{"_id":{"$oid":"51dc515abd3543b715000001"},"commit_id":"1306e1352b1cd693de7b7a4f2aa03345ce154799","created_at":"2012-06-04T11:52:51Z","updated_at":"2012-08-06T23:23:09Z","repo":"laravel","user":{"login":"jasonlewis","id":829059},"owner":"laravel","id":921720}
{"_id":{"$oid":"51dc515abd3543b715000002"},"commit_id":"1306e1352b1cd693de7b7a4f2aa03345ce154799","created_at":"2012-06-04T17:28:56Z","updated_at":"2012-08-06T23:23:09Z","repo":"laravel","user":{"login":"franzliedke","id":249125},"owner":"laravel","id":923420}
{"_id":{"$oid":"51dc515abd3543b715000003"},"commit_id":"1306e1352b1cd693de7b7a4f2aa03345ce154799","created_at":"2012-06-04T17:29:16Z","updated_at":"2012-08-06T23:23:09Z","repo":"laravel","user":{"login":"franzliedke","id":249125},"owner":"laravel","id":923422}
{"_id":{"$oid":"51d7d0cfbd354312d3000001"},"commit_id":"d6092e5eea465cafbc92cb5ee1ea89257595ae2a","created_at":"2012-06-04T10:57:45Z","updated_at":"2012-06-04T11:20:28Z","repo":"laravel","user":{"login":"jasonlewis","id":829059},"owner":"laravel","id":921552}
{"_id":{"$oid":"51dc5139bd3543af40000002"},"commit_id":"d6092e5eea465cafbc92cb5ee1ea89257595ae2a","created_at":"2012-06-04T11:01:09Z","updated_at":"2012-06-04T11:20:28Z","repo":"laravel","user":{"login":"jasonlewis","id":829059},"owner":"laravel","id":921558}
{"_id":{"$oid":"51dc5139bd3543af40000003"},"commit_id":"d6092e5eea465cafbc92cb5ee1ea89257595ae2a","created_at":"2012-06-04T11:08:25Z","updated_at":"2012-06-04T11:20:28Z","repo":"laravel","user":{"login":"franzliedke","id":249125},"owner":"laravel","id":921572}
{"_id":{"$oid":"51dc5145bd3543b2e1000001"},"commit_id":"856b793ab84235f76b3aa314de2bcf0a1b2e742c","created_at":"2012-08-11T10:22:10Z","updated_at":"2012-08-11T13:12:14Z","repo":"laravel","user":{"login":"crynobone","id":172966},"owner":"laravel","id":1357167}
{"_id":{"$oid":"51dc5145bd3543b2e1000002"},"commit_id":"856b793ab84235f76b3aa314de2bcf0a1b2e742c","created_at":"2012-08-11T10:47:36Z","updated_at":"2012-08-11T10:47:36Z","repo":"laravel","user":{"login":"franzliedke","id":249125},"owner":"laravel","id":1357206}
{"_id":{"$oid":"51d95fd2bd35433b93000001"},"commit_id":"3ec3bc0052283297dfd724561c13ea4584abc5ea","created_at":"2012-06-21T12:14:57Z","updated_at":"2012-06-21T12:39:07Z","repo":"laravel","user":{"login":"nicholasruunu","id":483658},"owner":"laravel","id":1025552}
{"_id":{"$oid":"51d95fd2bd35433b93000002"},"commit_id":"3ec3bc0052283297dfd724561c13ea4584abc5ea","created_at":"2012-06-21T12:19:43Z","updated_at":"2012-06-21T12:39:07Z","repo":"laravel","user":{"login":"CoolGoose","id":51180},"owner":"laravel","id":1025573}
{"_id":{"$oid":"51d95fd2bd35433b93000003"},"commit_id":"3ec3bc0052283297dfd724561c13ea4584abc5ea","created_at":"2012-06-21T12:41:07Z","updated_at":"2012-06-21T12:41:07Z","repo":"laravel","user":{"login":"AlexCogn","id":1290188},"owner":"laravel","id":1025659}
{"_id":{"$oid":"51dac7e3bd35438d1a000001"},"commit_id":"5e2373817d882e9873f3ba21da56c117f890599d","created_at":"2012-06-26T08:47:09Z","updated_at":"2012-06-26T08:47:09Z","repo":"laravel","user":{"login":"crynobone","id":172966},"owner":"laravel","id":1049285}
{"_id":{"$oid":"51dac7e3bd35438d1a000002"},"commit_id":"5e2373817d882e9873f3ba21da56c117f890599d","created_at":"2012-06-26T10:58:03Z","updated_at":"2012-06-26T10:58:03Z","repo":"laravel","user":{"login":"franzliedke","id":249125},"owner":"laravel","id":1049900}
{"_id":{"$oid":"51dac7e4bd35438d1a000003"},"commit_id":"5e2373817d882e9873f3ba21da56c117f890599d","created_at":"2012-06-26T11:09:30Z","updated_at":"2012-06-26T11:09:30Z","repo":"laravel","user":{"login":"crynobone","id":172966},"owner":"laravel","id":1049942}
{"_id":{"$oid":"51da3fc7bd3543e6f7000001"},"commit_id":"cb9382254d83eecaf2df1e37ba5dbb0f8995a28e","created_at":"2012-07-03T14:49:25Z","updated_at":"2012-07-03T19:33:03Z","repo":"laravel","user":{"login":"crynobone","id":172966},"owner":"laravel","id":1092796}
{"_id":{"$oid":"51da3fc7bd3543e6f7000002"},"commit_id":"cb9382254d83eecaf2df1e37ba5dbb0f8995a28e","created_at":"2012-07-03T19:34:59Z","updated_at":"2012-07-03T19:34:59Z","repo":"laravel","user":{"login":"wildlyinaccurate","id":794263},"owner":"laravel","id":1095692}
{"_id":{"$oid":"51db05efbd35430155000001"},"commit_id":"c659a926034da8e724e2766b90aef48c8fbb3018","created_at":"2012-07-10T11:30:12Z","updated_at":"2012-07-10T15:04:04Z","repo":"laravel","user":{"login":"wildlyinaccurate","id":794263},"owner":"laravel","id":1130350}
{"_id":{"$oid":"51d8c39fbd35430d32000001"},"commit_id":"1c92b907d5f87198edd5f28152127d9d70c29a0a","created_at":"2012-07-10T21:44:12Z","updated_at":"2012-07-24T18:42:51Z","repo":"laravel","user":{"login":"franzliedke","id":249125},"owner":"laravel","id":1135961}
{"_id":{"$oid":"51d8c39fbd35430d32000002"},"commit_id":"1c92b907d5f87198edd5f28152127d9d70c29a0a","created_at":"2012-07-11T09:59:06Z","updated_at":"2012-07-24T18:42:51Z","repo":"laravel","user":{"login":"tobsn","id":109529},"owner":"laravel","id":1139296}
{"_id":{"$oid":"51d8c39fbd35430d32000003"},"commit_id":"1c92b907d5f87198edd5f28152127d9d70c29a0a","created_at":"2012-07-11T10:14:46Z","updated_at":"2012-07-24T18:42:51Z","repo":"laravel","user":{"login":"sparksp","id":243893},"owner":"laravel","id":1139372}
{"_id":{"$oid":"51d8c39fbd35430d32000004"},"commit_id":"1c92b907d5f87198edd5f28152127d9d70c29a0a","created_at":"2012-07-11T10:28:18Z","updated_at":"2012-07-24T18:42:51Z","repo":"laravel","user":{"login":"tobsn","id":109529},"owner":"laravel","id":1139426}
{"_id":{"$oid":"51dbe779bd354360bd000001"},"commit_id":"612f18d752b3975e307f1dce20f925387e40e5ed","created_at":"2012-07-16T20:15:57Z","updated_at":"2012-07-16T20:24:21Z","repo":"laravel","user":{"login":"franzliedke","id":249125},"owner":"laravel","id":1172873}
{"_id":{"$oid":"51dbe779bd354360bd000002"},"commit_id":"612f18d752b3975e307f1dce20f925387e40e5ed","created_at":"2012-07-16T20:19:47Z","updated_at":"2012-07-16T20:24:21Z","repo":"laravel","user":{"login":"klaas4","id":1313715},"owner":"laravel","id":1172894}
{"_id":{"$oid":"51dbff39bd35436465000001"},"commit_id":"804dd32bb9bcf8beca2f021690289494743a6d68","created_at":"2012-07-19T14:37:32Z","updated_at":"2012-07-19T14:37:32Z","repo":"laravel","user":{"login":"crynobone","id":172966},"owner":"laravel","id":1197386}
{"_id":{"$oid":"51d8ac6abd3543d0b2000002"},"commit_id":"804dd32bb9bcf8beca2f021690289494743a6d68","created_at":"2012-07-19T14:48:42Z","updated_at":"2012-07-19T14:48:42Z","repo":"laravel","user":{"login":"Jakobud","id":87356},"owner":"laravel","id":1197547}
{"_id":{"$oid":"51dc056bbd3543dafd000001"},"commit_id":"61364c553ddbd1e809a39c20c14bca20e019d4ef","created_at":"2012-07-17T21:49:44Z","updated_at":"2012-07-17T21:49:44Z","repo":"laravel","user":{"login":"franzliedke","id":249125},"owner":"laravel","id":1183468}
{"_id":{"$oid":"51dc5205bd3543f499000001"},"commit_id":"54f4cb2644e0ffe59d3fe936220282940dc31087","created_at":"2012-09-14T14:23:58Z","updated_at":"2012-09-14T14:23:58Z","repo":"laravel","user":{"login":"JANorman","id":180341},"owner":"laravel","id":1608000}
{"_id":{"$oid":"51dc7af0bd35430d22000001"},"commit_id":"c8260ccd42c07a281aedb4076ef5e110f453a65a","created_at":"2012-08-04T10:47:17Z","updated_at":"2012-08-04T10:47:17Z","repo":"laravel","user":{"login":"crynobone","id":172966},"owner":"laravel","id":1307220}
{"_id":{"$oid":"51dc7af1bd35430d22000002"},"commit_id":"c8260ccd42c07a281aedb4076ef5e110f453a65a","created_at":"2012-08-04T13:45:42Z","updated_at":"2012-08-04T14:12:50Z","repo":"laravel","user":{"login":"resmo","id":23809},"owner":"laravel","id":1307312}
{"_id":{"$oid":"51dc836fbd3543972d000001"},"commit_id":"0ea30993d4c11ee80d48a5bfc48685bc7ed82ea3","created_at":"2012-07-26T12:32:41Z","updated_at":"2012-07-26T12:32:41Z","repo":"laravel","user":{"login":"jasonlewis","id":829059},"owner":"laravel","id":1243400}
{"_id":{"$oid":"51d90760bd35437d79000002"},"commit_id":"0ea30993d4c11ee80d48a5bfc48685bc7ed82ea3","created_at":"2012-07-26T12:57:41Z","updated_at":"2012-07-26T12:57:41Z","repo":"laravel","user":{"login":"dprvig","id":308552},"owner":"laravel","id":1243555}
{"_id":{"$oid":"51d90760bd35437d79000003"},"commit_id":"0ea30993d4c11ee80d48a5bfc48685bc7ed82ea3","created_at":"2012-07-26T13:31:46Z","updated_at":"2012-07-26T13:31:46Z","repo":"laravel","user":{"login":"crynobone","id":172966},"owner":"laravel","id":1243764}
{"_id":{"$oid":"51d90760bd35437d79000004"},"commit_id":"0ea30993d4c11ee80d48a5bfc48685bc7ed82ea3","created_at":"2012-07-26T13:33:16Z","updated_at":"2012-07-26T13:33:16Z","repo":"laravel","user":{"login":"dprvig","id":308552},"owner":"laravel","id":1243777}
{"_id":{"$oid":"51dcaa52bd35433566000001"},"commit_id":"289c02ab47737d263df9d13fc1db317188dac115","created_at":"2012-07-24T14:43:40Z","updated_at":"2012-07-24T14:43:40Z","repo":"laravel","user":{"login":"Jakobud","id":87356},"owner":"laravel","id":1225583}
{"_id":{"$oid":"51d90775bd354387a3000002"},"commit_id":"289c02ab47737d263df9d13fc1db317188dac115","created_at":"2012-07-27T11:00:45Z","updated_at":"2012-07-27T11:00:45Z","repo":"laravel","user":{"login":"daylerees","id":207870},"owner":"laravel","id":1251701}
{"_id":{"$oid":"51db7f8ebd3543cb07000001"},"commit_id":"03d1bb29b5bb9f012f668a88c4f74c1c4797ed44","created_at":"2012-09-24T11:47:18Z","updated_at":"2012-09-24T11:47:18Z","repo":"laravel","user":{"login":"franzliedke","id":249125},"owner":"laravel","id":1672213}
{"_id":{"$oid":"51db7f8ebd3543cb07000002"},"commit_id":"03d1bb29b5bb9f012f668a88c4f74c1c4797ed44","created_at":"2012-09-24T14:10:36Z","updated_at":"2012-09-24T14:10:36Z","repo":"laravel","user":{"login":"markhuot","id":48975},"owner":"laravel","id":1673273}
{"_id":{"$oid":"51daa006bd35436885000001"},"commit_id":"2d0cc5819cba5bf8763afccb6a57a2781fe5f830","created_at":"2012-08-06T17:47:02Z","updated_at":"2012-08-06T17:47:02Z","repo":"laravel","user":{"login":"wildlyinaccurate","id":794263},"owner":"laravel","id":1313882}
{"_id":{"$oid":"51daa006bd35436885000002"},"commit_id":"2d0cc5819cba5bf8763afccb6a57a2781fe5f830","created_at":"2012-08-06T20:17:41Z","updated_at":"2012-08-06T20:17:41Z","repo":"laravel","user":{"login":"franzliedke","id":249125},"owner":"laravel","id":1315360}
{"_id":{"$oid":"51d47a32bd3543dc96000001"},"commit_id":"714261b0528eebab802f5984298825a11f6b0536","created_at":"2012-08-08T08:44:32Z","updated_at":"2012-08-08T08:44:32Z","repo":"laravel","user":{"login":"crynobone","id":172966},"owner":"laravel","id":1330232}
{"_id":{"$oid":"51d47a32bd3543dc96000002"},"commit_id":"714261b0528eebab802f5984298825a11f6b0536","created_at":"2012-08-08T14:06:48Z","updated_at":"2012-08-08T14:06:48Z","repo":"laravel","user":{"login":"franzliedke","id":249125},"owner":"laravel","id":1332314}
{"_id":{"$oid":"51d47a32bd3543dc96000003"},"commit_id":"714261b0528eebab802f5984298825a11f6b0536","created_at":"2012-08-08T14:12:38Z","updated_at":"2012-08-08T14:12:38Z","repo":"laravel","user":{"login":"crynobone","id":172966},"owner":"laravel","id":1332391}
{"_id":{"$oid":"51d47a32bd3543dc96000004"},"commit_id":"714261b0528eebab802f5984298825a11f6b0536","created_at":"2012-08-08T14:12:58Z","updated_at":"2012-08-08T14:12:58Z","repo":"laravel","user":{"login":"crynobone","id":172966},"owner":"laravel","id":1332396}
{"_id":{"$oid":"51d47a32bd3543dc96000005"},"commit_id":"714261b0528eebab802f5984298825a11f6b0536","created_at":"2012-08-08T14:24:11Z","updated_at":"2012-08-08T14:24:11Z","repo":"laravel","user":{"login":"franzliedke","id":249125},"owner":"laravel","id":1332524}
{"_id":{"$oid":"511a419dbd35433cac0004a3"},"commit_id":"d31f89d42f716b08b3fd3369d7b5d53aefcaca2d","created_at":"2012-08-10T03:20:22Z","updated_at":"2012-08-10T03:20:22Z","repo":"laravel","user":{"login":"crynobone","id":172966},"owner":"laravel","id":1349089}
{"_id":{"$oid":"511a419dbd35433cac0004a4"},"commit_id":"d31f89d42f716b08b3fd3369d7b5d53aefcaca2d","created_at":"2012-08-10T03:23:25Z","updated_at":"2012-08-10T03:23:25Z","repo":"laravel","user":{"login":"joecwallace","id":925701},"owner":"laravel","id":1349100}
{"_id":{"$oid":"51dc6b26bd35438a12000001"},"commit_id":"b0527523239a9662d54d51ca68c50e3caf0f1e9c","created_at":"2012-09-03T17:25:28Z","updated_at":"2012-09-03T17:25:28Z","repo":"laravel","user":{"login":"CreativityKills","id":807318},"owner":"laravel","id":1517909}
{"_id":{"$oid":"51dc7240bd35435efa000001"},"commit_id":"2773e317eaa178114ddf9f9ac72000533d79237c","created_at":"2012-09-03T21:13:24Z","updated_at":"2012-09-03T21:24:24Z","repo":"laravel","user":{"login":"franzliedke","id":249125},"owner":"laravel","id":1518520}
{"_id":{"$oid":"51dc71efbd354343f1000002"},"commit_id":"2773e317eaa178114ddf9f9ac72000533d79237c","created_at":"2012-09-03T21:22:59Z","updated_at":"2012-09-03T21:24:24Z","repo":"laravel","user":{"login":"kapv89","id":1023032},"owner":"laravel","id":1518569}
{"_id":{"$oid":"51dc88c5bd3543220a000001"},"commit_id":"f02e7dc4ca0c9f3dd16c8dc49324854090d8d443","created_at":"2012-09-05T08:45:07Z","updated_at":"2012-09-10T12:17:26Z","repo":"laravel","user":{"login":"crynobone","id":172966},"owner":"laravel","id":1531323}
{"_id":{"$oid":"511a4122bd35433cac00049b"},"commit_id":"8ae014b641cffdc56bb3299889d91a23a3065116","created_at":"2012-09-23T16:04:59Z","updated_at":"2012-09-23T16:04:59Z","repo":"laravel","user":{"login":"crynobone","id":172966},"owner":"laravel","id":1669075}
{"_id":{"$oid":"511a4122bd35433cac00049c"},"commit_id":"8ae014b641cffdc56bb3299889d91a23a3065116","created_at":"2012-09-24T06:21:53Z","updated_at":"2012-09-24T06:21:53Z","repo":"laravel","user":{"login":"salahaa1","id":1846384},"owner":"laravel","id":1670509}
{"_id":{"$oid":"511a4122bd35433cac00049d"},"commit_id":"8ae014b641cffdc56bb3299889d91a23a3065116","created_at":"2012-09-24T10:48:31Z","updated_at":"2012-09-24T10:48:31Z","repo":"laravel","user":{"login":"salahaa1","id":1846384},"owner":"laravel","id":1671871}
{"_id":{"$oid":"51d3f454bd35433b53000001"},"commit_id":"7b8c9c73062925bf46be0d6877b265f11a83adc7","created_at":"2012-09-24T11:03:32Z","updated_at":"2012-09-24T12:43:42Z","repo":"laravel","user":{"login":"franzliedke","id":249125},"owner":"laravel","id":1671958}
{"_id":{"$oid":"51d3f454bd35433b53000002"},"commit_id":"7b8c9c73062925bf46be0d6877b265f11a83adc7","created_at":"2012-09-24T11:12:58Z","updated_at":"2012-09-24T12:43:42Z","repo":"laravel","user":{"login":"crynobone","id":172966},"owner":"laravel","id":1672007}
{"_id":{"$oid":"51d3f454bd35433b53000003"},"commit_id":"7b8c9c73062925bf46be0d6877b265f11a83adc7","created_at":"2012-09-24T11:58:31Z","updated_at":"2012-09-24T12:43:42Z","repo":"laravel","user":{"login":"franzliedke","id":249125},"owner":"laravel","id":1672265}
{"_id":{"$oid":"51d3f454bd35433b53000004"},"commit_id":"7b8c9c73062925bf46be0d6877b265f11a83adc7","created_at":"2012-09-24T12:25:36Z","updated_at":"2012-09-24T12:43:42Z","repo":"laravel","user":{"login":"salahaa1","id":1846384},"owner":"laravel","id":1672435}
{"_id":{"$oid":"51d3f454bd35433b53000005"},"commit_id":"7b8c9c73062925bf46be0d6877b265f11a83adc7","created_at":"2012-09-24T12:27:17Z","updated_at":"2012-09-24T12:43:42Z","repo":"laravel","user":{"login":"franzliedke","id":249125},"owner":"laravel","id":1672451}
{"_id":{"$oid":"51d3f454bd35433b53000006"},"commit_id":"7b8c9c73062925bf46be0d6877b265f11a83adc7","created_at":"2012-09-24T12:29:45Z","updated_at":"2012-09-24T12:43:42Z","repo":"laravel","user":{"login":"salahaa1","id":1846384},"owner":"laravel","id":1672465}
{"_id":{"$oid":"51d3f454bd35433b53000007"},"commit_id":"7b8c9c73062925bf46be0d6877b265f11a83adc7","created_at":"2012-09-24T12:32:07Z","updated_at":"2012-09-24T12:43:42Z","repo":"laravel","user":{"login":"franzliedke","id":249125},"owner":"laravel","id":1672484}
{"_id":{"$oid":"51d3f454bd35433b53000008"},"commit_id":"7b8c9c73062925bf46be0d6877b265f11a83adc7","created_at":"2012-09-24T12:48:23Z","updated_at":"2012-09-24T12:48:23Z","repo":"laravel","user":{"login":"salahaa1","id":1846384},"owner":"laravel","id":1672618}
{"_id":{"$oid":"51d3f454bd35433b53000009"},"commit_id":"7b8c9c73062925bf46be0d6877b265f11a83adc7","created_at":"2012-09-24T12:58:20Z","updated_at":"2012-09-24T12:58:20Z","repo":"laravel","user":{"login":"salahaa1","id":1846384},"owner":"laravel","id":1672682}
{"_id":{"$oid":"51d3f454bd35433e8a000001"},"commit_id":"7b8c9c73062925bf46be0d6877b265f11a83adc7","created_at":"2012-09-25T18:56:08Z","updated_at":"2012-09-25T18:56:08Z","repo":"laravel","user":{"login":"xsbeats","id":1199655},"owner":"laravel","id":1688007}
{"_id":{"$oid":"51d3f454bd35433e8a000002"},"commit_id":"7b8c9c73062925bf46be0d6877b265f11a83adc7","created_at":"2012-09-25T21:01:04Z","updated_at":"2012-09-25T21:01:04Z","repo":"laravel","user":{"login":"franzliedke","id":249125},"owner":"laravel","id":1689622}
{"_id":{"$oid":"51d3f7fbbd3543e876000001"},"commit_id":"f148f6211c378864c34c19f0aebcac97832aa9fe","created_at":"2012-09-24T14:29:37Z","updated_at":"2012-09-24T14:35:24Z","repo":"laravel","user":{"login":"franzliedke","id":249125},"owner":"laravel","id":1673472}
{"_id":{"$oid":"51d3f7fbbd3543e876000002"},"commit_id":"f148f6211c378864c34c19f0aebcac97832aa9fe","created_at":"2012-09-24T14:36:42Z","updated_at":"2012-09-24T14:36:42Z","repo":"laravel","user":{"login":"rk","id":58199},"owner":"laravel","id":1673556}
{"_id":{"$oid":"51d4353bbd35436afb000001"},"commit_id":"56a20f02d21182269e1af9fe82bcadd5f864b3ca","created_at":"2012-09-25T20:16:16Z","updated_at":"2012-09-25T20:52:32Z","repo":"laravel","user":{"login":"franzliedke","id":249125},"owner":"laravel","id":1689066}
{"_id":{"$oid":"51d4353bbd35436afb000002"},"commit_id":"56a20f02d21182269e1af9fe82bcadd5f864b3ca","created_at":"2012-09-25T20:45:18Z","updated_at":"2012-09-25T20:52:32Z","repo":"laravel","user":{"login":"xsbeats","id":1199655},"owner":"laravel","id":1689439}
{"_id":{"$oid":"51d47772bd3543912c000001"},"commit_id":"285aae2f19d61529e0a93d68e849db5212ab5a26","created_at":"2012-09-27T20:00:18Z","updated_at":"2012-09-27T22:09:22Z","repo":"laravel","user":{"login":"JoostK","id":123679},"owner":"laravel","id":1711295}
{"_id":{"$oid":"51d47772bd3543912c000002"},"commit_id":"285aae2f19d61529e0a93d68e849db5212ab5a26","created_at":"2012-09-27T20:00:43Z","updated_at":"2012-09-27T22:09:22Z","repo":"laravel","user":{"login":"JoostK","id":123679},"owner":"laravel","id":1711300}
{"_id":{"$oid":"51d47772bd3543912c000003"},"commit_id":"285aae2f19d61529e0a93d68e849db5212ab5a26","created_at":"2012-09-27T20:04:10Z","updated_at":"2012-09-27T22:09:22Z","repo":"laravel","user":{"login":"JoostK","id":123679},"owner":"laravel","id":1711334}
{"_id":{"$oid":"51d47772bd3543912c000004"},"commit_id":"285aae2f19d61529e0a93d68e849db5212ab5a26","created_at":"2012-09-27T20:16:01Z","updated_at":"2012-09-27T22:09:22Z","repo":"laravel","user":{"login":"JoostK","id":123679},"owner":"laravel","id":1711440}
{"_id":{"$oid":"51d47772bd3543912c000005"},"commit_id":"285aae2f19d61529e0a93d68e849db5212ab5a26","created_at":"2012-09-27T22:03:50Z","updated_at":"2012-09-27T22:09:22Z","repo":"laravel","user":{"login":"mrdejong","id":166976},"owner":"laravel","id":1712776}
{"_id":{"$oid":"51d47772bd3543912c000006"},"commit_id":"285aae2f19d61529e0a93d68e849db5212ab5a26","created_at":"2012-09-27T22:05:15Z","updated_at":"2012-09-27T22:09:22Z","repo":"laravel","user":{"login":"mrdejong","id":166976},"owner":"laravel","id":1712789}
{"_id":{"$oid":"51d47772bd3543912c000007"},"commit_id":"285aae2f19d61529e0a93d68e849db5212ab5a26","created_at":"2012-09-27T22:05:52Z","updated_at":"2012-09-27T22:09:22Z","repo":"laravel","user":{"login":"mrdejong","id":166976},"owner":"laravel","id":1712795}
{"_id":{"$oid":"51d47772bd3543912c000008"},"commit_id":"285aae2f19d61529e0a93d68e849db5212ab5a26","created_at":"2012-09-27T22:11:12Z","updated_at":"2012-09-27T22:11:12Z","repo":"laravel","user":{"login":"mrdejong","id":166976},"owner":"laravel","id":1712851}
{"_id":{"$oid":"511a4106bd35433cac000483"},"commit_id":"2d5cc12b7b7a915c533a2674c474424407fe0927","created_at":"2012-10-04T13:10:45Z","updated_at":"2012-10-04T13:10:45Z","repo":"laravel","user":{"login":"franzliedke","id":249125},"owner":"laravel","id":1761398}
{"_id":{"$oid":"511a4106bd35433cac000484"},"commit_id":"2d5cc12b7b7a915c533a2674c474424407fe0927","created_at":"2012-10-04T19:20:29Z","updated_at":"2012-10-04T19:20:29Z","repo":"laravel","user":{"login":"Th3-Night","id":905332},"owner":"laravel","id":1765979}
{"_id":{"$oid":"511a4106bd35433cac000485"},"commit_id":"2d5cc12b7b7a915c533a2674c474424407fe0927","created_at":"2012-10-04T20:45:49Z","updated_at":"2012-10-04T20:45:49Z","repo":"laravel","user":{"login":"franzliedke","id":249125},"owner":"laravel","id":1766828}
{"_id":{"$oid":"51d57842bd35430255000001"},"commit_id":"a363dbb6173ee23fa89182e28369419953ed9a81","created_at":"2012-10-05T13:17:32Z","updated_at":"2012-10-05T13:17:32Z","repo":"laravel","user":{"login":"crynobone","id":172966},"owner":"laravel","id":1772819}
{"_id":{"$oid":"51d57842bd35430255000002"},"commit_id":"a363dbb6173ee23fa89182e28369419953ed9a81","created_at":"2012-10-05T13:30:55Z","updated_at":"2012-10-05T13:30:55Z","repo":"laravel","user":{"login":"josem","id":567695},"owner":"laravel","id":1772958}
{"_id":{"$oid":"51d57842bd35430255000003"},"commit_id":"a363dbb6173ee23fa89182e28369419953ed9a81","created_at":"2012-10-05T13:34:58Z","updated_at":"2012-10-05T13:34:58Z","repo":"laravel","user":{"login":"Anahkiasen","id":1321596},"owner":"laravel","id":1772985}
{"_id":{"$oid":"51d57842bd35430255000004"},"commit_id":"a363dbb6173ee23fa89182e28369419953ed9a81","created_at":"2012-10-05T13:41:41Z","updated_at":"2012-10-05T13:41:41Z","repo":"laravel","user":{"login":"josem","id":567695},"owner":"laravel","id":1773051}
{"_id":{"$oid":"51d57842bd35430255000005"},"commit_id":"a363dbb6173ee23fa89182e28369419953ed9a81","created_at":"2012-10-05T14:04:07Z","updated_at":"2012-10-05T14:04:07Z","repo":"laravel","user":{"login":"crynobone","id":172966},"owner":"laravel","id":1773303}
{"_id":{"$oid":"511a40c9bd35433cac00047b"},"commit_id":"3e2b4dc3279df1a4f7e8310de8a9bedc09ce7c55","created_at":"2012-10-19T21:36:50Z","updated_at":"2012-10-19T23:18:52Z","repo":"laravel","user":{"login":"JoostK","id":123679},"owner":"laravel","id":1895160}
{"_id":{"$oid":"511a40c9bd35433cac00047c"},"commit_id":"3e2b4dc3279df1a4f7e8310de8a9bedc09ce7c55","created_at":"2012-10-19T23:22:50Z","updated_at":"2012-10-19T23:22:50Z","repo":"laravel","user":{"login":"raftalks","id":788192},"owner":"laravel","id":1896016}
{"_id":{"$oid":"51d9a189bd35437469000001"},"commit_id":"ade734a4969cbba9fc9a3b6b62eb11bb9e9551de","created_at":"2012-10-20T10:01:42Z","updated_at":"2012-10-20T13:50:41Z","repo":"laravel","user":{"login":"franzliedke","id":249125},"owner":"laravel","id":1896914}
{"_id":{"$oid":"51d9a189bd35437469000002"},"commit_id":"ade734a4969cbba9fc9a3b6b62eb11bb9e9551de","created_at":"2012-10-20T10:21:59Z","updated_at":"2012-10-20T13:50:41Z","repo":"laravel","user":{"login":"crynobone","id":172966},"owner":"laravel","id":1896940}
{"_id":{"$oid":"51d9a189bd35437469000003"},"commit_id":"ade734a4969cbba9fc9a3b6b62eb11bb9e9551de","created_at":"2012-10-20T14:07:58Z","updated_at":"2012-10-20T14:07:58Z","repo":"laravel","user":{"login":"rusdyahmad","id":488866},"owner":"laravel","id":1897233}
{"_id":{"$oid":"511a40c2bd35433cac000477"},"commit_id":"f9f413f1bd5cf8aeb64727c017880a8dae6d4c53","created_at":"2012-10-22T15:10:22Z","updated_at":"2012-10-22T15:10:22Z","repo":"laravel","user":{"login":"JoostK","id":123679},"owner":"laravel","id":1904699}
{"_id":{"$oid":"511a40a0bd35433cac000475"},"commit_id":"2e64304fa1bd88c78f7fb7bd507f6a48cb516b99","created_at":"2012-11-05T21:02:19Z","updated_at":"2012-11-05T22:31:06Z","repo":"laravel","user":{"login":"JoostK","id":123679},"owner":"laravel","id":2035133}
{"_id":{"$oid":"511a40a0bd35433cac000476"},"commit_id":"2e64304fa1bd88c78f7fb7bd507f6a48cb516b99","created_at":"2012-11-05T21:03:09Z","updated_at":"2012-11-05T22:31:06Z","repo":"laravel","user":{"login":"JoostK","id":123679},"owner":"laravel","id":2035137}
{"_id":{"$oid":"511a409ebd35433cac000474"},"commit_id":"56eca662cc7223e6c87ee77287109028dba3cab3","created_at":"2012-11-06T14:37:52Z","updated_at":"2012-11-06T14:56:25Z","repo":"laravel","user":{"login":"crynobone","id":172966},"owner":"laravel","id":2042974}
{"_id":{"$oid":"51da828dbd35439ea9000001"},"commit_id":"37d4a569563bf347927b9058a716781a286b024d","created_at":"2012-11-26T01:26:25Z","updated_at":"2012-12-06T16:16:44Z","repo":"laravel","user":{"login":"crynobone","id":172966},"owner":"laravel","id":2217787}
{"_id":{"$oid":"51d9ce27bd354369d3000001"},"commit_id":"c63ed36c73ada77a9fec40b2d10778b2237e2b86","created_at":"2012-12-27T18:08:11Z","updated_at":"2012-12-27T18:08:11Z","repo":"laravel","user":{"login":"franzliedke","id":249125},"owner":"laravel","id":2510445}
{"_id":{"$oid":"51d9ce27bd354369d3000002"},"commit_id":"c63ed36c73ada77a9fec40b2d10778b2237e2b86","created_at":"2013-01-05T19:31:39Z","updated_at":"2013-01-05T19:31:39Z","repo":"laravel","user":{"login":"daylerees","id":207870},"owner":"laravel","id":2558680}
{"_id":{"$oid":"51da0403bd3543373d000001"},"commit_id":"a39ce860f0e68fc4c3c51e16a4c8da69b0723704","created_at":"2012-12-30T08:23:51Z","updated_at":"2012-12-30T08:23:51Z","repo":"laravel","user":{"login":"crynobone","id":172966},"owner":"laravel","id":2520978}
{"_id":{"$oid":"51d9d018bd35434835000001"},"commit_id":"1ed7ec98ba7dc9a57d1b5dde55b47154797330a8","created_at":"2013-03-12T04:59:32Z","updated_at":"2013-03-12T04:59:32Z","repo":"laravel","user":{"login":"neoascetic","id":725836},"owner":"laravel","id":3329895}
{"_id":{"$oid":"51d6bd6cbd3543da1f000001"},"commit_id":"25ad84b1f3a1dc22c91b8060e73127e2d376e6cd","created_at":"2013-02-08T01:56:45Z","updated_at":"2013-02-08T01:56:45Z","repo":"laravel","user":{"login":"appleboy","id":21979},"owner":"laravel","id":2937383}
{"_id":{"$oid":"51d6bd6dbd3543da1f000002"},"commit_id":"25ad84b1f3a1dc22c91b8060e73127e2d376e6cd","created_at":"2013-02-08T02:02:52Z","updated_at":"2013-02-08T02:02:52Z","repo":"laravel","user":{"login":"afarazit","id":1217574},"owner":"laravel","id":2937443}
{"_id":{"$oid":"51d952fbbd3543c72a000001"},"commit_id":"597c6f183113e1b276a1a65f8fdcb53acd676297","created_at":"2013-02-22T20:16:53Z","updated_at":"2013-02-22T21:47:13Z","repo":"laravel","user":{"login":"brunogaspar","id":2285372},"owner":"laravel","id":3121914}
{"_id":{"$oid":"51d75774bd35431c47000001"},"commit_id":"b894cde4babc70295182f0e310811e357707041f","created_at":"2013-05-13T14:10:29Z","updated_at":"2013-05-13T14:10:29Z","repo":"laravel","user":{"login":"12k","id":1312973},"owner":"laravel","id":4193383}
{"_id":{"$oid":"51d75774bd35431c47000002"},"commit_id":"b894cde4babc70295182f0e310811e357707041f","created_at":"2013-05-13T14:12:32Z","updated_at":"2013-05-13T14:12:32Z","repo":"laravel","user":{"login":"juukie14","id":2678657},"owner":"laravel","id":4193433}
{"_id":{"$oid":"51d7f37fbd3543ca55000001"},"commit_id":"149aeeea9e4088f35986a80a99a4039df24cc918","created_at":"2013-05-16T12:10:43Z","updated_at":"2013-05-16T12:10:55Z","repo":"laravel","user":{"login":"crynobone","id":172966},"owner":"laravel","id":4253713}
{"_id":{"$oid":"51d7f37fbd3543ca55000002"},"commit_id":"149aeeea9e4088f35986a80a99a4039df24cc918","created_at":"2013-05-16T12:14:24Z","updated_at":"2013-05-16T12:14:24Z","repo":"laravel","user":{"login":"aebersold","id":1629126},"owner":"laravel","id":4253757}
{"_id":{"$oid":"51da5ff0bd354304d1000001"},"commit_id":"ef697d7ed3bea58b542e49b6a2480ae5e7c1db9b","created_at":"2013-05-29T12:29:46Z","updated_at":"2013-05-29T12:29:46Z","repo":"laravel","user":{"login":"JoostK","id":123679},"owner":"laravel","id":4432987}
{"_id":{"$oid":"51da5ff0bd354304d1000002"},"commit_id":"ef697d7ed3bea58b542e49b6a2480ae5e7c1db9b","created_at":"2013-05-29T12:34:08Z","updated_at":"2013-05-29T12:34:08Z","repo":"laravel","user":{"login":"barryvdh","id":973269},"owner":"laravel","id":4433056}
{"_id":{"$oid":"51da5ff0bd354304d1000003"},"commit_id":"ef697d7ed3bea58b542e49b6a2480ae5e7c1db9b","created_at":"2013-05-29T21:40:49Z","updated_at":"2013-05-29T21:40:49Z","repo":"laravel","user":{"login":"JoostK","id":123679},"owner":"laravel","id":4446074}
{"_id":{"$oid":"5261e641bd3543f5ed000147"},"commit_id":"e04d3268c70b3450ec1074fb05a8f8adc562dfb4","created_at":"2013-10-19T01:54:06Z","updated_at":"2013-10-19T01:54:06Z","repo":"laravel","user":{"login":"ravomavain","id":286023},"owner":"laravel","id":7077854}
{"_id":{"$oid":"51db20304681240ae60001c3"},"commit_id":"c8bed994d134a4735298ed4a5459183a5cc9cbbb","created_at":"2013-07-05T11:38:00Z","updated_at":"2013-07-05T11:38:00Z","repo":"laravel","user":{"login":"crynobone","id":172966},"owner":"laravel","id":5041555}
{"_id":{"$oid":"51f37e8abd3543e68e000849"},"commit_id":"5b6f86ff9321ebab6bff4a49758bac907aa2af90","created_at":"2013-07-27T08:01:57Z","updated_at":"2013-07-27T08:01:57Z","repo":"laravel","user":{"login":"crynobone","id":172966},"owner":"laravel","id":5437253}
{"_id":{"$oid":"51f37edebd3543eb1200000b"},"commit_id":"5b6f86ff9321ebab6bff4a49758bac907aa2af90","created_at":"2013-07-27T08:03:35Z","updated_at":"2013-07-27T08:03:35Z","repo":"laravel","user":{"login":"crynobone","id":172966},"owner":"laravel","id":5437255}
{"_id":{"$oid":"51f3aa96bd3543f7210001cd"},"commit_id":"5b6f86ff9321ebab6bff4a49758bac907aa2af90","created_at":"2013-07-27T11:10:08Z","updated_at":"2013-07-27T11:10:08Z","repo":"laravel","user":{"login":"vohof","id":4394420},"owner":"laravel","id":5437593}
{"_id":{"$oid":"51f41b31bd35431a7800003f"},"commit_id":"5b6f86ff9321ebab6bff4a49758bac907aa2af90","created_at":"2013-07-27T19:10:33Z","updated_at":"2013-07-27T19:10:33Z","repo":"laravel","user":{"login":"brantmessenger","id":1199872},"owner":"laravel","id":5438394}
{"_id":{"$oid":"53dad162bd3543366702c74d"},"commit_id":"5d2ea9f05fa9107ab5cd3659b0df444c923eb8cd","created_at":"2014-07-31T23:29:29Z","updated_at":"2014-07-31T23:29:29Z","repo":"laravel","user":{"login":"mcornella","id":1441704},"owner":"laravel","id":15676393}
{"_id":{"$oid":"521abbc4bd3543d49f00f8c5"},"commit_id":"268831ed7636fc93ca3fdeff3af18381fe1f5f3a","created_at":"2013-08-26T02:21:51Z","updated_at":"2013-08-26T02:21:51Z","repo":"laravel","user":{"login":"crynobone","id":172966},"owner":"laravel","id":5970640}
{"_id":{"$oid":"52616906bd35439829000ed5"},"commit_id":"dae1a994c9e20c630e7ac812d4c58969100d38eb","created_at":"2013-10-18T16:59:41Z","updated_at":"2013-10-18T16:59:41Z","repo":"laravel","user":{"login":"taylorotwell","id":463230},"owner":"laravel","id":7067048}
{"_id":{"$oid":"52616c8cbd35439e010002e2"},"commit_id":"4b09f4061c873636ec3a207bf04c1e17209dca3b","created_at":"2013-10-18T17:14:46Z","updated_at":"2013-10-18T17:14:46Z","repo":"laravel","user":{"login":"abishekrsrikaanth","id":1639302},"owner":"laravel","id":7067479}
{"_id":{"$oid":"53110338bd354379e701549f"},"commit_id":"b468aae2e919df4647b8e1dd300f148ba666c60f","created_at":"2014-01-28T17:34:22Z","updated_at":"2014-01-28T17:34:22Z","repo":"laravel","user":{"login":"crynobone","id":172966},"owner":"laravel","id":9235827}
{"_id":{"$oid":"530cd878bd3543ab53041c71"},"commit_id":"b468aae2e919df4647b8e1dd300f148ba666c60f","created_at":"2014-02-25T17:52:43Z","updated_at":"2014-02-25T17:52:43Z","repo":"laravel","user":{"login":"GrahamCampbell","id":2829600},"owner":"laravel","id":10046955}
{"_id":{"$oid":"52e53c6dbd3543bc560a5ba1"},"commit_id":"bdb4a23d73caa08f1c487d457798294ac447a52d","created_at":"2014-01-26T16:48:40Z","updated_at":"2014-01-26T16:48:40Z","repo":"laravel","user":{"login":"GrahamCampbell","id":2829600},"owner":"laravel","id":9176446}
{"_id":{"$oid":"535d6361bd354323860307d4"},"commit_id":"ba1296457aeefde9d953c488f75149fa3f927dc0","created_at":"2014-04-27T20:06:45Z","updated_at":"2014-04-27T20:06:45Z","repo":"laravel","user":{"login":"GrahamCampbell","id":2829600},"owner":"laravel","id":12031059}
{"_id":{"$oid":"5303fe5ebd3543f5d7008a1b"},"commit_id":"13e3d4526547d241fa4bd9d1d70e156bf16e2264","created_at":"2014-02-19T00:29:55Z","updated_at":"2014-02-19T00:29:55Z","repo":"laravel","user":{"login":"EvgenyKovalev","id":3984076},"owner":"laravel","id":9849364}
{"_id":{"$oid":"53592775bd3543241d003d02"},"commit_id":"ad33b2f884f59a3ebddcb09bd6cee8020181a9ef","created_at":"2014-04-22T19:21:11Z","updated_at":"2014-04-22T19:21:11Z","repo":"laravel","user":{"login":"GrahamCampbell","id":2829600},"owner":"laravel","id":11870949}
{"_id":{"$oid":"53d2a5f1bd35432e8c0001b4"},"commit_id":"73a076df2a95a9b73a569b9053ff7a65a42ee364","created_at":"2014-07-24T10:01:29Z","updated_at":"2014-07-24T11:53:03Z","repo":"laravel","user":{"login":"GrahamCampbell","id":2829600},"owner":"laravel","id":15338749}
{"_id":{"$oid":"53d2a5e6bd35432df400023f"},"commit_id":"73a076df2a95a9b73a569b9053ff7a65a42ee364","created_at":"2014-07-24T10:01:32Z","updated_at":"2014-07-24T11:53:03Z","repo":"laravel","user":{"login":"GrahamCampbell","id":2829600},"owner":"laravel","id":15338751}
{"_id":{"$oid":"53e4f2c5bd3543a464006cf5"},"commit_id":"149ebf586689cb7a74ec51459889ffb6bbc95485","created_at":"2014-08-08T15:53:56Z","updated_at":"2014-08-08T15:53:56Z","repo":"laravel","user":{"login":"GrahamCampbell","id":2829600},"owner":"laravel","id":16000197}
{"_id":{"$oid":"541f9df5bd354375880055b2"},"commit_id":"e20840151c56b6466972c0c8230940f4d4cd0c29","created_at":"2014-09-12T20:14:48Z","updated_at":"2014-09-12T20:14:48Z","repo":"laravel","user":{"login":"GrahamCampbell","id":2829600},"owner":"laravel","id":17500068}
{"_id":{"$oid":"541f9df6bd354376690062e5"},"commit_id":"e20840151c56b6466972c0c8230940f4d4cd0c29","created_at":"2014-09-12T20:16:22Z","updated_at":"2014-09-12T20:16:22Z","repo":"laravel","user":{"login":"adamgoose","id":611068},"owner":"laravel","id":17500146}
{"_id":{"$oid":"541f9e01bd354375880055be"},"commit_id":"e20840151c56b6466972c0c8230940f4d4cd0c29","created_at":"2014-09-12T20:17:49Z","updated_at":"2014-09-12T20:17:49Z","repo":"laravel","user":{"login":"GrahamCampbell","id":2829600},"owner":"laravel","id":17500202}
{"_id":{"$oid":"5427efaabd354367de034483"},"commit_id":"f6798ffade50db3869d138ccd1490881e6ba4c9c","created_at":"2014-09-28T11:22:31Z","updated_at":"2014-09-28T11:22:31Z","repo":"laravel","user":{"login":"GrahamCampbell","id":2829600},"owner":"laravel","id":18129081}
{"_id":{"$oid":"5427f217bd3543677903826a"},"commit_id":"f6798ffade50db3869d138ccd1490881e6ba4c9c","created_at":"2014-09-28T11:22:31Z","updated_at":"2014-09-28T11:22:31Z","repo":"laravel","user":{"login":"GrahamCampbell","id":2829600},"owner":"laravel","id":18129081}
{"_id":{"$oid":"542dfd23bd35435ac7011ee0"},"commit_id":"cbfa5af92016e990162cc89a19ce08eb122fb9b5","created_at":"2014-09-29T15:53:05Z","updated_at":"2014-10-01T07:12:39Z","repo":"laravel","user":{"login":"GrahamCampbell","id":2829600},"owner":"laravel","id":18163238}
{"_id":{"$oid":"542ace3ebd354361f5003848"},"commit_id":"568a8a33ae47eb29bda3155a1f83712b42ebe13a","created_at":"2014-09-30T15:36:58Z","updated_at":"2014-09-30T15:36:58Z","repo":"laravel","user":{"login":"lukeholder","id":133571},"owner":"laravel","id":18225176}
{"_id":{"$oid":"542acf8ebd35435aa10041c3"},"commit_id":"568a8a33ae47eb29bda3155a1f83712b42ebe13a","created_at":"2014-09-30T15:42:58Z","updated_at":"2014-09-30T15:42:58Z","repo":"laravel","user":{"login":"JeremyMorgan","id":370262},"owner":"laravel","id":18225623}
{"_id":{"$oid":"542af8b6bd354361f500411a"},"commit_id":"568a8a33ae47eb29bda3155a1f83712b42ebe13a","created_at":"2014-09-30T18:38:14Z","updated_at":"2014-09-30T18:38:14Z","repo":"laravel","user":{"login":"GrahamCampbell","id":2829600},"owner":"laravel","id":18237695}
{"_id":{"$oid":"542dcc1fbd3543618201aab3"},"commit_id":"7b8c696d6b1a0e841c4d84c9215f6901eae59b34","created_at":"2014-10-02T22:04:28Z","updated_at":"2014-10-02T22:04:28Z","repo":"laravel","user":{"login":"GrahamCampbell","id":2829600},"owner":"laravel","id":18371073}
{"_id":{"$oid":"542e5fd4bd354359bd0163e2"},"commit_id":"1b07bb341bc1c9ec10027231f02941957dd6635b","created_at":"2014-10-03T08:08:47Z","updated_at":"2014-10-03T08:08:47Z","repo":"laravel","user":{"login":"aik099","id":1277526},"owner":"laravel","id":18384905}
{"_id":{"$oid":"542e5a0cbd35435a09012b94"},"commit_id":"1b07bb341bc1c9ec10027231f02941957dd6635b","created_at":"2014-10-03T08:10:30Z","updated_at":"2014-10-03T08:10:30Z","repo":"laravel","user":{"login":"barryvdh","id":973269},"owner":"laravel","id":18384954}
{"_id":{"$oid":"54302682bd35435a0901f883"},"commit_id":"39cd76761f8ac2b2717f6ab38f5793eeca6e7f1c","created_at":"2014-10-04T16:55:25Z","updated_at":"2014-10-04T16:55:25Z","repo":"laravel","user":{"login":"GrahamCampbell","id":2829600},"owner":"laravel","id":18430245}
{"_id":{"$oid":"5437947ebd3543a116004898"},"commit_id":"c72f7817973f482f511e3ff62f77005ed17970e7","created_at":"2014-10-10T08:09:16Z","updated_at":"2014-10-10T08:09:31Z","repo":"laravel","user":{"login":"billmn","id":779534},"owner":"laravel","id":18692602}
{"_id":{"$oid":"5438480abd3543a0ff008ad6"},"commit_id":"409fa574fc43b3988f0b2f8026664177c8e9a15e","created_at":"2014-10-10T19:44:37Z","updated_at":"2014-10-10T20:56:01Z","repo":"laravel","user":{"login":"GrahamCampbell","id":2829600},"owner":"laravel","id":18726609}
{"_id":{"$oid":"54385cbdbd3543a143009acc"},"commit_id":"409fa574fc43b3988f0b2f8026664177c8e9a15e","created_at":"2014-10-10T22:03:56Z","updated_at":"2014-10-10T22:03:56Z","repo":"laravel","user":{"login":"GrahamCampbell","id":2829600},"owner":"laravel","id":18733489}
{"_id":{"$oid":"54b2e075bd3543faf5000275"},"commit_id":"6c0b7916a4c480e9814a6d929913ecda636fe3bd","created_at":"2014-10-11T20:36:42Z","updated_at":"2014-10-11T20:36:42Z","repo":"laravel","user":{"login":"mayoz","id":61626},"owner":"laravel","id":18744165}
{"_id":{"$oid":"543aa869bd3543a0ff0151da"},"commit_id":"ab23917b3b59073ec6c0399c236d00dcd6daf32b","created_at":"2014-10-12T13:16:21Z","updated_at":"2014-10-12T13:16:21Z","repo":"laravel","user":{"login":"GrahamCampbell","id":2829600},"owner":"laravel","id":18747550}
{"_id":{"$oid":"543eb8c4bd3543a1850271b2"},"commit_id":"ec3fdb1bf2cf78d48171d536fb9fd50307bedf70","created_at":"2014-10-15T18:11:13Z","updated_at":"2014-10-15T18:11:13Z","repo":"laravel","user":{"login":"GrahamCampbell","id":2829600},"owner":"laravel","id":18911431}
{"_id":{"$oid":"543ed2d0bd3543a061021df0"},"commit_id":"ec3fdb1bf2cf78d48171d536fb9fd50307bedf70","created_at":"2014-10-15T18:26:29Z","updated_at":"2014-10-15T18:26:29Z","repo":"laravel","user":{"login":"alnutile","id":365385},"owner":"laravel","id":18912495}
{"_id":{"$oid":"543ed2d0bd3543a061021df1"},"commit_id":"ec3fdb1bf2cf78d48171d536fb9fd50307bedf70","created_at":"2014-10-15T18:27:57Z","updated_at":"2014-10-15T18:27:57Z","repo":"laravel","user":{"login":"danharper","id":510740},"owner":"laravel","id":18912585}
{"_id":{"$oid":"543ed2d0bd3543a061021df2"},"commit_id":"ec3fdb1bf2cf78d48171d536fb9fd50307bedf70","created_at":"2014-10-15T19:11:52Z","updated_at":"2014-10-15T19:11:52Z","repo":"laravel","user":{"login":"GrahamCampbell","id":2829600},"owner":"laravel","id":18915447}
{"_id":{"$oid":"543ec8e7bd3543a173023340"},"commit_id":"ec3fdb1bf2cf78d48171d536fb9fd50307bedf70","created_at":"2014-10-15T19:19:58Z","updated_at":"2014-10-15T19:19:58Z","repo":"laravel","user":{"login":"alnutile","id":365385},"owner":"laravel","id":18915938}
{"_id":{"$oid":"543ed2d0bd3543a061021df3"},"commit_id":"ec3fdb1bf2cf78d48171d536fb9fd50307bedf70","created_at":"2014-10-15T19:21:31Z","updated_at":"2014-10-15T19:21:31Z","repo":"laravel","user":{"login":"GrahamCampbell","id":2829600},"owner":"laravel","id":18916016}
{"_id":{"$oid":"5443a370bd3543a0ff02fe0c"},"commit_id":"2d3b527b71dca8b3cbf2f5ceda11f5649df0a836","created_at":"2014-10-19T11:41:33Z","updated_at":"2014-10-19T11:41:33Z","repo":"laravel","user":{"login":"GrahamCampbell","id":2829600},"owner":"laravel","id":19059677}
{"_id":{"$oid":"5444817ebd3543a0bc033dc5"},"commit_id":"b0b392a5c705f81c648b962a738811347679c6e1","created_at":"2014-10-20T03:28:58Z","updated_at":"2014-10-20T03:28:58Z","repo":"laravel","user":{"login":"crynobone","id":172966},"owner":"laravel","id":19067179}
{"_id":{"$oid":"5444ba0abd3543a08a03edbe"},"commit_id":"b0b392a5c705f81c648b962a738811347679c6e1","created_at":"2014-10-20T07:30:07Z","updated_at":"2014-10-20T07:30:07Z","repo":"laravel","user":{"login":"bart","id":5200235},"owner":"laravel","id":19070859}
{"_id":{"$oid":"544ce9efbd3543a152050deb"},"commit_id":"1dff9b32ef58b58dacad147ddc40d8c08d263619","created_at":"2014-10-26T12:32:44Z","updated_at":"2014-10-26T12:32:44Z","repo":"laravel","user":{"login":"GrahamCampbell","id":2829600},"owner":"laravel","id":19380783}
{"_id":{"$oid":"54636133bd354315f800c72d"},"commit_id":"d5d686327cafa053ccdef0200ff212f94d2eaded","created_at":"2014-11-12T13:29:49Z","updated_at":"2014-11-12T13:29:49Z","repo":"laravel","user":{"login":"barryvdh","id":973269},"owner":"laravel","id":20218177}
{"_id":{"$oid":"54636dbcbd3543176900a79a"},"commit_id":"d5d686327cafa053ccdef0200ff212f94d2eaded","created_at":"2014-11-12T13:44:32Z","updated_at":"2014-11-12T13:44:44Z","repo":"laravel","user":{"login":"nblackburn","id":2931085},"owner":"laravel","id":20218848}
{"_id":{"$oid":"546377b9bd35431741007d9c"},"commit_id":"d5d686327cafa053ccdef0200ff212f94d2eaded","created_at":"2014-11-12T15:07:17Z","updated_at":"2014-11-12T15:07:17Z","repo":"laravel","user":{"login":"barryvdh","id":973269},"owner":"laravel","id":20224280}
{"_id":{"$oid":"54626beabd354316220058fc"},"commit_id":"0e04c1038594c2b38ef409421ea294f325613f22","created_at":"2014-11-11T20:02:32Z","updated_at":"2014-11-11T20:02:32Z","repo":"laravel","user":{"login":"GrahamCampbell","id":2829600},"owner":"laravel","id":20176330}
{"_id":{"$oid":"5486de22bd354328e80000f4"},"commit_id":"1b6744ecbb70827761c206b7fc775b6a59534369","created_at":"2014-11-11T20:02:32Z","updated_at":"2014-11-12T10:15:34Z","repo":"laravel","user":{"login":"GrahamCampbell","id":2829600},"owner":"laravel","id":20176330}
{"_id":{"$oid":"54626c25bd354322bf00c6b7"},"commit_id":"0e04c1038594c2b38ef409421ea294f325613f22","created_at":"2014-11-11T20:02:53Z","updated_at":"2014-11-11T20:02:53Z","repo":"laravel","user":{"login":"GrahamCampbell","id":2829600},"owner":"laravel","id":20176348}
{"_id":{"$oid":"5486de23bd3543370b000146"},"commit_id":"1b6744ecbb70827761c206b7fc775b6a59534369","created_at":"2014-11-11T20:02:53Z","updated_at":"2014-11-12T10:15:34Z","repo":"laravel","user":{"login":"GrahamCampbell","id":2829600},"owner":"laravel","id":20176348}
{"_id":{"$oid":"5463339bbd3543178f011f83"},"commit_id":"1b6744ecbb70827761c206b7fc775b6a59534369","created_at":"2014-11-12T10:16:46Z","updated_at":"2014-11-12T10:16:46Z","repo":"laravel","user":{"login":"barryvdh","id":973269},"owner":"laravel","id":20210772}
{"_id":{"$oid":"5486eb10bd354329cc000699"},"commit_id":"1b6744ecbb70827761c206b7fc775b6a59534369","created_at":"2014-11-12T10:16:46Z","updated_at":"2014-11-12T10:16:46Z","repo":"laravel","user":{"login":"barryvdh","id":973269},"owner":"laravel","id":20210772}
{"_id":{"$oid":"54882b28bd354390420043fc"},"commit_id":"9944b945d4f9e9f2cd3ba0650ab3f17e0e176985","created_at":"2014-12-03T20:49:45Z","updated_at":"2014-12-03T20:49:45Z","repo":"laravel","user":{"login":"vlakoff","id":544424},"owner":"laravel","id":21263798}
{"_id":{"$oid":"54882d65bd35439068003fd6"},"commit_id":"9944b945d4f9e9f2cd3ba0650ab3f17e0e176985","created_at":"2014-12-04T02:27:52Z","updated_at":"2014-12-04T02:27:52Z","repo":"laravel","user":{"login":"milon521","id":1138769},"owner":"laravel","id":21282250}
{"_id":{"$oid":"54882e3bbd354390360043ee"},"commit_id":"9944b945d4f9e9f2cd3ba0650ab3f17e0e176985","created_at":"2014-12-04T06:22:32Z","updated_at":"2014-12-04T06:22:32Z","repo":"laravel","user":{"login":"vlakoff","id":544424},"owner":"laravel","id":21287759}
{"_id":{"$oid":"54881cc4bd3543905e004050"},"commit_id":"1a516240991ae54917dbe743a9f5a13beab42bf1","created_at":"2014-12-02T18:20:55Z","updated_at":"2014-12-03T06:15:41Z","repo":"laravel","user":{"login":"GrahamCampbell","id":2829600},"owner":"laravel","id":21178782}
{"_id":{"$oid":"54881eaabd3543905a003d3c"},"commit_id":"1a516240991ae54917dbe743a9f5a13beab42bf1","created_at":"2014-12-02T21:45:38Z","updated_at":"2014-12-03T06:15:41Z","repo":"laravel","user":{"login":"kaidesu","id":355659},"owner":"laravel","id":21194334}
{"_id":{"$oid":"54881ef2bd354390650042a6"},"commit_id":"1a516240991ae54917dbe743a9f5a13beab42bf1","created_at":"2014-12-02T22:06:13Z","updated_at":"2014-12-03T06:15:41Z","repo":"laravel","user":{"login":"GrahamCampbell","id":2829600},"owner":"laravel","id":21196041}
{"_id":{"$oid":"54881f7dbd3543904100416b"},"commit_id":"1a516240991ae54917dbe743a9f5a13beab42bf1","created_at":"2014-12-02T23:23:38Z","updated_at":"2014-12-03T06:15:41Z","repo":"laravel","user":{"login":"aramirez92","id":2057867},"owner":"laravel","id":21201098}
{"_id":{"$oid":"548845a0bd35439035004786"},"commit_id":"6dee2dd97c9f3b54bcd85d478f71672ed503b9a0","created_at":"2014-12-06T21:24:55Z","updated_at":"2014-12-06T22:32:57Z","repo":"laravel","user":{"login":"GrahamCampbell","id":2829600},"owner":"laravel","id":21419230}
{"_id":{"$oid":"548845aabd3543903c004ebf"},"commit_id":"6dee2dd97c9f3b54bcd85d478f71672ed503b9a0","created_at":"2014-12-06T21:25:00Z","updated_at":"2014-12-06T22:32:57Z","repo":"laravel","user":{"login":"GrahamCampbell","id":2829600},"owner":"laravel","id":21419232}
{"_id":{"$oid":"548845cfbd3543905d004834"},"commit_id":"6dee2dd97c9f3b54bcd85d478f71672ed503b9a0","created_at":"2014-12-06T22:31:40Z","updated_at":"2014-12-06T22:32:57Z","repo":"laravel","user":{"login":"rweas","id":5386772},"owner":"laravel","id":21419828}
{"_id":{"$oid":"54976eabbd35431fdc009e32"},"commit_id":"1f6778bdfd5eb66d78d08cddf665c53e34e090fa","created_at":"2014-12-22T01:05:40Z","updated_at":"2014-12-22T01:06:05Z","repo":"laravel","user":{"login":"crynobone","id":172966},"owner":"laravel","id":22152090}
{"_id":{"$oid":"54976f01bd35431a4700e826"},"commit_id":"1f6778bdfd5eb66d78d08cddf665c53e34e090fa","created_at":"2014-12-22T01:05:40Z","updated_at":"2014-12-22T01:06:05Z","repo":"laravel","user":{"login":"crynobone","id":172966},"owner":"laravel","id":22152090}
{"_id":{"$oid":"54977ba9bd35431d2700b124"},"commit_id":"eff977ac57b7f856f9ef3fbfd3cd371125f30909","created_at":"2014-12-22T01:52:37Z","updated_at":"2014-12-22T01:52:37Z","repo":"laravel","user":{"login":"quietwalker","id":5390074},"owner":"laravel","id":22152523}
{"_id":{"$oid":"54947f26bd35431d17006b0d"},"commit_id":"9a6ebe61a34691d7393d53570faebe42571bcc9d","created_at":"2014-12-19T18:46:37Z","updated_at":"2014-12-19T18:46:37Z","repo":"laravel","user":{"login":"GrahamCampbell","id":2829600},"owner":"laravel","id":22121060}
{"_id":{"$oid":"549472b5bd35431c19008ae4"},"commit_id":"9a6ebe61a34691d7393d53570faebe42571bcc9d","created_at":"2014-12-19T18:47:08Z","updated_at":"2014-12-19T18:47:08Z","repo":"laravel","user":{"login":"GrahamCampbell","id":2829600},"owner":"laravel","id":22121092}
{"_id":{"$oid":"549476f8bd35431cae006dc6"},"commit_id":"9a6ebe61a34691d7393d53570faebe42571bcc9d","created_at":"2014-12-19T19:04:41Z","updated_at":"2014-12-19T19:04:41Z","repo":"laravel","user":{"login":"chrispecoraro","id":307660},"owner":"laravel","id":22122190}
{"_id":{"$oid":"549479e7bd354331ce00c254"},"commit_id":"9a6ebe61a34691d7393d53570faebe42571bcc9d","created_at":"2014-12-19T19:17:50Z","updated_at":"2014-12-19T19:17:50Z","repo":"laravel","user":{"login":"chrispecoraro","id":307660},"owner":"laravel","id":22122917}
{"_id":{"$oid":"54947f26bd35431d17006b0e"},"commit_id":"9a6ebe61a34691d7393d53570faebe42571bcc9d","created_at":"2014-12-19T19:38:15Z","updated_at":"2014-12-19T19:38:15Z","repo":"laravel","user":{"login":"GrahamCampbell","id":2829600},"owner":"laravel","id":22124104}
{"_id":{"$oid":"549b512abd354321ac011f37"},"commit_id":"56933e9d3d486ae4b5a4486407ce217c79b964d4","created_at":"2014-12-24T23:49:57Z","updated_at":"2014-12-24T23:49:57Z","repo":"laravel","user":{"login":"GrahamCampbell","id":2829600},"owner":"laravel","id":22265061}
{"_id":{"$oid":"549b5400bd3543262d011302"},"commit_id":"56933e9d3d486ae4b5a4486407ce217c79b964d4","created_at":"2014-12-24T23:54:29Z","updated_at":"2014-12-24T23:54:29Z","repo":"laravel","user":{"login":"coderabbi","id":790038},"owner":"laravel","id":22265094}
{"_id":{"$oid":"549bd901bd35432396011aaf"},"commit_id":"56933e9d3d486ae4b5a4486407ce217c79b964d4","created_at":"2014-12-25T09:29:33Z","updated_at":"2014-12-25T09:29:33Z","repo":"laravel","user":{"login":"franzliedke","id":249125},"owner":"laravel","id":22270449}
{"_id":{"$oid":"549bfe24bd3543262d012173"},"commit_id":"56933e9d3d486ae4b5a4486407ce217c79b964d4","created_at":"2014-12-25T12:08:00Z","updated_at":"2014-12-25T12:08:00Z","repo":"laravel","user":{"login":"coderabbi","id":790038},"owner":"laravel","id":22272279}
{"_id":{"$oid":"54a29114bd3543347401458d"},"commit_id":"0b01a101bcc22246222cf7c1dd87a77b49864319","created_at":"2014-12-30T11:48:31Z","updated_at":"2014-12-30T11:48:31Z","repo":"laravel","user":{"login":"GrahamCampbell","id":2829600},"owner":"laravel","id":22345478}
{"_id":{"$oid":"54a29120bd3543245501b06c"},"commit_id":"0b01a101bcc22246222cf7c1dd87a77b49864319","created_at":"2014-12-30T11:48:41Z","updated_at":"2014-12-30T11:48:41Z","repo":"laravel","user":{"login":"GrahamCampbell","id":2829600},"owner":"laravel","id":22345480}
{"_id":{"$oid":"54a31abdbd3543207801dd8e"},"commit_id":"0b01a101bcc22246222cf7c1dd87a77b49864319","created_at":"2014-12-30T21:35:42Z","updated_at":"2014-12-30T21:35:42Z","repo":"laravel","user":{"login":"chrispecoraro","id":307660},"owner":"laravel","id":22365848}
{"_id":{"$oid":"54a2ae18bd3543210a01cd0d"},"commit_id":"2c16b6bed889f5884dd9143f6eb22bd82de3df5a","created_at":"2014-12-30T13:52:12Z","updated_at":"2014-12-30T13:52:12Z","repo":"laravel","user":{"login":"GrahamCampbell","id":2829600},"owner":"laravel","id":22347885}
{"_id":{"$oid":"54a2ae16bd354321fb01c868"},"commit_id":"2c16b6bed889f5884dd9143f6eb22bd82de3df5a","created_at":"2014-12-30T13:52:15Z","updated_at":"2014-12-30T13:52:15Z","repo":"laravel","user":{"login":"GrahamCampbell","id":2829600},"owner":"laravel","id":22347887}
{"_id":{"$oid":"54a2ae18bd3543256501faca"},"commit_id":"2c16b6bed889f5884dd9143f6eb22bd82de3df5a","created_at":"2014-12-30T13:52:20Z","updated_at":"2014-12-30T13:52:20Z","repo":"laravel","user":{"login":"GrahamCampbell","id":2829600},"owner":"laravel","id":22347891}
{"_id":{"$oid":"54a2ae1cbd354320e901b82c"},"commit_id":"2c16b6bed889f5884dd9143f6eb22bd82de3df5a","created_at":"2014-12-30T13:52:23Z","updated_at":"2014-12-30T13:52:23Z","repo":"laravel","user":{"login":"GrahamCampbell","id":2829600},"owner":"laravel","id":22347894}
{"_id":{"$oid":"54a2ae34bd354320b401dfb7"},"commit_id":"2c16b6bed889f5884dd9143f6eb22bd82de3df5a","created_at":"2014-12-30T13:52:46Z","updated_at":"2014-12-30T13:52:46Z","repo":"laravel","user":{"login":"GrahamCampbell","id":2829600},"owner":"laravel","id":22347907}
{"_id":{"$oid":"54a2ae92bd354320df01dc3e"},"commit_id":"2c16b6bed889f5884dd9143f6eb22bd82de3df5a","created_at":"2014-12-30T13:54:15Z","updated_at":"2014-12-30T13:54:15Z","repo":"laravel","user":{"login":"lucasmichot","id":513603},"owner":"laravel","id":22347977}
{"_id":{"$oid":"54a2bb2ebd354332e201d1b0"},"commit_id":"2c16b6bed889f5884dd9143f6eb22bd82de3df5a","created_at":"2014-12-30T14:48:10Z","updated_at":"2014-12-30T14:48:10Z","repo":"laravel","user":{"login":"GrahamCampbell","id":2829600},"owner":"laravel","id":22349469}
{"_id":{"$oid":"54a78684bd35433a240060e4"},"commit_id":"d9b048819d2ab73921500ac75b86f9326049f01e","created_at":"2015-01-03T06:04:49Z","updated_at":"2015-01-03T06:04:49Z","repo":"laravel","user":{"login":"ibrasho","id":188776},"owner":"laravel","id":22429859}
{"_id":{"$oid":"54a7ab43bd354339fe005fb7"},"commit_id":"d9b048819d2ab73921500ac75b86f9326049f01e","created_at":"2015-01-03T08:41:33Z","updated_at":"2015-01-03T08:41:33Z","repo":"laravel","user":{"login":"johnathanmdell","id":1889981},"owner":"laravel","id":22430381}
{"_id":{"$oid":"54b6440bbd35434428000bc9"},"commit_id":"daf844e6c913b1e52a8ac352ae14670bc2baae87","created_at":"2015-01-11T23:59:22Z","updated_at":"2015-01-12T13:47:38Z","repo":"laravel","user":{"login":"Stichoza","id":1139050},"owner":"laravel","id":22772082}
{"_id":{"$oid":"54b723c5bd3543be0a004e13"},"commit_id":"daf844e6c913b1e52a8ac352ae14670bc2baae87","created_at":"2015-01-12T06:11:27Z","updated_at":"2015-01-12T13:47:38Z","repo":"laravel","user":{"login":"joecohens","id":1803556},"owner":"laravel","id":22776177}
{"_id":{"$oid":"54b64903bd3543385d000b98"},"commit_id":"daf844e6c913b1e52a8ac352ae14670bc2baae87","created_at":"2015-01-12T06:46:30Z","updated_at":"2015-01-12T13:47:38Z","repo":"laravel","user":{"login":"johnathanmdell","id":1889981},"owner":"laravel","id":22776667}
{"_id":{"$oid":"54b6492cbd354335b5000d5c"},"commit_id":"daf844e6c913b1e52a8ac352ae14670bc2baae87","created_at":"2015-01-12T06:54:23Z","updated_at":"2015-01-12T13:47:38Z","repo":"laravel","user":{"login":"Stichoza","id":1139050},"owner":"laravel","id":22776783}
{"_id":{"$oid":"54b6498cbd35434139000f62"},"commit_id":"daf844e6c913b1e52a8ac352ae14670bc2baae87","created_at":"2015-01-12T07:21:01Z","updated_at":"2015-01-12T13:47:38Z","repo":"laravel","user":{"login":"johnathanmdell","id":1889981},"owner":"laravel","id":22777176}
{"_id":{"$oid":"54b649cabd3543478d000bbc"},"commit_id":"daf844e6c913b1e52a8ac352ae14670bc2baae87","created_at":"2015-01-12T07:33:14Z","updated_at":"2015-01-12T13:47:38Z","repo":"laravel","user":{"login":"crynobone","id":172966},"owner":"laravel","id":22777369}
{"_id":{"$oid":"54b649e9bd354334de000b34"},"commit_id":"daf844e6c913b1e52a8ac352ae14670bc2baae87","created_at":"2015-01-12T07:35:16Z","updated_at":"2015-01-12T13:47:38Z","repo":"laravel","user":{"login":"joecohens","id":1803556},"owner":"laravel","id":22777416}
{"_id":{"$oid":"54b64a50bd354336110006cc"},"commit_id":"daf844e6c913b1e52a8ac352ae14670bc2baae87","created_at":"2015-01-12T08:06:43Z","updated_at":"2015-01-12T13:47:38Z","repo":"laravel","user":{"login":"johnathanmdell","id":1889981},"owner":"laravel","id":22777998}
{"_id":{"$oid":"54b64abebd354348b6003d56"},"commit_id":"daf844e6c913b1e52a8ac352ae14670bc2baae87","created_at":"2015-01-12T08:28:26Z","updated_at":"2015-01-12T13:47:38Z","repo":"laravel","user":{"login":"joecohens","id":1803556},"owner":"laravel","id":22778494}
{"_id":{"$oid":"54b6500abd3543354000084d"},"commit_id":"daf844e6c913b1e52a8ac352ae14670bc2baae87","created_at":"2015-01-12T09:15:16Z","updated_at":"2015-01-12T13:47:38Z","repo":"laravel","user":{"login":"johnathanmdell","id":1889981},"owner":"laravel","id":22779953}
{"_id":{"$oid":"54b64ca0bd35434437001205"},"commit_id":"daf844e6c913b1e52a8ac352ae14670bc2baae87","created_at":"2015-01-12T09:31:51Z","updated_at":"2015-01-12T13:47:38Z","repo":"laravel","user":{"login":"crynobone","id":172966},"owner":"laravel","id":22780552}
{"_id":{"$oid":"54b65247bd35433e7a000f0e"},"commit_id":"daf844e6c913b1e52a8ac352ae14670bc2baae87","created_at":"2015-01-12T10:24:50Z","updated_at":"2015-01-12T13:47:38Z","repo":"laravel","user":{"login":"johnathanmdell","id":1889981},"owner":"laravel","id":22782638}
{"_id":{"$oid":"54b723c5bd3543be0a004e14"},"commit_id":"daf844e6c913b1e52a8ac352ae14670bc2baae87","created_at":"2015-01-12T10:56:07Z","updated_at":"2015-01-12T13:47:38Z","repo":"laravel","user":{"login":"crynobone","id":172966},"owner":"laravel","id":22783836}
{"_id":{"$oid":"54b6542ebd35434157000c37"},"commit_id":"daf844e6c913b1e52a8ac352ae14670bc2baae87","created_at":"2015-01-12T11:16:44Z","updated_at":"2015-01-12T13:47:38Z","repo":"laravel","user":{"login":"crynobone","id":172966},"owner":"laravel","id":22784504}
{"_id":{"$oid":"54b655c5bd354335b50012a1"},"commit_id":"daf844e6c913b1e52a8ac352ae14670bc2baae87","created_at":"2015-01-12T12:15:55Z","updated_at":"2015-01-12T13:47:38Z","repo":"laravel","user":{"login":"johnathanmdell","id":1889981},"owner":"laravel","id":22786493}
{"_id":{"$oid":"54b65649bd3543355e001135"},"commit_id":"daf844e6c913b1e52a8ac352ae14670bc2baae87","created_at":"2015-01-12T12:32:41Z","updated_at":"2015-01-12T13:47:38Z","repo":"laravel","user":{"login":"filipac","id":271155},"owner":"laravel","id":22787145}
{"_id":{"$oid":"54b6566cbd354335e00011ef"},"commit_id":"daf844e6c913b1e52a8ac352ae14670bc2baae87","created_at":"2015-01-12T12:40:56Z","updated_at":"2015-01-12T13:47:38Z","repo":"laravel","user":{"login":"johnathanmdell","id":1889981},"owner":"laravel","id":22787434}
{"_id":{"$oid":"54b723c5bd3543be0a004e15"},"commit_id":"daf844e6c913b1e52a8ac352ae14670bc2baae87","created_at":"2015-01-14T02:26:58Z","updated_at":"2015-01-14T02:31:12Z","repo":"laravel","user":{"login":"stuarthannig","id":3616106},"owner":"laravel","id":22913233}
{"_id":{"$oid":"54bb80bebd3543022c016152"},"commit_id":"3c5f28d8da5011e47b25d7f0f94c5ea363a77a62","created_at":"2015-01-18T09:45:25Z","updated_at":"2015-01-18T09:45:25Z","repo":"laravel","user":{"login":"GrahamCampbell","id":2829600},"owner":"laravel","id":23132107}
{"_id":{"$oid":"54bb8741bd3543fe3a01713c"},"commit_id":"05eb99fc83c00eb7c75280a5e99d766364f59b44","created_at":"2015-01-18T10:13:17Z","updated_at":"2015-01-18T10:13:17Z","repo":"laravel","user":{"login":"darryldecode","id":5498919},"owner":"laravel","id":23132246}
{"_id":{"$oid":"54c92e85bd3543e64401b349"},"commit_id":"7c4fe555e33fc958dfc2712d26e7345880cea2b4","created_at":"2015-01-28T18:46:19Z","updated_at":"2015-01-28T18:46:19Z","repo":"laravel","user":{"login":"joecohens","id":1803556},"owner":"laravel","id":23711159}
{"_id":{"$oid":"54c92e97bd3543e9ef01b576"},"commit_id":"7c4fe555e33fc958dfc2712d26e7345880cea2b4","created_at":"2015-01-28T18:46:37Z","updated_at":"2015-01-28T18:46:37Z","repo":"laravel","user":{"login":"joecohens","id":1803556},"owner":"laravel","id":23711185}
{"_id":{"$oid":"54c92ebebd3543e0d501b09e"},"commit_id":"7c4fe555e33fc958dfc2712d26e7345880cea2b4","created_at":"2015-01-28T18:47:17Z","updated_at":"2015-01-28T18:47:17Z","repo":"laravel","user":{"login":"DavidLemayian","id":877919},"owner":"laravel","id":23711248}
{"_id":{"$oid":"54c92f18bd3543e31301b4c1"},"commit_id":"7c4fe555e33fc958dfc2712d26e7345880cea2b4","created_at":"2015-01-28T18:48:51Z","updated_at":"2015-01-28T18:48:51Z","repo":"laravel","user":{"login":"joecohens","id":1803556},"owner":"laravel","id":23711375}
{"_id":{"$oid":"54cf62c3bd35433ec600c06c"},"commit_id":"784d5dd930d588e162c604712e091bc8b2142365","created_at":"2015-02-02T11:42:55Z","updated_at":"2015-02-02T11:42:55Z","repo":"laravel","user":{"login":"GrahamCampbell","id":2829600},"owner":"laravel","id":23919597}
{"_id":{"$oid":"54cf62cbbd35434f9400bff7"},"commit_id":"784d5dd930d588e162c604712e091bc8b2142365","created_at":"2015-02-02T11:42:58Z","updated_at":"2015-02-02T11:42:58Z","repo":"laravel","user":{"login":"GrahamCampbell","id":2829600},"owner":"laravel","id":23919601}
{"_id":{"$oid":"54cf62d2bd3543508100c573"},"commit_id":"784d5dd930d588e162c604712e091bc8b2142365","created_at":"2015-02-02T11:43:03Z","updated_at":"2015-02-02T11:43:03Z","repo":"laravel","user":{"login":"GrahamCampbell","id":2829600},"owner":"laravel","id":23919609}
{"_id":{"$oid":"54cf62d2bd35434fe300c23c"},"commit_id":"784d5dd930d588e162c604712e091bc8b2142365","created_at":"2015-02-02T11:43:06Z","updated_at":"2015-02-02T11:43:06Z","repo":"laravel","user":{"login":"GrahamCampbell","id":2829600},"owner":"laravel","id":23919610}
{"_id":{"$oid":"54cf62d7bd35433be900a071"},"commit_id":"784d5dd930d588e162c604712e091bc8b2142365","created_at":"2015-02-02T11:43:13Z","updated_at":"2015-02-02T11:43:13Z","repo":"laravel","user":{"login":"GrahamCampbell","id":2829600},"owner":"laravel","id":23919617}
{"_id":{"$oid":"54dd2e59bd35434d9400265e"},"commit_id":"4316e32bbdd8021ef8f3d6f642a6ae11041d9220","created_at":"2015-02-12T22:50:59Z","updated_at":"2015-02-12T22:50:59Z","repo":"laravel","user":{"login":"GrahamCampbell","id":2829600},"owner":"laravel","id":24628831}
{"_id":{"$oid":"54ddade6bd35435c58003b37"},"commit_id":"d178f17cb5bbce83e0243df832ac01d5dc4c2aaf","created_at":"2015-02-13T07:55:14Z","updated_at":"2015-02-13T07:55:14Z","repo":"laravel","user":{"login":"jotaelesalinas","id":2042875},"owner":"laravel","id":24648956}
{"_id":{"$oid":"54e9c895bd35436e4f00944c"},"commit_id":"ca2eef77167344dc1c9681eb0bc8027802b19382","created_at":"2015-02-22T12:16:02Z","updated_at":"2015-02-22T12:16:02Z","repo":"laravel","user":{"login":"AtroxDev","id":1037067},"owner":"laravel","id":25131512}
{"_id":{"$oid":"54e9c8c3bd354363ac00a2da"},"commit_id":"ca2eef77167344dc1c9681eb0bc8027802b19382","created_at":"2015-02-22T12:16:53Z","updated_at":"2015-02-22T12:16:53Z","repo":"laravel","user":{"login":"GrahamCampbell","id":2829600},"owner":"laravel","id":25131514}
{"_id":{"$oid":"54e9c992bd3543627c009598"},"commit_id":"ca2eef77167344dc1c9681eb0bc8027802b19382","created_at":"2015-02-22T12:20:06Z","updated_at":"2015-02-22T12:20:06Z","repo":"laravel","user":{"login":"AtroxDev","id":1037067},"owner":"laravel","id":25131541}
{"_id":{"$oid":"54e3c666bd354384e300e538"},"commit_id":"20cc46ca3a951132f233cd2d4b9dde2aaa5997fb","created_at":"2015-02-17T22:53:23Z","updated_at":"2015-02-17T22:53:23Z","repo":"laravel","user":{"login":"crynobone","id":172966},"owner":"laravel","id":24863067}
{"_id":{"$oid":"54e3c7e4bd35437af500e7bd"},"commit_id":"4310e0b3eaac71ae998c8a646b40608c6a5465f4","created_at":"2015-02-17T22:59:37Z","updated_at":"2015-02-17T22:59:39Z","repo":"laravel","user":{"login":"GrahamCampbell","id":2829600},"owner":"laravel","id":24863614}
{"_id":{"$oid":"54e3c804bd3543899000e443"},"commit_id":"4310e0b3eaac71ae998c8a646b40608c6a5465f4","created_at":"2015-02-17T23:00:16Z","updated_at":"2015-02-17T23:00:16Z","repo":"laravel","user":{"login":"martinbean","id":167312},"owner":"laravel","id":24863676}
{"_id":{"$oid":"54f2c2bbbd3543d9640118e9"},"commit_id":"3dced596a0c37b75880a3e0c5e45d19d2c78c4f6","created_at":"2015-03-01T07:41:42Z","updated_at":"2015-03-01T07:41:42Z","repo":"laravel","user":{"login":"overtrue","id":1472352},"owner":"laravel","id":25565008}
{"_id":{"$oid":"54f9b4e4bd3543c37500f4f6"},"commit_id":"a3218bb7373a4e19aa13ac8f05a7ce2a2cbb230e","created_at":"2015-03-06T14:08:27Z","updated_at":"2015-03-06T14:08:27Z","repo":"laravel","user":{"login":"RomainLanz","id":2793951},"owner":"laravel","id":25945891}
{"_id":{"$oid":"54f9b4e7bd3543d8e100d70d"},"commit_id":"a3218bb7373a4e19aa13ac8f05a7ce2a2cbb230e","created_at":"2015-03-06T14:08:32Z","updated_at":"2015-03-06T14:08:32Z","repo":"laravel","user":{"login":"RomainLanz","id":2793951},"owner":"laravel","id":25945893}
{"_id":{"$oid":"551d51f2bd35436b22009b13"},"commit_id":"c4aff28a4a0d1449e19b4a08e3d99464c253bccb","created_at":"2015-04-02T14:27:07Z","updated_at":"2015-04-02T14:27:07Z","repo":"laravel","user":{"login":"taiyaei","id":3488360},"owner":"laravel","id":27661472}
{"_id":{"$oid":"551d52a6bd35436a6c007e87"},"commit_id":"c4aff28a4a0d1449e19b4a08e3d99464c253bccb","created_at":"2015-04-02T14:27:11Z","updated_at":"2015-04-02T14:27:11Z","repo":"laravel","user":{"login":"taiyaei","id":3488360},"owner":"laravel","id":27661483}
{"_id":{"$oid":"551d7fddbd35436c2b008dfe"},"commit_id":"0d08fcf28107508a3f6135ae421fd06b29bc4371","created_at":"2015-04-02T15:08:06Z","updated_at":"2015-04-02T15:08:31Z","repo":"laravel","user":{"login":"GrahamCampbell","id":2829600},"owner":"laravel","id":27665417}
{"_id":{"$oid":"552e2217bd354361c0035e45"},"commit_id":"ddf92f951301cd44d4b249ba40d62898cd56b045","created_at":"2015-04-15T08:32:06Z","updated_at":"2015-04-15T08:32:06Z","repo":"laravel","user":{"login":"mickaelandrieu","id":1247388},"owner":"laravel","id":28401843}
{"_id":{"$oid":"552e23d0bd3543620f0371f2"},"commit_id":"ddf92f951301cd44d4b249ba40d62898cd56b045","created_at":"2015-04-15T08:39:39Z","updated_at":"2015-04-15T08:39:39Z","repo":"laravel","user":{"login":"RomainLanz","id":2793951},"owner":"laravel","id":28402229}
{"_id":{"$oid":"552e2ddbbd354376e1035357"},"commit_id":"ddf92f951301cd44d4b249ba40d62898cd56b045","created_at":"2015-04-15T09:22:32Z","updated_at":"2015-04-15T09:22:32Z","repo":"laravel","user":{"login":"mickaelandrieu","id":1247388},"owner":"laravel","id":28404805}
{"_id":{"$oid":"554942e4bd3543609c000c5a"},"commit_id":"78c87a34f18585886870125ed00f35d708148751","created_at":"2015-05-05T22:23:25Z","updated_at":"2015-05-05T22:23:25Z","repo":"laravel","user":{"login":"taylorotwell","id":463230},"owner":"laravel","id":29719711}
{"_id":{"$oid":"554a4b93bd3543636a003d4f"},"commit_id":"a457d911395d51002274e66efbae20c5e8fd37a3","created_at":"2015-05-06T17:12:47Z","updated_at":"2015-05-06T17:12:47Z","repo":"laravel","user":{"login":"GrahamCampbell","id":2829600},"owner":"laravel","id":29779815}
{"_id":{"$oid":"554a50d8bd3543603200407a"},"commit_id":"a457d911395d51002274e66efbae20c5e8fd37a3","created_at":"2015-05-06T17:35:15Z","updated_at":"2015-05-06T17:35:15Z","repo":"laravel","user":{"login":"lukeb","id":126996},"owner":"laravel","id":29781916}
{"_id":{"$oid":"554a52b7bd354362130040d8"},"commit_id":"a457d911395d51002274e66efbae20c5e8fd37a3","created_at":"2015-05-06T17:43:15Z","updated_at":"2015-05-06T17:43:15Z","repo":"laravel","user":{"login":"GrahamCampbell","id":2829600},"owner":"laravel","id":29782700}
{"_id":{"$oid":"554a58aabd3543611500413f"},"commit_id":"a457d911395d51002274e66efbae20c5e8fd37a3","created_at":"2015-05-06T18:08:36Z","updated_at":"2015-05-06T18:08:36Z","repo":"laravel","user":{"login":"lukeb","id":126996},"owner":"laravel","id":29785163}
{"_id":{"$oid":"554a89ebbd354362dd004b2e"},"commit_id":"a457d911395d51002274e66efbae20c5e8fd37a3","created_at":"2015-05-06T21:38:42Z","updated_at":"2015-05-06T21:38:42Z","repo":"laravel","user":{"login":"GrahamCampbell","id":2829600},"owner":"laravel","id":29805067}
{"_id":{"$oid":"554a8c9dbd354363b6004e50"},"commit_id":"a457d911395d51002274e66efbae20c5e8fd37a3","created_at":"2015-05-06T21:50:13Z","updated_at":"2015-05-06T21:50:13Z","repo":"laravel","user":{"login":"JeffreyWay","id":183223},"owner":"laravel","id":29806024}
{"_id":{"$oid":"554a99bbbd3543603200509b"},"commit_id":"cfb7275779cb05ad606d1411d05d0f68b4acbb0f","created_at":"2015-05-06T22:46:14Z","updated_at":"2015-05-06T22:46:14Z","repo":"laravel","user":{"login":"lukeb","id":126996},"owner":"laravel","id":29810442}
{"_id":{"$oid":"554ac640bd35435f6c005900"},"commit_id":"4ef742d647869146ede7d16d29645ec081edd0a5","created_at":"2015-05-07T01:56:12Z","updated_at":"2015-05-07T01:56:12Z","repo":"laravel","user":{"login":"overtrue","id":1472352},"owner":"laravel","id":29819359}
{"_id":{"$oid":"554ac64abd3543609c005839"},"commit_id":"4ef742d647869146ede7d16d29645ec081edd0a5","created_at":"2015-05-07T01:56:20Z","updated_at":"2015-05-07T01:56:20Z","repo":"laravel","user":{"login":"overtrue","id":1472352},"owner":"laravel","id":29819366}
{"_id":{"$oid":"554f9afbbd3543d34700150e"},"commit_id":"7505f06f08c80f4d17573e60da707cd9afcea04e","created_at":"2015-05-10T03:06:03Z","updated_at":"2015-05-10T03:06:03Z","repo":"laravel","user":{"login":"crynobone","id":172966},"owner":"laravel","id":29998364}
{"_id":{"$oid":"555eb4bcbd3543060300325e"},"commit_id":"4761ebd6f00841b9583b949f8c2a3a0676355937","created_at":"2015-05-22T04:46:47Z","updated_at":"2015-05-22T04:46:47Z","repo":"laravel","user":{"login":"taiyaei","id":3488360},"owner":"laravel","id":30869279}
{"_id":{"$oid":"555ef362bd3543f06d0037ff"},"commit_id":"4761ebd6f00841b9583b949f8c2a3a0676355937","created_at":"2015-05-22T09:14:06Z","updated_at":"2015-05-22T09:14:06Z","repo":"laravel","user":{"login":"mickaelandrieu","id":1247388},"owner":"laravel","id":30880208}
{"_id":{"$oid":"555f9054bd3543f042005c14"},"commit_id":"89b193aab383d2d8a8d0aad64197526d5b9ef136","created_at":"2015-05-22T20:23:43Z","updated_at":"2015-05-22T20:23:43Z","repo":"laravel","user":{"login":"taylorotwell","id":463230},"owner":"laravel","id":30927662}
{"_id":{"$oid":"555fb105bd354305300063cf"},"commit_id":"89b193aab383d2d8a8d0aad64197526d5b9ef136","created_at":"2015-05-22T22:43:14Z","updated_at":"2015-05-22T22:43:14Z","repo":"laravel","user":{"login":"rafaelfs17","id":8284165},"owner":"laravel","id":30936093}
{"_id":{"$oid":"5571aa83bd35434fcb000c2f"},"commit_id":"58db25b9f5bef52b9cac0678e79eb2b8f1b322cb","created_at":"2015-06-05T13:56:11Z","updated_at":"2015-06-05T13:56:11Z","repo":"laravel","user":{"login":"GrahamCampbell","id":2829600},"owner":"laravel","id":31814100}
{"_id":{"$oid":"5571aa81bd35435266000d45"},"commit_id":"58db25b9f5bef52b9cac0678e79eb2b8f1b322cb","created_at":"2015-06-05T13:56:14Z","updated_at":"2015-06-05T13:56:14Z","repo":"laravel","user":{"login":"GrahamCampbell","id":2829600},"owner":"laravel","id":31814102}
{"_id":{"$oid":"5571ac38bd354356f9000d04"},"commit_id":"58db25b9f5bef52b9cac0678e79eb2b8f1b322cb","created_at":"2015-06-05T14:03:28Z","updated_at":"2015-06-05T14:03:28Z","repo":"laravel","user":{"login":"nWidart","id":882397},"owner":"laravel","id":31814652}
{"_id":{"$oid":"558693d6bd3543bf40000e21"},"commit_id":"8f3e5c1a67b524d157b4a3f875d92d287891754a","created_at":"2015-06-18T19:44:44Z","updated_at":"2015-06-18T19:44:44Z","repo":"laravel","user":{"login":"GrahamCampbell","id":2829600},"owner":"laravel","id":32770132}
{"_id":{"$oid":"558693a3bd3543b876000c77"},"commit_id":"8f3e5c1a67b524d157b4a3f875d92d287891754a","created_at":"2015-06-18T19:45:03Z","updated_at":"2015-06-18T19:45:03Z","repo":"laravel","user":{"login":"GrahamCampbell","id":2829600},"owner":"laravel","id":32770156}
{"_id":{"$oid":"558696a6bd3543c7dc000b4b"},"commit_id":"8f3e5c1a67b524d157b4a3f875d92d287891754a","created_at":"2015-06-18T19:45:11Z","updated_at":"2015-06-18T19:45:11Z","repo":"laravel","user":{"login":"GrahamCampbell","id":2829600},"owner":"laravel","id":32770166}
{"_id":{"$oid":"558693c7bd3543c169000bd5"},"commit_id":"8f3e5c1a67b524d157b4a3f875d92d287891754a","created_at":"2015-06-18T19:45:21Z","updated_at":"2015-06-18T19:45:21Z","repo":"laravel","user":{"login":"GrahamCampbell","id":2829600},"owner":"laravel","id":32770179}
