{"_id":{"$oid":"51c0dd7ebd35437a9a007306"},"commit_id":"11beeaf24e405d13a5f940349bc96c3917387792","created_at":"2011-09-26T15:55:11Z","updated_at":"2011-09-26T15:55:11Z","repo":"AFNetworking","user":{"login":"0xced","id":51363},"owner":"AFNetworking","id":140439}
{"_id":{"$oid":"5117c8a9bd35439a6c000148"},"commit_id":"eab584ea9883dd073b8049fc0c180d93d8a4992d","created_at":"2011-11-19T01:53:15Z","updated_at":"2011-11-19T01:53:15Z","repo":"AFNetworking","user":{"login":"jparise","id":10311},"owner":"AFNetworking","id":240310}
{"_id":{"$oid":"51d622a2bd3543b791000001"},"commit_id":"14c5a00ed4b583e5a0021339c536fc7249deb528","created_at":"2011-12-15T20:02:20Z","updated_at":"2011-12-15T20:02:20Z","repo":"AFNetworking","user":{"login":"jparise","id":10311},"owner":"AFNetworking","id":297660}
{"_id":{"$oid":"51dab836bd3543997d000001"},"commit_id":"dde9353eadb00ef1d1ca566ebcc0941fa6e9f143","created_at":"2013-01-08T03:48:58Z","updated_at":"2013-01-08T03:48:58Z","repo":"AFNetworking","user":{"login":"blakewatters","id":8392},"owner":"AFNetworking","id":2573336}
{"_id":{"$oid":"51d6cb26bd35431ceb000001"},"commit_id":"effd1136d2100d5acb555f2144568d54708434fe","created_at":"2013-02-08T15:04:05Z","updated_at":"2013-02-08T15:04:05Z","repo":"AFNetworking","user":{"login":"dstnbrkr","id":32656},"owner":"AFNetworking","id":2943592}
{"_id":{"$oid":"51d6cb26bd35431ceb000002"},"commit_id":"effd1136d2100d5acb555f2144568d54708434fe","created_at":"2013-02-08T15:30:56Z","updated_at":"2013-02-08T15:30:56Z","repo":"AFNetworking","user":{"login":"dstnbrkr","id":32656},"owner":"AFNetworking","id":2944014}
{"_id":{"$oid":"51d6cb26bd35431ceb000003"},"commit_id":"effd1136d2100d5acb555f2144568d54708434fe","created_at":"2013-02-08T18:08:55Z","updated_at":"2013-02-08T18:08:55Z","repo":"AFNetworking","user":{"login":"OliverLetterer","id":688377},"owner":"AFNetworking","id":2946512}
{"_id":{"$oid":"51d6cb26bd35431ceb000004"},"commit_id":"effd1136d2100d5acb555f2144568d54708434fe","created_at":"2013-02-08T18:09:09Z","updated_at":"2013-02-08T18:09:09Z","repo":"AFNetworking","user":{"login":"OliverLetterer","id":688377},"owner":"AFNetworking","id":2946514}
{"_id":{"$oid":"51db2a1abd354303f9000001"},"commit_id":"ce09f71a05cde20141b8b0487204614f9e26603a","created_at":"2013-03-05T21:18:03Z","updated_at":"2013-03-05T21:22:52Z","repo":"AFNetworking","user":{"login":"Pierre-Loup","id":642376},"owner":"AFNetworking","id":3251216}
{"_id":{"$oid":"51d7ff5fbd3543ee90000001"},"commit_id":"30adc3687908dc358c77fdc9ae767cb884bf1e6e","created_at":"2013-05-11T09:57:33Z","updated_at":"2013-05-13T19:39:58Z","repo":"AFNetworking","user":{"login":"yas375","id":217368},"owner":"AFNetworking","id":4182922}
{"_id":{"$oid":"51d7ff5fbd3543ee90000002"},"commit_id":"30adc3687908dc358c77fdc9ae767cb884bf1e6e","created_at":"2013-05-11T09:59:04Z","updated_at":"2013-05-13T19:39:58Z","repo":"AFNetworking","user":{"login":"yas375","id":217368},"owner":"AFNetworking","id":4182924}
{"_id":{"$oid":"51d7ff5fbd3543ee90000003"},"commit_id":"30adc3687908dc358c77fdc9ae767cb884bf1e6e","created_at":"2013-05-12T09:08:56Z","updated_at":"2013-05-13T19:39:58Z","repo":"AFNetworking","user":{"login":"yas375","id":217368},"owner":"AFNetworking","id":4185135}
{"_id":{"$oid":"51d7ff5fbd3543ee90000004"},"commit_id":"30adc3687908dc358c77fdc9ae767cb884bf1e6e","created_at":"2013-05-12T11:28:04Z","updated_at":"2013-05-13T19:39:58Z","repo":"AFNetworking","user":{"login":"yas375","id":217368},"owner":"AFNetworking","id":4185292}
{"_id":{"$oid":"51d7ff5fbd3543ee90000005"},"commit_id":"30adc3687908dc358c77fdc9ae767cb884bf1e6e","created_at":"2013-05-12T11:54:45Z","updated_at":"2013-05-13T19:39:58Z","repo":"AFNetworking","user":{"login":"yas375","id":217368},"owner":"AFNetworking","id":4185322}
{"_id":{"$oid":"51d7ff5fbd3543ee90000006"},"commit_id":"30adc3687908dc358c77fdc9ae767cb884bf1e6e","created_at":"2013-05-13T13:13:48Z","updated_at":"2013-05-13T19:39:58Z","repo":"AFNetworking","user":{"login":"blakewatters","id":8392},"owner":"AFNetworking","id":4192333}
{"_id":{"$oid":"51d7ff5fbd3543ee90000007"},"commit_id":"30adc3687908dc358c77fdc9ae767cb884bf1e6e","created_at":"2013-05-13T13:33:18Z","updated_at":"2013-05-13T19:39:58Z","repo":"AFNetworking","user":{"login":"yas375","id":217368},"owner":"AFNetworking","id":4192637}
{"_id":{"$oid":"51d7ff5fbd3543ee90000008"},"commit_id":"30adc3687908dc358c77fdc9ae767cb884bf1e6e","created_at":"2013-05-13T13:43:40Z","updated_at":"2013-05-13T19:39:58Z","repo":"AFNetworking","user":{"login":"blakewatters","id":8392},"owner":"AFNetworking","id":4192842}
{"_id":{"$oid":"51d7ff5fbd3543ee90000009"},"commit_id":"30adc3687908dc358c77fdc9ae767cb884bf1e6e","created_at":"2013-05-16T16:28:07Z","updated_at":"2013-05-16T16:28:07Z","repo":"AFNetworking","user":{"login":"mattt","id":7659},"owner":"AFNetworking","id":4258572}
{"_id":{"$oid":"51d927b8bd35438342000001"},"commit_id":"1ef25448b3328ca3f2f442cbe0129db461749832","created_at":"2013-05-16T20:29:06Z","updated_at":"2013-05-17T20:23:42Z","repo":"AFNetworking","user":{"login":"kcharwood","id":198768},"owner":"AFNetworking","id":4264490}
{"_id":{"$oid":"51d927b8bd35438342000002"},"commit_id":"1ef25448b3328ca3f2f442cbe0129db461749832","created_at":"2013-05-16T20:30:24Z","updated_at":"2013-05-17T20:23:42Z","repo":"AFNetworking","user":{"login":"kcharwood","id":198768},"owner":"AFNetworking","id":4264521}
{"_id":{"$oid":"51d927b8bd35438342000003"},"commit_id":"1ef25448b3328ca3f2f442cbe0129db461749832","created_at":"2013-05-16T20:30:42Z","updated_at":"2013-05-17T20:23:42Z","repo":"AFNetworking","user":{"login":"kcharwood","id":198768},"owner":"AFNetworking","id":4264534}
{"_id":{"$oid":"51d927b8bd35438342000004"},"commit_id":"1ef25448b3328ca3f2f442cbe0129db461749832","created_at":"2013-05-16T20:30:56Z","updated_at":"2013-05-17T20:23:42Z","repo":"AFNetworking","user":{"login":"OliverLetterer","id":688377},"owner":"AFNetworking","id":4264542}
{"_id":{"$oid":"51d927b8bd35438342000005"},"commit_id":"1ef25448b3328ca3f2f442cbe0129db461749832","created_at":"2013-05-16T20:31:05Z","updated_at":"2013-05-17T20:23:42Z","repo":"AFNetworking","user":{"login":"kcharwood","id":198768},"owner":"AFNetworking","id":4264544}
{"_id":{"$oid":"51d927b8bd35438342000006"},"commit_id":"1ef25448b3328ca3f2f442cbe0129db461749832","created_at":"2013-05-16T20:32:27Z","updated_at":"2013-05-17T20:23:42Z","repo":"AFNetworking","user":{"login":"kcharwood","id":198768},"owner":"AFNetworking","id":4264585}
{"_id":{"$oid":"51d927b8bd35438342000007"},"commit_id":"1ef25448b3328ca3f2f442cbe0129db461749832","created_at":"2013-05-16T20:35:02Z","updated_at":"2013-05-17T20:23:42Z","repo":"AFNetworking","user":{"login":"kcharwood","id":198768},"owner":"AFNetworking","id":4264656}
{"_id":{"$oid":"51d927b8bd35438342000008"},"commit_id":"1ef25448b3328ca3f2f442cbe0129db461749832","created_at":"2013-05-16T20:56:45Z","updated_at":"2013-05-17T20:23:42Z","repo":"AFNetworking","user":{"login":"kcharwood","id":198768},"owner":"AFNetworking","id":4265210}
{"_id":{"$oid":"51d927b8bd35438342000009"},"commit_id":"1ef25448b3328ca3f2f442cbe0129db461749832","created_at":"2013-05-16T21:09:54Z","updated_at":"2013-05-17T20:23:42Z","repo":"AFNetworking","user":{"login":"kcharwood","id":198768},"owner":"AFNetworking","id":4265454}
{"_id":{"$oid":"51d927b8bd3543834200000a"},"commit_id":"1ef25448b3328ca3f2f442cbe0129db461749832","created_at":"2013-05-16T21:15:52Z","updated_at":"2013-05-17T20:23:42Z","repo":"AFNetworking","user":{"login":"OliverLetterer","id":688377},"owner":"AFNetworking","id":4265597}
{"_id":{"$oid":"51d927b8bd3543834200000b"},"commit_id":"1ef25448b3328ca3f2f442cbe0129db461749832","created_at":"2013-05-16T21:17:45Z","updated_at":"2013-05-17T20:23:42Z","repo":"AFNetworking","user":{"login":"kcharwood","id":198768},"owner":"AFNetworking","id":4265642}
{"_id":{"$oid":"51db01b4bd3543295a000001"},"commit_id":"f200850c439f3f0c99e79190664c45a71a1bed0b","created_at":"2013-05-18T16:37:44Z","updated_at":"2013-05-19T11:28:08Z","repo":"AFNetworking","user":{"login":"kcharwood","id":198768},"owner":"AFNetworking","id":4288380}
{"_id":{"$oid":"51db01b4bd3543295a000002"},"commit_id":"f200850c439f3f0c99e79190664c45a71a1bed0b","created_at":"2013-05-18T16:38:15Z","updated_at":"2013-05-19T11:28:08Z","repo":"AFNetworking","user":{"login":"kcharwood","id":198768},"owner":"AFNetworking","id":4288381}
{"_id":{"$oid":"51db01b4bd3543295a000003"},"commit_id":"f200850c439f3f0c99e79190664c45a71a1bed0b","created_at":"2013-05-18T16:43:00Z","updated_at":"2013-05-19T11:28:08Z","repo":"AFNetworking","user":{"login":"kcharwood","id":198768},"owner":"AFNetworking","id":4288395}
{"_id":{"$oid":"52121f8ebd3543a71d0001ad"},"commit_id":"be94768ba0d6ff81eaa129597e4272bd4049ac98","created_at":"2013-08-19T13:37:12Z","updated_at":"2013-08-19T13:37:12Z","repo":"AFNetworking","user":{"login":"kcharwood","id":198768},"owner":"AFNetworking","id":5841905}
{"_id":{"$oid":"52121fcdbd3543c039000187"},"commit_id":"be94768ba0d6ff81eaa129597e4272bd4049ac98","created_at":"2013-08-19T13:38:18Z","updated_at":"2013-08-19T13:38:18Z","repo":"AFNetworking","user":{"login":"subdigital","id":59140},"owner":"AFNetworking","id":5841930}
{"_id":{"$oid":"5212202bbd3543a8380001a5"},"commit_id":"be94768ba0d6ff81eaa129597e4272bd4049ac98","created_at":"2013-08-19T13:39:50Z","updated_at":"2013-08-19T13:39:50Z","repo":"AFNetworking","user":{"login":"kcharwood","id":198768},"owner":"AFNetworking","id":5841969}
{"_id":{"$oid":"52126492bd35433eb9000142"},"commit_id":"86f062fcf13b72be8d843832b9bcb534d839a3d2","created_at":"2013-08-19T18:31:42Z","updated_at":"2013-08-19T18:31:42Z","repo":"AFNetworking","user":{"login":"mattt","id":7659},"owner":"AFNetworking","id":5850124}
{"_id":{"$oid":"521375f2bd354314bb000212"},"commit_id":"f2d0a32367aeba6bf10a09888bfaea79ae415fdc","created_at":"2013-08-20T13:58:07Z","updated_at":"2013-08-20T13:58:07Z","repo":"AFNetworking","user":{"login":"blakewatters","id":8392},"owner":"AFNetworking","id":5868842}
{"_id":{"$oid":"5248f034bd3543fcbf00af51"},"commit_id":"c05330129e21811b27e01bb6b166b91357cdb61a","created_at":"2013-09-27T17:59:45Z","updated_at":"2013-09-27T17:59:45Z","repo":"AFNetworking","user":{"login":"soffes","id":52870},"owner":"AFNetworking","id":6634628}
{"_id":{"$oid":"5277eaa5bd35438f42000292"},"commit_id":"44ec25b01bfe8205d8bc585b437167db5bb3a051","created_at":"2013-11-04T18:42:39Z","updated_at":"2013-11-04T18:42:39Z","repo":"AFNetworking","user":{"login":"kcharwood","id":198768},"owner":"AFNetworking","id":7408894}
{"_id":{"$oid":"5277eabdbd35438fb000020c"},"commit_id":"44ec25b01bfe8205d8bc585b437167db5bb3a051","created_at":"2013-11-04T18:43:05Z","updated_at":"2013-11-04T18:43:05Z","repo":"AFNetworking","user":{"login":"kcharwood","id":198768},"owner":"AFNetworking","id":7408908}
{"_id":{"$oid":"5277eb50bd35438f1e000280"},"commit_id":"44ec25b01bfe8205d8bc585b437167db5bb3a051","created_at":"2013-11-04T18:45:32Z","updated_at":"2013-11-04T18:45:32Z","repo":"AFNetworking","user":{"login":"kcharwood","id":198768},"owner":"AFNetworking","id":7408998}
{"_id":{"$oid":"5277ec71bd35438f18000288"},"commit_id":"44ec25b01bfe8205d8bc585b437167db5bb3a051","created_at":"2013-11-04T18:50:22Z","updated_at":"2013-11-04T18:50:22Z","repo":"AFNetworking","user":{"login":"kcharwood","id":198768},"owner":"AFNetworking","id":7409143}
{"_id":{"$oid":"5277ec8cbd35438f800002ac"},"commit_id":"44ec25b01bfe8205d8bc585b437167db5bb3a051","created_at":"2013-11-04T18:50:49Z","updated_at":"2013-11-04T18:50:49Z","repo":"AFNetworking","user":{"login":"kcharwood","id":198768},"owner":"AFNetworking","id":7409152}
{"_id":{"$oid":"5277ed07bd35438f21000269"},"commit_id":"44ec25b01bfe8205d8bc585b437167db5bb3a051","created_at":"2013-11-04T18:52:46Z","updated_at":"2013-11-04T18:52:46Z","repo":"AFNetworking","user":{"login":"kcharwood","id":198768},"owner":"AFNetworking","id":7409219}
{"_id":{"$oid":"5277ee5fbd35438f2f0002c3"},"commit_id":"44ec25b01bfe8205d8bc585b437167db5bb3a051","created_at":"2013-11-04T18:58:36Z","updated_at":"2013-11-04T18:58:36Z","repo":"AFNetworking","user":{"login":"kcharwood","id":198768},"owner":"AFNetworking","id":7409403}
{"_id":{"$oid":"5279c0c5bd354379f0000040"},"commit_id":"44ec25b01bfe8205d8bc585b437167db5bb3a051","created_at":"2013-11-06T04:08:30Z","updated_at":"2013-11-06T04:08:30Z","repo":"AFNetworking","user":{"login":"tewha","id":108106},"owner":"AFNetworking","id":7454816}
{"_id":{"$oid":"5279c140bd354379ef00003a"},"commit_id":"44ec25b01bfe8205d8bc585b437167db5bb3a051","created_at":"2013-11-06T04:10:32Z","updated_at":"2013-11-06T04:10:32Z","repo":"AFNetworking","user":{"login":"tewha","id":108106},"owner":"AFNetworking","id":7454831}
{"_id":{"$oid":"5279f358bd35438daa000156"},"commit_id":"44ec25b01bfe8205d8bc585b437167db5bb3a051","created_at":"2013-11-06T07:44:15Z","updated_at":"2013-11-06T07:44:15Z","repo":"AFNetworking","user":{"login":"OliverLetterer","id":688377},"owner":"AFNetworking","id":7456718}
{"_id":{"$oid":"5279f391bd35438d9a00014e"},"commit_id":"44ec25b01bfe8205d8bc585b437167db5bb3a051","created_at":"2013-11-06T07:45:16Z","updated_at":"2013-11-06T07:45:16Z","repo":"AFNetworking","user":{"login":"OliverLetterer","id":688377},"owner":"AFNetworking","id":7456734}
{"_id":{"$oid":"5279f496bd35438d95000177"},"commit_id":"44ec25b01bfe8205d8bc585b437167db5bb3a051","created_at":"2013-11-06T07:49:37Z","updated_at":"2013-11-06T07:49:37Z","repo":"AFNetworking","user":{"login":"OliverLetterer","id":688377},"owner":"AFNetworking","id":7456783}
{"_id":{"$oid":"5279f64cbd35438d9b0001f2"},"commit_id":"9e984cec8ffac1ef441d2ae56d48947373a3c60e","created_at":"2013-11-06T07:56:58Z","updated_at":"2013-11-06T07:56:58Z","repo":"AFNetworking","user":{"login":"tewha","id":108106},"owner":"AFNetworking","id":7456867}
{"_id":{"$oid":"5279f700bd35438da2000235"},"commit_id":"9e984cec8ffac1ef441d2ae56d48947373a3c60e","created_at":"2013-11-06T07:59:55Z","updated_at":"2013-11-06T07:59:55Z","repo":"AFNetworking","user":{"login":"tewha","id":108106},"owner":"AFNetworking","id":7456909}
{"_id":{"$oid":"527a06b0bd35439a3f000033"},"commit_id":"9e984cec8ffac1ef441d2ae56d48947373a3c60e","created_at":"2013-11-06T09:06:53Z","updated_at":"2013-11-06T09:06:53Z","repo":"AFNetworking","user":{"login":"OliverLetterer","id":688377},"owner":"AFNetworking","id":7457970}
{"_id":{"$oid":"527a54e9bd3543bb87000268"},"commit_id":"9e984cec8ffac1ef441d2ae56d48947373a3c60e","created_at":"2013-11-06T14:40:37Z","updated_at":"2013-11-06T14:40:37Z","repo":"AFNetworking","user":{"login":"kcharwood","id":198768},"owner":"AFNetworking","id":7464793}
{"_id":{"$oid":"527a5503bd3543bb9500027e"},"commit_id":"9e984cec8ffac1ef441d2ae56d48947373a3c60e","created_at":"2013-11-06T14:41:04Z","updated_at":"2013-11-06T14:41:04Z","repo":"AFNetworking","user":{"login":"kcharwood","id":198768},"owner":"AFNetworking","id":7464813}
{"_id":{"$oid":"527a5535bd3543baad000282"},"commit_id":"9e984cec8ffac1ef441d2ae56d48947373a3c60e","created_at":"2013-11-06T14:41:54Z","updated_at":"2013-11-06T14:41:54Z","repo":"AFNetworking","user":{"login":"kcharwood","id":198768},"owner":"AFNetworking","id":7464838}
{"_id":{"$oid":"52ab240dbd3543efc00003c9"},"commit_id":"70e414578fe60008224e9408bc42bdc5324ceed1","created_at":"2013-12-13T15:13:08Z","updated_at":"2013-12-13T15:13:08Z","repo":"AFNetworking","user":{"login":"corristo","id":136644},"owner":"AFNetworking","id":8334640}
{"_id":{"$oid":"52ab244fbd3543efc00003ff"},"commit_id":"70e414578fe60008224e9408bc42bdc5324ceed1","created_at":"2013-12-13T15:13:57Z","updated_at":"2013-12-13T15:13:57Z","repo":"AFNetworking","user":{"login":"kylef","id":44164},"owner":"AFNetworking","id":8334665}
{"_id":{"$oid":"52ab24a0bd3543efbd0003db"},"commit_id":"70e414578fe60008224e9408bc42bdc5324ceed1","created_at":"2013-12-13T15:15:38Z","updated_at":"2013-12-13T15:15:38Z","repo":"AFNetworking","user":{"login":"corristo","id":136644},"owner":"AFNetworking","id":8334728}
{"_id":{"$oid":"52ab265cbd3543efc00005c7"},"commit_id":"70e414578fe60008224e9408bc42bdc5324ceed1","created_at":"2013-12-13T15:22:56Z","updated_at":"2013-12-13T15:22:56Z","repo":"AFNetworking","user":{"login":"kylef","id":44164},"owner":"AFNetworking","id":8334936}
{"_id":{"$oid":"52ab2be5bd3543f3d100000d"},"commit_id":"70e414578fe60008224e9408bc42bdc5324ceed1","created_at":"2013-12-13T15:28:48Z","updated_at":"2013-12-13T15:28:48Z","repo":"AFNetworking","user":{"login":"corristo","id":136644},"owner":"AFNetworking","id":8335153}
{"_id":{"$oid":"53494f77bd3543eec903c401"},"commit_id":"126ccebab036bed4e927c10771a249fa2c4db4e7","created_at":"2014-04-12T14:36:35Z","updated_at":"2014-04-12T14:36:35Z","repo":"AFNetworking","user":{"login":"pronebird","id":704044},"owner":"AFNetworking","id":11560013}
{"_id":{"$oid":"5350e77abd3543846a0034d9"},"commit_id":"126ccebab036bed4e927c10771a249fa2c4db4e7","created_at":"2014-04-14T15:11:28Z","updated_at":"2014-04-14T15:11:28Z","repo":"AFNetworking","user":{"login":"fuzzybinary","id":249982},"owner":"AFNetworking","id":11588978}
{"_id":{"$oid":"53cf78a6bd3543220b004b8b"},"commit_id":"8c34e816ceab2d28cbb39608569e0785aee25018","created_at":"2014-07-23T08:55:58Z","updated_at":"2014-07-23T08:55:58Z","repo":"AFNetworking","user":{"login":"onmyway133","id":2284279},"owner":"AFNetworking","id":15277410}
{"_id":{"$oid":"53df8b2abd35432f0c0437e0"},"commit_id":"a5d5e024757e619164cc9abefc62102b2976541e","created_at":"2014-08-04T13:31:12Z","updated_at":"2014-08-04T13:31:12Z","repo":"AFNetworking","user":{"login":"kylef","id":44164},"owner":"AFNetworking","id":15754601}
{"_id":{"$oid":"53ea5706bd3543a42a02bbca"},"commit_id":"a5d5e024757e619164cc9abefc62102b2976541e","created_at":"2014-08-12T18:03:38Z","updated_at":"2014-08-12T18:03:38Z","repo":"AFNetworking","user":{"login":"mattt","id":7659},"owner":"AFNetworking","id":16130781}
{"_id":{"$oid":"5487da29bd35439042003056"},"commit_id":"bbff3bbaf91729aaff3d658c76b55fb72f421c9f","created_at":"2014-11-26T00:53:34Z","updated_at":"2014-11-26T00:53:34Z","repo":"AFNetworking","user":{"login":"shepting","id":48065},"owner":"AFNetworking","id":20909479}
{"_id":{"$oid":"5487da2dbd3543906b0030c1"},"commit_id":"bbff3bbaf91729aaff3d658c76b55fb72f421c9f","created_at":"2014-11-26T00:55:16Z","updated_at":"2014-11-26T00:55:16Z","repo":"AFNetworking","user":{"login":"shepting","id":48065},"owner":"AFNetworking","id":20909562}
{"_id":{"$oid":"54f49138bd35431ddf0016ee"},"commit_id":"27964aa9dc8b3f5aece2c1528e8135355ee21156","created_at":"2015-03-02T16:34:59Z","updated_at":"2015-03-02T16:34:59Z","repo":"AFNetworking","user":{"login":"dmcrodrigues","id":1098602},"owner":"AFNetworking","id":25612538}
{"_id":{"$oid":"54f5f3ddbd3543d7430009cc"},"commit_id":"27964aa9dc8b3f5aece2c1528e8135355ee21156","created_at":"2015-03-03T17:47:01Z","updated_at":"2015-03-03T17:47:01Z","repo":"AFNetworking","user":{"login":"tangphillip","id":463460},"owner":"AFNetworking","id":25708656}
{"_id":{"$oid":"55098a9ebd35433f24000244"},"commit_id":"06de5bee405216027f75372aaba3798d2256b0af","created_at":"2015-03-18T14:08:57Z","updated_at":"2015-03-18T14:08:57Z","repo":"AFNetworking","user":{"login":"kcharwood","id":198768},"owner":"AFNetworking","id":26665310}
{"_id":{"$oid":"550987b6bd35432ebc0005c1"},"commit_id":"06de5bee405216027f75372aaba3798d2256b0af","created_at":"2015-03-18T14:11:48Z","updated_at":"2015-03-18T14:11:48Z","repo":"AFNetworking","user":{"login":"kcharwood","id":198768},"owner":"AFNetworking","id":26665564}
{"_id":{"$oid":"55127aa0bd3543de3801970e"},"commit_id":"06de5bee405216027f75372aaba3798d2256b0af","created_at":"2015-03-25T09:06:33Z","updated_at":"2015-03-25T09:06:33Z","repo":"AFNetworking","user":{"login":"duttski","id":1206402},"owner":"AFNetworking","id":27103551}
{"_id":{"$oid":"5513297bbd3543351c01e46e"},"commit_id":"06de5bee405216027f75372aaba3798d2256b0af","created_at":"2015-03-25T21:32:35Z","updated_at":"2015-03-25T21:32:35Z","repo":"AFNetworking","user":{"login":"duttski","id":1206402},"owner":"AFNetworking","id":27168438}
{"_id":{"$oid":"55198504bd35431371001764"},"commit_id":"1634aff2b805c245d366c42417d674b1e0da0a91","created_at":"2015-03-30T17:16:49Z","updated_at":"2015-03-30T17:16:49Z","repo":"AFNetworking","user":{"login":"kylef","id":44164},"owner":"AFNetworking","id":27410898}
{"_id":{"$oid":"551a0b0cbd35437a4b001240"},"commit_id":"1634aff2b805c245d366c42417d674b1e0da0a91","created_at":"2015-03-31T02:48:04Z","updated_at":"2015-03-31T02:48:04Z","repo":"AFNetworking","user":{"login":"btgerst","id":444217},"owner":"AFNetworking","id":27449428}
{"_id":{"$oid":"551a0f02bd3543642c00147c"},"commit_id":"1634aff2b805c245d366c42417d674b1e0da0a91","created_at":"2015-03-31T03:05:07Z","updated_at":"2015-03-31T03:05:07Z","repo":"AFNetworking","user":{"login":"kylef","id":44164},"owner":"AFNetworking","id":27450018}
{"_id":{"$oid":"551a10dabd354362b000198e"},"commit_id":"1634aff2b805c245d366c42417d674b1e0da0a91","created_at":"2015-03-31T03:12:06Z","updated_at":"2015-03-31T03:12:06Z","repo":"AFNetworking","user":{"login":"btgerst","id":444217},"owner":"AFNetworking","id":27450234}
{"_id":{"$oid":"551a4bd4bd354371740028f0"},"commit_id":"1634aff2b805c245d366c42417d674b1e0da0a91","created_at":"2015-03-31T07:24:45Z","updated_at":"2015-03-31T07:24:45Z","repo":"AFNetworking","user":{"login":"clemensg","id":201310},"owner":"AFNetworking","id":27457422}
{"_id":{"$oid":"551ae7a0bd35437247004e36"},"commit_id":"60c6ea36b2940dbc804aef6f511b92294ad79365","created_at":"2015-03-31T18:29:46Z","updated_at":"2015-03-31T18:29:46Z","repo":"AFNetworking","user":{"login":"kylef","id":44164},"owner":"AFNetworking","id":27508191}
{"_id":{"$oid":"551ae86cbd354361940044dc"},"commit_id":"60c6ea36b2940dbc804aef6f511b92294ad79365","created_at":"2015-03-31T18:33:06Z","updated_at":"2015-03-31T18:33:06Z","repo":"AFNetworking","user":{"login":"btgerst","id":444217},"owner":"AFNetworking","id":27508542}
{"_id":{"$oid":"551ae909bd35436264004868"},"commit_id":"60c6ea36b2940dbc804aef6f511b92294ad79365","created_at":"2015-03-31T18:35:50Z","updated_at":"2015-03-31T18:35:50Z","repo":"AFNetworking","user":{"login":"kylef","id":44164},"owner":"AFNetworking","id":27508850}
{"_id":{"$oid":"5558df3bbd3543fce40158c6"},"commit_id":"a141d458ad0f78da5b226350340dbc52cfe54053","created_at":"2015-05-17T18:34:31Z","updated_at":"2015-05-17T18:34:31Z","repo":"AFNetworking","user":{"login":"cnoon","id":169110},"owner":"AFNetworking","id":30473130}
{"_id":{"$oid":"5558df46bd3543fd84014ab4"},"commit_id":"a141d458ad0f78da5b226350340dbc52cfe54053","created_at":"2015-05-17T18:34:41Z","updated_at":"2015-05-17T18:34:41Z","repo":"AFNetworking","user":{"login":"cnoon","id":169110},"owner":"AFNetworking","id":30473135}
{"_id":{"$oid":"5558df95bd3543fd0c016b70"},"commit_id":"a141d458ad0f78da5b226350340dbc52cfe54053","created_at":"2015-05-17T18:36:00Z","updated_at":"2015-05-17T18:36:00Z","repo":"AFNetworking","user":{"login":"mattt","id":7659},"owner":"AFNetworking","id":30473156}
{"_id":{"$oid":"5558e05fbd35431113012cb3"},"commit_id":"a141d458ad0f78da5b226350340dbc52cfe54053","created_at":"2015-05-17T18:39:23Z","updated_at":"2015-05-17T18:39:23Z","repo":"AFNetworking","user":{"login":"cnoon","id":169110},"owner":"AFNetworking","id":30473211}
{"_id":{"$oid":"5558e09ebd3543fc750135ef"},"commit_id":"a141d458ad0f78da5b226350340dbc52cfe54053","created_at":"2015-05-17T18:40:27Z","updated_at":"2015-05-17T18:40:27Z","repo":"AFNetworking","user":{"login":"cnoon","id":169110},"owner":"AFNetworking","id":30473219}
{"_id":{"$oid":"5558e151bd3543fffa014cac"},"commit_id":"a141d458ad0f78da5b226350340dbc52cfe54053","created_at":"2015-05-17T18:43:24Z","updated_at":"2015-05-17T18:43:24Z","repo":"AFNetworking","user":{"login":"cnoon","id":169110},"owner":"AFNetworking","id":30473248}
{"_id":{"$oid":"5558e1a5bd35430e5401496d"},"commit_id":"a141d458ad0f78da5b226350340dbc52cfe54053","created_at":"2015-05-17T18:44:46Z","updated_at":"2015-05-17T18:44:46Z","repo":"AFNetworking","user":{"login":"cnoon","id":169110},"owner":"AFNetworking","id":30473264}
{"_id":{"$oid":"5558e1abbd3543fc420145b5"},"commit_id":"a141d458ad0f78da5b226350340dbc52cfe54053","created_at":"2015-05-17T18:44:54Z","updated_at":"2015-05-17T18:44:54Z","repo":"AFNetworking","user":{"login":"cnoon","id":169110},"owner":"AFNetworking","id":30473267}
{"_id":{"$oid":"555a091dbd3543fd84017b29"},"commit_id":"dd3a3872efc302c76bfe37d4ed8a9a0d0408be04","created_at":"2015-05-18T15:45:27Z","updated_at":"2015-05-18T15:45:27Z","repo":"AFNetworking","user":{"login":"kcharwood","id":198768},"owner":"AFNetworking","id":30519405}
{"_id":{"$oid":"555a092abd35430d6b0185dc"},"commit_id":"dd3a3872efc302c76bfe37d4ed8a9a0d0408be04","created_at":"2015-05-18T15:45:42Z","updated_at":"2015-05-18T15:45:42Z","repo":"AFNetworking","user":{"login":"kcharwood","id":198768},"owner":"AFNetworking","id":30519425}
{"_id":{"$oid":"555a0935bd3543fbc70173ca"},"commit_id":"dd3a3872efc302c76bfe37d4ed8a9a0d0408be04","created_at":"2015-05-18T15:45:54Z","updated_at":"2015-05-18T15:45:54Z","repo":"AFNetworking","user":{"login":"kcharwood","id":198768},"owner":"AFNetworking","id":30519445}
{"_id":{"$oid":"555a093bbd35430d03017972"},"commit_id":"dd3a3872efc302c76bfe37d4ed8a9a0d0408be04","created_at":"2015-05-18T15:45:59Z","updated_at":"2015-05-18T15:45:59Z","repo":"AFNetworking","user":{"login":"kcharwood","id":198768},"owner":"AFNetworking","id":30519456}
{"_id":{"$oid":"555a093ebd3543017c01589e"},"commit_id":"dd3a3872efc302c76bfe37d4ed8a9a0d0408be04","created_at":"2015-05-18T15:46:02Z","updated_at":"2015-05-18T15:46:02Z","repo":"AFNetworking","user":{"login":"kcharwood","id":198768},"owner":"AFNetworking","id":30519463}
{"_id":{"$oid":"555a0d61bd35430d03017aab"},"commit_id":"dd3a3872efc302c76bfe37d4ed8a9a0d0408be04","created_at":"2015-05-18T16:03:38Z","updated_at":"2015-05-18T16:03:38Z","repo":"AFNetworking","user":{"login":"cnoon","id":169110},"owner":"AFNetworking","id":30521266}
{"_id":{"$oid":"554f7941bd3543def7000740"},"commit_id":"2d83d36d971fddfb33d7cfa684493f827768b25d","created_at":"2015-05-08T17:31:32Z","updated_at":"2015-05-08T17:31:32Z","repo":"AFNetworking","user":{"login":"fouvrai","id":700695},"owner":"AFNetworking","id":29959164}
{"_id":{"$oid":"554f8b37bd3543e2f600095c"},"commit_id":"2d83d36d971fddfb33d7cfa684493f827768b25d","created_at":"2015-05-08T18:51:26Z","updated_at":"2015-05-08T18:51:26Z","repo":"AFNetworking","user":{"login":"kcharwood","id":198768},"owner":"AFNetworking","id":29966443}
{"_id":{"$oid":"554f9457bd3543e0d50010c1"},"commit_id":"2d83d36d971fddfb33d7cfa684493f827768b25d","created_at":"2015-05-09T18:01:53Z","updated_at":"2015-05-09T18:04:58Z","repo":"AFNetworking","user":{"login":"phoney","id":3106038},"owner":"AFNetworking","id":29994864}
{"_id":{"$oid":"554f9ab0bd3543ec720016ac"},"commit_id":"2d83d36d971fddfb33d7cfa684493f827768b25d","created_at":"2015-05-10T16:16:50Z","updated_at":"2015-05-10T16:17:47Z","repo":"AFNetworking","user":{"login":"tangphillip","id":463460},"owner":"AFNetworking","id":30003543}
{"_id":{"$oid":"554f9ab0bd3543ec720016ad"},"commit_id":"2d83d36d971fddfb33d7cfa684493f827768b25d","created_at":"2015-05-10T16:20:09Z","updated_at":"2015-05-10T16:20:09Z","repo":"AFNetworking","user":{"login":"tangphillip","id":463460},"owner":"AFNetworking","id":30003583}
{"_id":{"$oid":"554fbf1cbd3543d31c001b89"},"commit_id":"2d83d36d971fddfb33d7cfa684493f827768b25d","created_at":"2015-05-10T20:10:56Z","updated_at":"2015-05-10T20:10:56Z","repo":"AFNetworking","user":{"login":"kcharwood","id":198768},"owner":"AFNetworking","id":30005485}
{"_id":{"$oid":"5553bf29bd3543fc12003177"},"commit_id":"120120d8d3cdbde570482a085331bce4d830b031","created_at":"2015-05-13T21:13:28Z","updated_at":"2015-05-13T21:13:28Z","repo":"AFNetworking","user":{"login":"fouvrai","id":700695},"owner":"AFNetworking","id":30276839}
{"_id":{"$oid":"5553fe21bd3543fb7b006214"},"commit_id":"120120d8d3cdbde570482a085331bce4d830b031","created_at":"2015-05-14T01:44:49Z","updated_at":"2015-05-14T01:44:49Z","repo":"AFNetworking","user":{"login":"kcharwood","id":198768},"owner":"AFNetworking","id":30292363}
{"_id":{"$oid":"55542d3cbd35430e9100599d"},"commit_id":"120120d8d3cdbde570482a085331bce4d830b031","created_at":"2015-05-14T05:05:10Z","updated_at":"2015-05-14T05:05:10Z","repo":"AFNetworking","user":{"login":"fouvrai","id":700695},"owner":"AFNetworking","id":30298268}
{"_id":{"$oid":"55542d3cbd3543fce4006e92"},"commit_id":"120120d8d3cdbde570482a085331bce4d830b031","created_at":"2015-05-14T05:05:10Z","updated_at":"2015-05-14T05:05:10Z","repo":"AFNetworking","user":{"login":"fouvrai","id":700695},"owner":"AFNetworking","id":30298268}
{"_id":{"$oid":"55546006bd3543051c0065c0"},"commit_id":"120120d8d3cdbde570482a085331bce4d830b031","created_at":"2015-05-14T08:42:16Z","updated_at":"2015-05-14T08:42:16Z","repo":"AFNetworking","user":{"login":"cnoon","id":169110},"owner":"AFNetworking","id":30305805}
{"_id":{"$oid":"5554bed9bd3543fc980084fc"},"commit_id":"e4fad7789b5fe222df5b0a5f84c935f0f6c1d13a","created_at":"2015-05-14T15:26:54Z","updated_at":"2015-05-14T15:26:54Z","repo":"AFNetworking","user":{"login":"kcharwood","id":198768},"owner":"AFNetworking","id":30330323}
{"_id":{"$oid":"5554bfc0bd3543fca2009b13"},"commit_id":"e4fad7789b5fe222df5b0a5f84c935f0f6c1d13a","created_at":"2015-05-14T15:31:04Z","updated_at":"2015-05-14T15:31:04Z","repo":"AFNetworking","user":{"login":"kcharwood","id":198768},"owner":"AFNetworking","id":30330759}
{"_id":{"$oid":"5554bfc0bd3543fdd500951f"},"commit_id":"e4fad7789b5fe222df5b0a5f84c935f0f6c1d13a","created_at":"2015-05-14T15:31:04Z","updated_at":"2015-05-14T15:31:04Z","repo":"AFNetworking","user":{"login":"kcharwood","id":198768},"owner":"AFNetworking","id":30330759}
{"_id":{"$oid":"5554e57bbd35430de200b2f4"},"commit_id":"e40e9fd74d0bd38d0a67fda26c57408b8eb7ccb8","created_at":"2015-05-14T18:12:02Z","updated_at":"2015-05-14T18:12:02Z","repo":"AFNetworking","user":{"login":"cnoon","id":169110},"owner":"AFNetworking","id":30346297}
{"_id":{"$oid":"5554e5a2bd3543129f00aabf"},"commit_id":"e40e9fd74d0bd38d0a67fda26c57408b8eb7ccb8","created_at":"2015-05-14T18:12:31Z","updated_at":"2015-05-14T18:12:31Z","repo":"AFNetworking","user":{"login":"cnoon","id":169110},"owner":"AFNetworking","id":30346351}
{"_id":{"$oid":"555a431dbd3543fb7a01612c"},"commit_id":"fa7aeb4d79a833ead8f5234971232a8280e563ab","created_at":"2015-05-18T19:52:58Z","updated_at":"2015-05-18T19:52:58Z","repo":"AFNetworking","user":{"login":"kcharwood","id":198768},"owner":"AFNetworking","id":30541232}
{"_id":{"$oid":"555a442fbd3543017c01669c"},"commit_id":"fa7aeb4d79a833ead8f5234971232a8280e563ab","created_at":"2015-05-18T19:57:28Z","updated_at":"2015-05-18T19:57:28Z","repo":"AFNetworking","user":{"login":"kcharwood","id":198768},"owner":"AFNetworking","id":30541614}
{"_id":{"$oid":"555f6675bd3543f01a005683"},"commit_id":"3202f5aac79671d306b1acb6242a696651fdb5a0","created_at":"2015-05-22T17:25:02Z","updated_at":"2015-05-22T17:25:02Z","repo":"AFNetworking","user":{"login":"cnoon","id":169110},"owner":"AFNetworking","id":30914072}
{"_id":{"$oid":"555f669cbd35430853005815"},"commit_id":"3202f5aac79671d306b1acb6242a696651fdb5a0","created_at":"2015-05-22T17:25:38Z","updated_at":"2015-05-22T17:25:38Z","repo":"AFNetworking","user":{"login":"cnoon","id":169110},"owner":"AFNetworking","id":30914122}
{"_id":{"$oid":"555fbf8dbd3543f234006af0"},"commit_id":"3202f5aac79671d306b1acb6242a696651fdb5a0","created_at":"2015-05-22T23:45:13Z","updated_at":"2015-05-22T23:45:13Z","repo":"AFNetworking","user":{"login":"bnickel","id":662837},"owner":"AFNetworking","id":30938438}
{"_id":{"$oid":"55688f1abd3543b961000a00"},"commit_id":"e4855e9f25e4914ac2eb5caee26bc6e7a024a840","created_at":"2015-05-29T16:08:05Z","updated_at":"2015-05-29T16:08:05Z","repo":"AFNetworking","user":{"login":"cnoon","id":169110},"owner":"AFNetworking","id":31338715}
{"_id":{"$oid":"55688f86bd3543a8f8000b68"},"commit_id":"e4855e9f25e4914ac2eb5caee26bc6e7a024a840","created_at":"2015-05-29T16:09:40Z","updated_at":"2015-05-29T16:09:40Z","repo":"AFNetworking","user":{"login":"cnoon","id":169110},"owner":"AFNetworking","id":31338847}
{"_id":{"$oid":"5571cf97bd3543455c001258"},"commit_id":"a9a95188954b93d92c33f3c1a598f7c09cdb8677","created_at":"2015-06-05T16:34:22Z","updated_at":"2015-06-05T16:34:22Z","repo":"AFNetworking","user":{"login":"kcharwood","id":198768},"owner":"AFNetworking","id":31828513}
{"_id":{"$oid":"5574771bbd35435e410066ec"},"commit_id":"a9a95188954b93d92c33f3c1a598f7c09cdb8677","created_at":"2015-06-07T16:53:44Z","updated_at":"2015-06-07T16:53:44Z","repo":"AFNetworking","user":{"login":"chrisgibbs","id":1009096},"owner":"AFNetworking","id":31878451}
{"_id":{"$oid":"55747847bd35435f6b00682f"},"commit_id":"5ed3cd2d05f02d2303a984095b37127c0bfd0b49","created_at":"2015-06-07T16:58:41Z","updated_at":"2015-06-07T16:58:41Z","repo":"AFNetworking","user":{"login":"chrisgibbs","id":1009096},"owner":"AFNetworking","id":31878478}
{"_id":{"$oid":"559488bdbd3543f06102e8a0"},"commit_id":"9fea6ca6cfe55f5bc649d83bad059973f20de8ec","created_at":"2015-07-02T00:41:25Z","updated_at":"2015-07-02T00:41:25Z","repo":"AFNetworking","user":{"login":"benzguo","id":894119},"owner":"AFNetworking","id":33739094}
{"_id":{"$oid":"5596442cbd3543be100001ba"},"commit_id":"9fea6ca6cfe55f5bc649d83bad059973f20de8ec","created_at":"2015-07-02T13:49:24Z","updated_at":"2015-07-02T13:49:24Z","repo":"AFNetworking","user":{"login":"cutz","id":2072268},"owner":"AFNetworking","id":33778950}
{"_id":{"$oid":"558922b5bd35437c03004c3e"},"commit_id":"5a727ede17d1e3d3103819ce12c1721acd8cf637","created_at":"2015-06-23T09:10:47Z","updated_at":"2015-06-23T09:10:47Z","repo":"AFNetworking","user":{"login":"alistra","id":233144},"owner":"AFNetworking","id":33022686}
{"_id":{"$oid":"558922d0bd354391e10051c1"},"commit_id":"5a727ede17d1e3d3103819ce12c1721acd8cf637","created_at":"2015-06-23T09:11:23Z","updated_at":"2015-06-23T09:11:23Z","repo":"AFNetworking","user":{"login":"alistra","id":233144},"owner":"AFNetworking","id":33022753}
{"_id":{"$oid":"51993f88bd3543138b000035"},"commit_id":"902c8e71caf8e2fad4771f5b94a608c81b42f1a9","created_at":"2013-05-19T21:09:18Z","updated_at":"2013-05-19T21:09:18Z","repo":"AFNetworking","user":{"login":"NRGSource","id":4363729},"owner":"AFNetworking","id":4290890}
{"_id":{"$oid":"51993fc5bd3543136d000042"},"commit_id":"902c8e71caf8e2fad4771f5b94a608c81b42f1a9","created_at":"2013-05-19T21:10:25Z","updated_at":"2013-05-19T21:10:25Z","repo":"AFNetworking","user":{"login":"NRGSource","id":4363729},"owner":"AFNetworking","id":4290894}
