{"_id":{"$oid":"51c0dbc4bd35437a9a007301"},"repo":"AFNetworking","owner":"AFNetworking","name":"enhancement"}
{"_id":{"$oid":"51c0dbc4bd35437a9a007302"},"repo":"AFNetworking","owner":"AFNetworking","name":"bug"}
{"_id":{"$oid":"51c0dbc5bd35437a9a007303"},"repo":"AFNetworking","owner":"AFNetworking","name":"question"}
{"_id":{"$oid":"51c0dbc5bd35437a9a007304"},"repo":"AFNetworking","owner":"AFNetworking","name":"intriguing"}
{"_id":{"$oid":"5550ee7bbd3543e170005d9d"},"repo":"AFNetworking","owner":"AFNetworking","name":"security"}
{"_id":{"$oid":"5550ee7bbd3543e170005d9e"},"repo":"AFNetworking","owner":"AFNetworking","name":"documentation"}
{"_id":{"$oid":"5550ee7ebd3543e170005d9f"},"repo":"AFNetworking","owner":"AFNetworking","name":"help wanted"}
{"_id":{"$oid":"5550ee7ebd3543e170005da0"},"repo":"AFNetworking","owner":"AFNetworking","name":"async operation"}
{"_id":{"$oid":"5550ee7ebd3543e170005da1"},"repo":"AFNetworking","owner":"AFNetworking","name":"behaves correctly"}
{"_id":{"$oid":"5550ee7fbd3543e170005da2"},"repo":"AFNetworking","owner":"AFNetworking","name":"blocked"}
{"_id":{"$oid":"5550ee7fbd3543e170005da3"},"repo":"AFNetworking","owner":"AFNetworking","name":"carthage"}
{"_id":{"$oid":"5550ee7fbd3543e170005da4"},"repo":"AFNetworking","owner":"AFNetworking","name":"cocoapods"}
{"_id":{"$oid":"5550ee7fbd3543e170005da5"},"repo":"AFNetworking","owner":"AFNetworking","name":"download request"}
{"_id":{"$oid":"5550ee7fbd3543e170005da6"},"repo":"AFNetworking","owner":"AFNetworking","name":"duplicate"}
{"_id":{"$oid":"5550ee80bd3543e170005da7"},"repo":"AFNetworking","owner":"AFNetworking","name":"feature request"}
{"_id":{"$oid":"5550ee80bd3543e170005da8"},"repo":"AFNetworking","owner":"AFNetworking","name":"http headers"}
{"_id":{"$oid":"5550ee80bd3543e170005da9"},"repo":"AFNetworking","owner":"AFNetworking","name":"multipart form data"}
{"_id":{"$oid":"5550ee80bd3543e170005daa"},"repo":"AFNetworking","owner":"AFNetworking","name":"needs feedback"}
{"_id":{"$oid":"5550ee80bd3543e170005dab"},"repo":"AFNetworking","owner":"AFNetworking","name":"needs investigation"}
{"_id":{"$oid":"5550ee81bd3543e170005dac"},"repo":"AFNetworking","owner":"AFNetworking","name":"needs tests"}
{"_id":{"$oid":"5550ee81bd3543e170005dad"},"repo":"AFNetworking","owner":"AFNetworking","name":"parameter encoding"}
{"_id":{"$oid":"5550ee81bd3543e170005dae"},"repo":"AFNetworking","owner":"AFNetworking","name":"project config"}
{"_id":{"$oid":"5550ee81bd3543e170005daf"},"repo":"AFNetworking","owner":"AFNetworking","name":"response serializers"}
{"_id":{"$oid":"5550ee82bd3543e170005db0"},"repo":"AFNetworking","owner":"AFNetworking","name":"response validation"}
{"_id":{"$oid":"5550ee82bd3543e170005db1"},"repo":"AFNetworking","owner":"AFNetworking","name":"session delegate"}
{"_id":{"$oid":"5550ee82bd3543e170005db2"},"repo":"AFNetworking","owner":"AFNetworking","name":"support"}
{"_id":{"$oid":"5550ee83bd3543e170005db3"},"repo":"AFNetworking","owner":"AFNetworking","name":"tc agenda"}
{"_id":{"$oid":"5550ee83bd3543e170005db4"},"repo":"AFNetworking","owner":"AFNetworking","name":"tc meeting"}
{"_id":{"$oid":"5550ee84bd3543e170005db5"},"repo":"AFNetworking","owner":"AFNetworking","name":"tests"}
{"_id":{"$oid":"5550ee84bd3543e170005db6"},"repo":"AFNetworking","owner":"AFNetworking","name":"upload request"}
{"_id":{"$oid":"5550ee84bd3543e170005db7"},"repo":"AFNetworking","owner":"AFNetworking","name":"url session"}
{"_id":{"$oid":"5550ee84bd3543e170005db8"},"repo":"AFNetworking","owner":"AFNetworking","name":"wont fix"}
{"_id":{"$oid":"5550ee85bd3543e170005db9"},"repo":"AFNetworking","owner":"AFNetworking","name":"reachability"}
{"_id":{"$oid":"558d7523bd3543edea011e50"},"repo":"AFNetworking","owner":"AFNetworking","name":"swift interoperability"}
