{"_id":{"$oid":"5556dcfebd3543fca2010756"},"created_at":"2015-05-16T06:00:26Z","number":9,"updated_at":"2015-05-16T06:00:26Z","repo":"node","merged_at":null,"state":"open","user":{"following_url":"https://api.github.com/users/jasnell/following{/other_user}","events_url":"https://api.github.com/users/jasnell/events{/privacy}","organizations_url":"https://api.github.com/users/jasnell/orgs","url":"https://api.github.com/users/jasnell","gists_url":"https://api.github.com/users/jasnell/gists{/gist_id}","html_url":"https://github.com/jasnell","subscriptions_url":"https://api.github.com/users/jasnell/subscriptions","avatar_url":"https://avatars.githubusercontent.com/u/439929?v=3","repos_url":"https://api.github.com/users/jasnell/repos","received_events_url":"https://api.github.com/users/jasnell/received_events","gravatar_id":"","starred_url":"https://api.github.com/users/jasnell/starred{/owner}{/repo}","site_admin":false,"login":"jasnell","type":"User","id":439929,"followers_url":"https://api.github.com/users/jasnell/followers"},"owner":"nodejs","closed_at":null,"id":35566324}
{"_id":{"$oid":"5559039abd35430d03014b7d"},"created_at":"2015-05-17T21:09:42Z","number":10,"updated_at":"2015-05-17T21:09:42Z","repo":"node","merged_at":null,"state":"open","user":{"following_url":"https://api.github.com/users/fsbatista/following{/other_user}","events_url":"https://api.github.com/users/fsbatista/events{/privacy}","organizations_url":"https://api.github.com/users/fsbatista/orgs","url":"https://api.github.com/users/fsbatista","gists_url":"https://api.github.com/users/fsbatista/gists{/gist_id}","html_url":"https://github.com/fsbatista","subscriptions_url":"https://api.github.com/users/fsbatista/subscriptions","avatar_url":"https://avatars.githubusercontent.com/u/7033810?v=3","repos_url":"https://api.github.com/users/fsbatista/repos","received_events_url":"https://api.github.com/users/fsbatista/received_events","gravatar_id":"","starred_url":"https://api.github.com/users/fsbatista/starred{/owner}{/repo}","site_admin":false,"login":"fsbatista","type":"User","id":7033810,"followers_url":"https://api.github.com/users/fsbatista/followers"},"owner":"nodejs","closed_at":null,"id":35593400}
{"_id":{"$oid":"555a1882bd35430e3b018252"},"created_at":"2015-05-18T16:51:06Z","number":12,"updated_at":"2015-05-18T16:51:06Z","repo":"node","merged_at":null,"state":"open","user":{"following_url":"https://api.github.com/users/geek/following{/other_user}","events_url":"https://api.github.com/users/geek/events{/privacy}","organizations_url":"https://api.github.com/users/geek/orgs","url":"https://api.github.com/users/geek","gists_url":"https://api.github.com/users/geek/gists{/gist_id}","html_url":"https://github.com/geek","subscriptions_url":"https://api.github.com/users/geek/subscriptions","avatar_url":"https://avatars.githubusercontent.com/u/441346?v=3","repos_url":"https://api.github.com/users/geek/repos","received_events_url":"https://api.github.com/users/geek/received_events","gravatar_id":"","starred_url":"https://api.github.com/users/geek/starred{/owner}{/repo}","site_admin":false,"login":"geek","type":"User","id":441346,"followers_url":"https://api.github.com/users/geek/followers"},"owner":"nodejs","closed_at":null,"id":35652310}
{"_id":{"$oid":"555d0667bd35431647022042"},"created_at":"2015-05-20T22:10:42Z","number":15,"updated_at":"2015-05-20T22:10:42Z","repo":"node","merged_at":null,"state":"open","user":{"following_url":"https://api.github.com/users/mhdawson/following{/other_user}","events_url":"https://api.github.com/users/mhdawson/events{/privacy}","organizations_url":"https://api.github.com/users/mhdawson/orgs","url":"https://api.github.com/users/mhdawson","gists_url":"https://api.github.com/users/mhdawson/gists{/gist_id}","html_url":"https://github.com/mhdawson","subscriptions_url":"https://api.github.com/users/mhdawson/subscriptions","avatar_url":"https://avatars.githubusercontent.com/u/9373002?v=3","repos_url":"https://api.github.com/users/mhdawson/repos","received_events_url":"https://api.github.com/users/mhdawson/received_events","gravatar_id":"","starred_url":"https://api.github.com/users/mhdawson/starred{/owner}{/repo}","site_admin":false,"login":"mhdawson","type":"User","id":9373002,"followers_url":"https://api.github.com/users/mhdawson/followers"},"owner":"nodejs","closed_at":null,"id":35881643}
{"_id":{"$oid":"555e26babd3543f010001017"},"created_at":"2015-05-21T18:40:36Z","number":18,"updated_at":"2015-05-21T18:40:36Z","repo":"node","merged_at":null,"state":"open","user":{"following_url":"https://api.github.com/users/dshaw/following{/other_user}","events_url":"https://api.github.com/users/dshaw/events{/privacy}","organizations_url":"https://api.github.com/users/dshaw/orgs","url":"https://api.github.com/users/dshaw","gists_url":"https://api.github.com/users/dshaw/gists{/gist_id}","html_url":"https://github.com/dshaw","subscriptions_url":"https://api.github.com/users/dshaw/subscriptions","avatar_url":"https://avatars.githubusercontent.com/u/4322?v=3","repos_url":"https://api.github.com/users/dshaw/repos","received_events_url":"https://api.github.com/users/dshaw/received_events","gravatar_id":"","starred_url":"https://api.github.com/users/dshaw/starred{/owner}{/repo}","site_admin":false,"login":"dshaw","type":"User","id":4322,"followers_url":"https://api.github.com/users/dshaw/followers"},"owner":"nodejs","closed_at":null,"id":35964285}
{"_id":{"$oid":"55637b6bbd3543060300eb31"},"created_at":"2015-05-25T19:43:21Z","number":40,"updated_at":"2015-05-25T19:43:21Z","repo":"node","merged_at":null,"state":"open","user":{"following_url":"https://api.github.com/users/Fishrock123/following{/other_user}","events_url":"https://api.github.com/users/Fishrock123/events{/privacy}","organizations_url":"https://api.github.com/users/Fishrock123/orgs","url":"https://api.github.com/users/Fishrock123","gists_url":"https://api.github.com/users/Fishrock123/gists{/gist_id}","html_url":"https://github.com/Fishrock123","subscriptions_url":"https://api.github.com/users/Fishrock123/subscriptions","avatar_url":"https://avatars.githubusercontent.com/u/1093990?v=3","repos_url":"https://api.github.com/users/Fishrock123/repos","received_events_url":"https://api.github.com/users/Fishrock123/received_events","gravatar_id":"","starred_url":"https://api.github.com/users/Fishrock123/starred{/owner}{/repo}","site_admin":false,"login":"Fishrock123","type":"User","id":1093990,"followers_url":"https://api.github.com/users/Fishrock123/followers"},"owner":"nodejs","closed_at":null,"id":36155189}
{"_id":{"$oid":"5566010abd3543f28501870a"},"created_at":"2015-05-27T17:38:12Z","number":43,"updated_at":"2015-05-27T17:38:12Z","repo":"node","merged_at":null,"state":"open","user":{"following_url":"https://api.github.com/users/jasnell/following{/other_user}","events_url":"https://api.github.com/users/jasnell/events{/privacy}","organizations_url":"https://api.github.com/users/jasnell/orgs","url":"https://api.github.com/users/jasnell","gists_url":"https://api.github.com/users/jasnell/gists{/gist_id}","html_url":"https://github.com/jasnell","subscriptions_url":"https://api.github.com/users/jasnell/subscriptions","avatar_url":"https://avatars.githubusercontent.com/u/439929?v=3","repos_url":"https://api.github.com/users/jasnell/repos","received_events_url":"https://api.github.com/users/jasnell/received_events","gravatar_id":"","starred_url":"https://api.github.com/users/jasnell/starred{/owner}{/repo}","site_admin":false,"login":"jasnell","type":"User","id":439929,"followers_url":"https://api.github.com/users/jasnell/followers"},"owner":"nodejs","closed_at":null,"id":36328987}
{"_id":{"$oid":"556621c7bd3543f291015484"},"created_at":"2015-05-27T19:57:56Z","number":44,"updated_at":"2015-05-27T19:57:56Z","repo":"node","merged_at":null,"state":"open","user":{"following_url":"https://api.github.com/users/jasnell/following{/other_user}","events_url":"https://api.github.com/users/jasnell/events{/privacy}","organizations_url":"https://api.github.com/users/jasnell/orgs","url":"https://api.github.com/users/jasnell","gists_url":"https://api.github.com/users/jasnell/gists{/gist_id}","html_url":"https://github.com/jasnell","subscriptions_url":"https://api.github.com/users/jasnell/subscriptions","avatar_url":"https://avatars.githubusercontent.com/u/439929?v=3","repos_url":"https://api.github.com/users/jasnell/repos","received_events_url":"https://api.github.com/users/jasnell/received_events","gravatar_id":"","starred_url":"https://api.github.com/users/jasnell/starred{/owner}{/repo}","site_admin":false,"login":"jasnell","type":"User","id":439929,"followers_url":"https://api.github.com/users/jasnell/followers"},"owner":"nodejs","closed_at":null,"id":36342263}
{"_id":{"$oid":"556e934abd3543a7a10155b4"},"created_at":"2015-06-03T05:40:17Z","number":46,"updated_at":"2015-06-03T05:40:17Z","repo":"node","merged_at":null,"state":"open","user":{"following_url":"https://api.github.com/users/rvagg/following{/other_user}","events_url":"https://api.github.com/users/rvagg/events{/privacy}","organizations_url":"https://api.github.com/users/rvagg/orgs","url":"https://api.github.com/users/rvagg","gists_url":"https://api.github.com/users/rvagg/gists{/gist_id}","html_url":"https://github.com/rvagg","subscriptions_url":"https://api.github.com/users/rvagg/subscriptions","avatar_url":"https://avatars.githubusercontent.com/u/495647?v=3","repos_url":"https://api.github.com/users/rvagg/repos","received_events_url":"https://api.github.com/users/rvagg/received_events","gravatar_id":"","starred_url":"https://api.github.com/users/rvagg/starred{/owner}{/repo}","site_admin":false,"login":"rvagg","type":"User","id":495647,"followers_url":"https://api.github.com/users/rvagg/followers"},"owner":"nodejs","closed_at":null,"id":36800030}
{"_id":{"$oid":"556f83a3bd3543b3d6019dc5"},"created_at":"2015-06-03T22:45:50Z","number":50,"updated_at":"2015-06-03T22:45:50Z","repo":"node","merged_at":null,"state":"open","user":{"following_url":"https://api.github.com/users/malandrew/following{/other_user}","events_url":"https://api.github.com/users/malandrew/events{/privacy}","organizations_url":"https://api.github.com/users/malandrew/orgs","url":"https://api.github.com/users/malandrew","gists_url":"https://api.github.com/users/malandrew/gists{/gist_id}","html_url":"https://github.com/malandrew","subscriptions_url":"https://api.github.com/users/malandrew/subscriptions","avatar_url":"https://avatars.githubusercontent.com/u/141789?v=3","repos_url":"https://api.github.com/users/malandrew/repos","received_events_url":"https://api.github.com/users/malandrew/received_events","gravatar_id":"","starred_url":"https://api.github.com/users/malandrew/starred{/owner}{/repo}","site_admin":false,"login":"malandrew","type":"User","id":141789,"followers_url":"https://api.github.com/users/malandrew/followers"},"owner":"nodejs","closed_at":null,"id":36886328}
{"_id":{"$oid":"557a98f7bd3543e636004769"},"created_at":"2015-06-12T08:31:43Z","number":54,"updated_at":"2015-06-12T08:31:43Z","repo":"node","merged_at":null,"state":"open","user":{"following_url":"https://api.github.com/users/iliakan/following{/other_user}","events_url":"https://api.github.com/users/iliakan/events{/privacy}","organizations_url":"https://api.github.com/users/iliakan/orgs","url":"https://api.github.com/users/iliakan","gists_url":"https://api.github.com/users/iliakan/gists{/gist_id}","html_url":"https://github.com/iliakan","subscriptions_url":"https://api.github.com/users/iliakan/subscriptions","avatar_url":"https://avatars.githubusercontent.com/u/349336?v=3","repos_url":"https://api.github.com/users/iliakan/repos","received_events_url":"https://api.github.com/users/iliakan/received_events","gravatar_id":"","starred_url":"https://api.github.com/users/iliakan/starred{/owner}{/repo}","site_admin":false,"login":"iliakan","type":"User","id":349336,"followers_url":"https://api.github.com/users/iliakan/followers"},"owner":"nodejs","closed_at":null,"id":37541845}
{"_id":{"$oid":"55821b90bd3543992c00a0b0"},"created_at":"2015-06-18T00:56:02Z","number":57,"updated_at":"2015-06-18T00:56:02Z","repo":"node","merged_at":null,"state":"open","user":{"following_url":"https://api.github.com/users/Fishrock123/following{/other_user}","events_url":"https://api.github.com/users/Fishrock123/events{/privacy}","organizations_url":"https://api.github.com/users/Fishrock123/orgs","url":"https://api.github.com/users/Fishrock123","gists_url":"https://api.github.com/users/Fishrock123/gists{/gist_id}","html_url":"https://github.com/Fishrock123","subscriptions_url":"https://api.github.com/users/Fishrock123/subscriptions","avatar_url":"https://avatars.githubusercontent.com/u/1093990?v=3","repos_url":"https://api.github.com/users/Fishrock123/repos","received_events_url":"https://api.github.com/users/Fishrock123/received_events","gravatar_id":"","starred_url":"https://api.github.com/users/Fishrock123/starred{/owner}{/repo}","site_admin":false,"login":"Fishrock123","type":"User","id":1093990,"followers_url":"https://api.github.com/users/Fishrock123/followers"},"owner":"nodejs","closed_at":null,"id":37962588}
