{"_id":{"$oid":"55567663bd3543fb8800e02f"},"created_at":"2015-04-30T21:01:24Z","updated_at":"2015-05-05T17:36:33Z","repo":"node","state":"open","user":{"login":"Fishrock123","id":1093990},"owner":"nodejs","closed_at":null,"id":72279777}
{"_id":{"$oid":"55567663bd3543fb8800e02e"},"created_at":"2015-04-30T21:03:57Z","updated_at":"2015-04-30T21:03:57Z","repo":"node","state":"open","user":{"login":"Fishrock123","id":1093990},"owner":"nodejs","closed_at":null,"id":72280332}
{"_id":{"$oid":"55567663bd3543fb8800e02d"},"created_at":"2015-04-30T21:32:28Z","updated_at":"2015-04-30T21:34:18Z","repo":"node","state":"open","user":{"login":"jasnell","id":439929},"owner":"nodejs","closed_at":null,"id":72287498}
{"_id":{"$oid":"55567663bd3543fb8800e02c"},"created_at":"2015-05-09T18:03:40Z","updated_at":"2015-05-13T04:25:30Z","repo":"node","state":"open","user":{"login":"Fishrock123","id":1093990},"owner":"nodejs","closed_at":null,"id":74725409}
{"_id":{"$oid":"55567664bd3543fb8800e030"},"created_at":"2015-05-15T17:16:27Z","updated_at":"2015-05-15T22:42:39Z","repo":"node","state":"closed","user":{"login":"mikeal","id":579},"owner":"nodejs","closed_at":"2015-05-15T22:42:39Z","id":76791572}
{"_id":{"$oid":"5556dd15bd35430f0f00f8da"},"created_at":"2015-05-16T06:00:26Z","updated_at":"2015-05-16T06:00:50Z","repo":"node","state":"open","user":{"login":"jasnell","id":439929},"owner":"nodejs","closed_at":null,"id":76955530}
{"_id":{"$oid":"5559041cbd3543fc12014542"},"created_at":"2015-05-17T21:09:42Z","updated_at":"2015-05-17T21:11:53Z","repo":"node","state":"open","user":{"login":"fsbatista","id":7033810},"owner":"nodejs","closed_at":null,"id":77398963}
{"_id":{"$oid":"55597495bd3543fb9a015d35"},"created_at":"2015-05-18T05:11:47Z","updated_at":"2015-05-18T05:11:47Z","repo":"node","state":"open","user":{"login":"silverwind","id":115237},"owner":"nodejs","closed_at":null,"id":77504117}
{"_id":{"$oid":"555a18f4bd3543fb7b019e0b"},"created_at":"2015-05-18T16:51:06Z","updated_at":"2015-05-18T16:53:03Z","repo":"node","state":"open","user":{"login":"geek","id":441346},"owner":"nodejs","closed_at":null,"id":77725332}
{"_id":{"$oid":"555b5f3ebd3543fb7a019dbd"},"created_at":"2015-05-19T16:05:14Z","updated_at":"2015-05-19T16:05:14Z","repo":"node","state":"open","user":{"login":"jasnell","id":439929},"owner":"nodejs","closed_at":null,"id":78149468}
{"_id":{"$oid":"555b6c33bd3543fbbc01beff"},"created_at":"2015-05-19T17:00:32Z","updated_at":"2015-05-19T17:00:32Z","repo":"node","state":"open","user":{"login":"Fishrock123","id":1093990},"owner":"nodejs","closed_at":null,"id":78169810}
{"_id":{"$oid":"555e1bedbd35430804000b93"},"created_at":"2015-05-20T22:10:42Z","updated_at":"2015-05-21T16:45:27Z","repo":"node","state":"open","user":{"login":"mhdawson","id":9373002},"owner":"nodejs","closed_at":null,"id":78719160}
{"_id":{"$oid":"555e2453bd3543f1310010a1"},"created_at":"2015-05-21T18:30:15Z","updated_at":"2015-05-21T18:30:15Z","repo":"node","state":"open","user":{"login":"jasnell","id":439929},"owner":"nodejs","closed_at":null,"id":79110903}
{"_id":{"$oid":"555e25afbd35430b4b001123"},"created_at":"2015-05-21T18:36:14Z","updated_at":"2015-05-21T18:36:21Z","repo":"node","state":"open","user":{"login":"jasnell","id":439929},"owner":"nodejs","closed_at":null,"id":79113087}
{"_id":{"$oid":"555e2f3abd35430c3800144d"},"created_at":"2015-05-21T18:40:36Z","updated_at":"2015-05-21T19:17:00Z","repo":"node","state":"open","user":{"login":"dshaw","id":4322},"owner":"nodejs","closed_at":null,"id":79114919}
{"_id":{"$oid":"555e27f1bd3543f1c2000626"},"created_at":"2015-05-21T18:45:50Z","updated_at":"2015-05-21T18:45:50Z","repo":"node","state":"open","user":{"login":"jasnell","id":439929},"owner":"nodejs","closed_at":null,"id":79116768}
{"_id":{"$oid":"555e2990bd35430b0b000f5d"},"created_at":"2015-05-21T18:52:06Z","updated_at":"2015-05-21T18:52:06Z","repo":"node","state":"open","user":{"login":"jasnell","id":439929},"owner":"nodejs","closed_at":null,"id":79118964}
{"_id":{"$oid":"555e2c13bd35430b25001106"},"created_at":"2015-05-21T19:03:40Z","updated_at":"2015-05-21T19:03:40Z","repo":"node","state":"open","user":{"login":"jasnell","id":439929},"owner":"nodejs","closed_at":null,"id":79122459}
{"_id":{"$oid":"555e2d67bd3543f25f000ff7"},"created_at":"2015-05-21T19:09:13Z","updated_at":"2015-05-21T19:09:13Z","repo":"node","state":"open","user":{"login":"jasnell","id":439929},"owner":"nodejs","closed_at":null,"id":79123899}
{"_id":{"$oid":"555e3037bd354308530014ec"},"created_at":"2015-05-21T19:21:06Z","updated_at":"2015-05-21T19:21:06Z","repo":"node","state":"open","user":{"login":"jasnell","id":439929},"owner":"nodejs","closed_at":null,"id":79127232}
{"_id":{"$oid":"555e3376bd354308ba001364"},"created_at":"2015-05-21T19:35:02Z","updated_at":"2015-05-21T19:35:02Z","repo":"node","state":"open","user":{"login":"jasnell","id":439929},"owner":"nodejs","closed_at":null,"id":79131555}
{"_id":{"$oid":"555f66a8bd3543f150005a61"},"created_at":"2015-05-22T17:25:56Z","updated_at":"2015-05-22T17:25:56Z","repo":"node","state":"open","user":{"login":"jasnell","id":439929},"owner":"nodejs","closed_at":null,"id":79538832}
{"_id":{"$oid":"555f68d4bd3543f8260055cd"},"created_at":"2015-05-22T17:35:13Z","updated_at":"2015-05-22T17:35:13Z","repo":"node","state":"open","user":{"login":"jasnell","id":439929},"owner":"nodejs","closed_at":null,"id":79541549}
{"_id":{"$oid":"555f6a3ebd3543f234005a7e"},"created_at":"2015-05-22T17:41:16Z","updated_at":"2015-05-22T17:41:16Z","repo":"node","state":"open","user":{"login":"jasnell","id":439929},"owner":"nodejs","closed_at":null,"id":79543703}
{"_id":{"$oid":"555f6c4bbd35430c5200562f"},"created_at":"2015-05-22T17:49:57Z","updated_at":"2015-05-22T17:49:57Z","repo":"node","state":"open","user":{"login":"jasnell","id":439929},"owner":"nodejs","closed_at":null,"id":79546677}
{"_id":{"$oid":"555f6d8dbd3543f2b8005679"},"created_at":"2015-05-22T17:55:22Z","updated_at":"2015-05-22T17:55:22Z","repo":"node","state":"open","user":{"login":"jasnell","id":439929},"owner":"nodejs","closed_at":null,"id":79548493}
{"_id":{"$oid":"555f6f26bd3543f1250051df"},"created_at":"2015-05-22T18:02:07Z","updated_at":"2015-05-22T18:02:13Z","repo":"node","state":"open","user":{"login":"jasnell","id":439929},"owner":"nodejs","closed_at":null,"id":79550348}
{"_id":{"$oid":"555f6fa1bd3543f011005740"},"created_at":"2015-05-22T18:04:10Z","updated_at":"2015-05-22T18:04:10Z","repo":"node","state":"open","user":{"login":"jasnell","id":439929},"owner":"nodejs","closed_at":null,"id":79551138}
{"_id":{"$oid":"555f8994bd3543f07e005945"},"created_at":"2015-05-22T19:54:56Z","updated_at":"2015-05-22T19:54:56Z","repo":"node","state":"open","user":{"login":"jasnell","id":439929},"owner":"nodejs","closed_at":null,"id":79586689}
{"_id":{"$oid":"555f8a82bd3543f01a005e12"},"created_at":"2015-05-22T19:58:54Z","updated_at":"2015-05-22T19:58:54Z","repo":"node","state":"open","user":{"login":"jasnell","id":439929},"owner":"nodejs","closed_at":null,"id":79588018}
{"_id":{"$oid":"555f8d9cbd3543f1c200556a"},"created_at":"2015-05-22T20:11:59Z","updated_at":"2015-05-22T20:11:59Z","repo":"node","state":"open","user":{"login":"jasnell","id":439929},"owner":"nodejs","closed_at":null,"id":79592193}
{"_id":{"$oid":"555f8e6fbd3543f1ce005e7e"},"created_at":"2015-05-22T20:15:40Z","updated_at":"2015-05-22T20:15:40Z","repo":"node","state":"open","user":{"login":"jasnell","id":439929},"owner":"nodejs","closed_at":null,"id":79593318}
{"_id":{"$oid":"555f8f10bd3543f20e005ce6"},"created_at":"2015-05-22T20:18:17Z","updated_at":"2015-05-22T20:18:17Z","repo":"node","state":"open","user":{"login":"jasnell","id":439929},"owner":"nodejs","closed_at":null,"id":79594060}
{"_id":{"$oid":"555f901ebd35430c52005d45"},"created_at":"2015-05-22T20:22:49Z","updated_at":"2015-05-22T20:22:49Z","repo":"node","state":"open","user":{"login":"jasnell","id":439929},"owner":"nodejs","closed_at":null,"id":79595539}
{"_id":{"$oid":"555f914fbd35430c6d0053f8"},"created_at":"2015-05-22T20:27:54Z","updated_at":"2015-05-22T20:27:54Z","repo":"node","state":"open","user":{"login":"jasnell","id":439929},"owner":"nodejs","closed_at":null,"id":79597258}
{"_id":{"$oid":"555f924dbd3543f07e005b42"},"created_at":"2015-05-22T20:32:08Z","updated_at":"2015-05-22T20:32:08Z","repo":"node","state":"open","user":{"login":"jasnell","id":439929},"owner":"nodejs","closed_at":null,"id":79598426}
{"_id":{"$oid":"556f3954bd3543a8b3019a79"},"created_at":"2015-05-25T19:43:21Z","updated_at":"2015-06-03T17:28:03Z","repo":"node","state":"closed","user":{"login":"Fishrock123","id":1093990},"owner":"nodejs","closed_at":"2015-06-03T17:28:03Z","id":80644828}
{"_id":{"$oid":"55656da3bd3543f2ac013dee"},"created_at":"2015-05-27T07:09:15Z","updated_at":"2015-05-27T07:09:15Z","repo":"node","state":"open","user":{"login":"rvagg","id":495647},"owner":"nodejs","closed_at":null,"id":81317589}
{"_id":{"$oid":"5565f5babd3543f182016614"},"created_at":"2015-05-27T16:49:39Z","updated_at":"2015-05-27T16:49:39Z","repo":"node","state":"open","user":{"login":"jasnell","id":439929},"owner":"nodejs","closed_at":null,"id":81527383}
{"_id":{"$oid":"55660164bd35430b31015553"},"created_at":"2015-05-27T17:38:12Z","updated_at":"2015-05-27T17:39:27Z","repo":"node","state":"open","user":{"login":"jasnell","id":439929},"owner":"nodejs","closed_at":null,"id":81547244}
{"_id":{"$oid":"5566498cbd3543f1c2015264"},"created_at":"2015-05-27T19:57:56Z","updated_at":"2015-05-27T22:47:34Z","repo":"node","state":"open","user":{"login":"jasnell","id":439929},"owner":"nodejs","closed_at":null,"id":81600385}
{"_id":{"$oid":"556d3f55bd3543a8b30127f6"},"created_at":"2015-06-02T05:29:51Z","updated_at":"2015-06-02T05:29:51Z","repo":"node","state":"open","user":{"login":"sam-github","id":17607},"owner":"nodejs","closed_at":null,"id":83850008}
{"_id":{"$oid":"556f3674bd3543a8d2017e18"},"created_at":"2015-06-03T05:40:17Z","updated_at":"2015-06-03T17:16:07Z","repo":"node","state":"open","user":{"login":"rvagg","id":495647},"owner":"nodejs","closed_at":null,"id":84374597}
{"_id":{"$oid":"556e978abd3543b3f0014619"},"created_at":"2015-06-03T05:58:26Z","updated_at":"2015-06-03T05:58:26Z","repo":"node","state":"open","user":{"login":"rvagg","id":495647},"owner":"nodejs","closed_at":null,"id":84380881}
{"_id":{"$oid":"556eaa00bd3543a89b015b92"},"created_at":"2015-06-03T07:17:09Z","updated_at":"2015-06-03T07:17:09Z","repo":"node","state":"open","user":{"login":"rvagg","id":495647},"owner":"nodejs","closed_at":null,"id":84407171}
{"_id":{"$oid":"556f2d90bd3543a8f801726b"},"created_at":"2015-06-03T16:38:35Z","updated_at":"2015-06-03T16:38:35Z","repo":"node","state":"open","user":{"login":"jasnell","id":439929},"owner":"nodejs","closed_at":null,"id":84654961}
{"_id":{"$oid":"556f99b8bd3543c1d901780a"},"created_at":"2015-06-03T22:45:50Z","updated_at":"2015-06-04T00:20:00Z","repo":"node","state":"open","user":{"login":"malandrew","id":141789},"owner":"nodejs","closed_at":null,"id":84802946}
{"_id":{"$oid":"557240cdbd35435e140017cf"},"created_at":"2015-06-06T00:37:26Z","updated_at":"2015-06-06T00:37:26Z","repo":"node","state":"open","user":{"login":"malandrew","id":141789},"owner":"nodejs","closed_at":null,"id":85664646}
{"_id":{"$oid":"55778794bd35431c0a003449"},"created_at":"2015-06-10T00:40:20Z","updated_at":"2015-06-10T00:40:20Z","repo":"node","state":"open","user":{"login":"Fishrock123","id":1093990},"owner":"nodejs","closed_at":null,"id":86784617}
{"_id":{"$oid":"55780391bd3543209a006110"},"created_at":"2015-06-10T09:29:21Z","updated_at":"2015-06-10T09:29:21Z","repo":"node","state":"open","user":{"login":"rvagg","id":495647},"owner":"nodejs","closed_at":null,"id":86903745}
{"_id":{"$oid":"557b8b33bd3543e64c0086c4"},"created_at":"2015-06-12T08:31:43Z","updated_at":"2015-06-13T01:45:17Z","repo":"node","state":"open","user":{"login":"iliakan","id":349336},"owner":"nodejs","closed_at":null,"id":87656999}
{"_id":{"$oid":"557aa970bd3543e6690045e9"},"created_at":"2015-06-12T09:41:48Z","updated_at":"2015-06-12T09:41:48Z","repo":"node","state":"open","user":{"login":"christianhaller","id":138188},"owner":"nodejs","closed_at":null,"id":87672234}
{"_id":{"$oid":"5581608cbd3543a1cb005be3"},"created_at":"2015-06-17T11:56:44Z","updated_at":"2015-06-17T11:56:44Z","repo":"node","state":"open","user":{"login":"rvagg","id":495647},"owner":"nodejs","closed_at":null,"id":88996706}
{"_id":{"$oid":"55880914bd35437c030001a0"},"created_at":"2015-06-18T00:56:02Z","updated_at":"2015-06-19T14:38:59Z","repo":"node","state":"open","user":{"login":"Fishrock123","id":1093990},"owner":"nodejs","closed_at":null,"id":89165853}
{"_id":{"$oid":"558a8f86bd3543f0cd005a75"},"created_at":"2015-06-24T11:05:03Z","updated_at":"2015-06-24T11:05:03Z","repo":"node","state":"open","user":{"login":"rvagg","id":495647},"owner":"nodejs","closed_at":null,"id":90643957}
{"_id":{"$oid":"5593cbf2bd3543ed6302bbb4"},"created_at":"2015-07-01T11:15:49Z","updated_at":"2015-07-01T11:15:49Z","repo":"node","state":"open","user":{"login":"rvagg","id":495647},"owner":"nodejs","closed_at":null,"id":92353745}
{"_id":{"$oid":"55941b14bd3543ee4902c040"},"created_at":"2015-07-01T16:53:30Z","updated_at":"2015-07-01T16:53:30Z","repo":"node","state":"open","user":{"login":"asilvas","id":981007},"owner":"nodejs","closed_at":null,"id":92433611}
