{"_id":{"$oid":"555e2456bd3543f1310010a3"},"repo":"node","owner":"nodejs","name":"confirmed bug"}
{"_id":{"$oid":"555e2456bd3543f1310010a4"},"repo":"node","owner":"nodejs","name":"duplicate"}
{"_id":{"$oid":"555e2456bd3543f1310010a5"},"repo":"node","owner":"nodejs","name":"help wanted"}
{"_id":{"$oid":"555e2456bd3543f1310010a6"},"repo":"node","owner":"nodejs","name":"invalid"}
{"_id":{"$oid":"555e2456bd3543f1310010a7"},"repo":"node","owner":"nodejs","name":"question"}
{"_id":{"$oid":"555e2456bd3543f1310010a8"},"repo":"node","owner":"nodejs","name":"wontfix"}
{"_id":{"$oid":"555e2456bd3543f1310010a9"},"repo":"node","owner":"nodejs","name":"discuss"}
{"_id":{"$oid":"555e2456bd3543f1310010aa"},"repo":"node","owner":"nodejs","name":"good first contribution"}
{"_id":{"$oid":"555e2456bd3543f1310010ab"},"repo":"node","owner":"nodejs","name":"tsc-agenda"}
{"_id":{"$oid":"555e2456bd3543f1310010ac"},"repo":"node","owner":"nodejs","name":"semver-minor"}
{"_id":{"$oid":"555e2456bd3543f1310010ad"},"repo":"node","owner":"nodejs","name":"semver-major"}
{"_id":{"$oid":"555e2456bd3543f1310010ae"},"repo":"node","owner":"nodejs","name":"meta"}
{"_id":{"$oid":"555e2456bd3543f1310010af"},"repo":"node","owner":"nodejs","name":"feature request"}
{"_id":{"$oid":"555e2456bd3543f1310010b0"},"repo":"node","owner":"nodejs","name":"land-on-io.js"}
{"_id":{"$oid":"555e2456bd3543f1310010b1"},"repo":"node","owner":"nodejs","name":"tc-agenda"}
{"_id":{"$oid":"555e2456bd3543f1310010b2"},"repo":"node","owner":"nodejs","name":"pull-from-joyent-node"}
{"_id":{"$oid":"5568124cbd3543a12f0002f7"},"repo":"node","owner":"nodejs","name":"build-wg"}
{"_id":{"$oid":"5568124cbd3543a12f0002f8"},"repo":"node","owner":"nodejs","name":"do-not-land"}
