{"_id":{"$oid":"55584558bd3543fc78015316"},"commit_id":"adc7ed33d24143a1a60295d529c5685fcca0a4c9","created_at":"2015-05-17T07:37:57Z","updated_at":"2015-05-17T07:37:57Z","repo":"node","user":{"login":"rvagg","id":495647},"owner":"nodejs","id":30468151}
{"_id":{"$oid":"555a19cabd3543fd1a017d9d"},"commit_id":"f0aeae1ccd0e95a1c5a91c9e63bb9953be543848","created_at":"2015-05-18T16:56:33Z","updated_at":"2015-05-18T16:56:33Z","repo":"node","user":{"login":"chrisdickinson","id":37303},"owner":"nodejs","id":30526071}
{"_id":{"$oid":"555e0bd8bd3543f01a0009d9"},"commit_id":"d366eb0c470b5d75a56d896485a3683f75472e61","created_at":"2015-05-21T16:44:39Z","updated_at":"2015-05-21T16:44:39Z","repo":"node","user":{"login":"bnoordhuis","id":275871},"owner":"nodejs","id":30821177}
{"_id":{"$oid":"555fcf6dbd35430b31006609"},"commit_id":"d366eb0c470b5d75a56d896485a3683f75472e61","created_at":"2015-05-23T00:52:57Z","updated_at":"2015-05-23T00:52:57Z","repo":"node","user":{"login":"rvagg","id":495647},"owner":"nodejs","id":30940089}
{"_id":{"$oid":"55633f94bd3543f1c200d295"},"commit_id":"5f3051c51b6bca35e5caaa9ca4a82f05748cd4cb","created_at":"2015-05-25T15:28:16Z","updated_at":"2015-05-25T15:28:16Z","repo":"node","user":{"login":"mhdawson","id":9373002},"owner":"nodejs","id":30985002}
{"_id":{"$oid":"556657bebd35430c520162aa"},"commit_id":"6414d955a9d3fb765b3da2fd08d16f352f2c0dc1","created_at":"2015-05-27T23:48:10Z","updated_at":"2015-05-27T23:48:10Z","repo":"node","user":{"login":"rvagg","id":495647},"owner":"nodejs","id":31192186}
{"_id":{"$oid":"556657cfbd3543f028016e94"},"commit_id":"6414d955a9d3fb765b3da2fd08d16f352f2c0dc1","created_at":"2015-05-27T23:48:22Z","updated_at":"2015-05-27T23:48:22Z","repo":"node","user":{"login":"rvagg","id":495647},"owner":"nodejs","id":31192198}
