{"_id":{"$oid":"5596c71cbd3543bd2f0011fe"},"fork":true,"repo":"node","watchers":0,"language":"JavaScript","created_at":"2015-05-01T02:09:36Z","forks_count":0,"updated_at":"2015-05-01T02:12:47Z","pushed_at":"2015-05-01T02:34:34Z","watchers_count":0,"full_name":"jasnell-node/node.js-convergence","owner":"nodejs","forks":0,"id":34886135}
{"_id":{"$oid":"5596c71bbd3543bd2f0011fd"},"fork":true,"repo":"node","watchers":0,"language":"JavaScript","created_at":"2015-05-06T05:01:49Z","forks_count":0,"updated_at":"2015-05-06T05:01:53Z","pushed_at":"2015-05-05T01:46:23Z","watchers_count":0,"full_name":"Ikaris-a/node.js-convergence","owner":"nodejs","forks":0,"id":35140325}
{"_id":{"$oid":"5596c71bbd3543bd2f0011fc"},"fork":true,"repo":"node","watchers":0,"language":"JavaScript","created_at":"2015-05-07T05:21:00Z","forks_count":0,"updated_at":"2015-05-07T05:21:03Z","pushed_at":"2015-05-06T18:24:04Z","watchers_count":0,"full_name":"lovewitty/node.js-convergence","owner":"nodejs","forks":0,"id":35200313}
{"_id":{"$oid":"5596c71abd3543bd2f0011fb"},"fork":true,"repo":"node","watchers":0,"language":"JavaScript","created_at":"2015-05-09T10:53:06Z","forks_count":0,"updated_at":"2015-05-09T10:53:10Z","pushed_at":"2015-05-06T18:24:04Z","watchers_count":0,"full_name":"731348691/node.js-convergence","owner":"nodejs","forks":0,"id":35325179}
{"_id":{"$oid":"5596c71abd3543bd2f0011fa"},"fork":true,"repo":"node","watchers":0,"language":"JavaScript","created_at":"2015-05-14T17:08:38Z","forks_count":0,"updated_at":"2015-05-14T17:08:42Z","pushed_at":"2015-05-14T02:14:30Z","watchers_count":0,"full_name":"qq826592522/node.js-convergence","owner":"nodejs","forks":0,"id":35624488}
{"_id":{"$oid":"5596c719bd3543bd2f0011f9"},"fork":true,"repo":"node","watchers":0,"language":"JavaScript","created_at":"2015-05-15T18:23:29Z","forks_count":0,"updated_at":"2015-05-15T18:23:34Z","pushed_at":"2015-05-15T00:16:29Z","watchers_count":0,"full_name":"AVert/node.js-convergence","owner":"nodejs","forks":0,"id":35689775}
{"_id":{"$oid":"5556993ebd3543fd34010690"},"fork":true,"repo":"node","watchers":0,"language":"JavaScript","created_at":"2015-05-16T01:11:21Z","forks_count":0,"updated_at":"2015-05-16T01:11:25Z","pushed_at":"2015-05-15T00:16:29Z","watchers_count":0,"full_name":"eidonjoe/node-1","owner":"nodejs","forks":0,"id":35704380}
{"_id":{"$oid":"5556daaebd3543fd0c012b1b"},"fork":true,"repo":"node","watchers":0,"language":null,"created_at":"2015-05-16T05:50:34Z","forks_count":0,"updated_at":"2015-05-16T05:29:10Z","pushed_at":"2015-05-15T00:16:29Z","watchers_count":0,"full_name":"jasnell/node-1","owner":"nodejs","forks":0,"id":35711773}
{"_id":{"$oid":"5556f513bd3543fffa010e74"},"fork":true,"repo":"node","watchers":0,"language":"JavaScript","created_at":"2015-05-16T07:43:09Z","forks_count":0,"updated_at":"2015-05-16T07:43:12Z","pushed_at":"2015-05-16T06:00:26Z","watchers_count":0,"full_name":"mohanbastian/node","owner":"nodejs","forks":0,"id":35714678}
{"_id":{"$oid":"55570619bd35430e54010d17"},"fork":true,"repo":"node","watchers":0,"language":"JavaScript","created_at":"2015-05-16T08:55:31Z","forks_count":0,"updated_at":"2015-05-16T08:55:34Z","pushed_at":"2015-05-16T06:00:26Z","watchers_count":0,"full_name":"nodejsmx/node-1","owner":"nodejs","forks":0,"id":35716687}
{"_id":{"$oid":"555748b9bd3543fd440104d7"},"fork":true,"repo":"node","watchers":0,"language":"JavaScript","created_at":"2015-05-16T13:40:04Z","forks_count":0,"updated_at":"2015-05-16T13:40:08Z","pushed_at":"2015-05-16T06:00:26Z","watchers_count":0,"full_name":"zensh/node-1","owner":"nodejs","forks":0,"id":35725126}
{"_id":{"$oid":"55576aa7bd3543fd1a011814"},"fork":true,"repo":"node","watchers":0,"language":"JavaScript","created_at":"2015-05-16T16:04:48Z","forks_count":0,"updated_at":"2015-05-16T16:04:52Z","pushed_at":"2015-05-16T06:00:26Z","watchers_count":0,"full_name":"skadimoolam/node","owner":"nodejs","forks":0,"id":35730254}
{"_id":{"$oid":"5557ff87bd3543fb9a012dbf"},"fork":true,"repo":"node","watchers":0,"language":null,"created_at":"2015-05-17T02:40:03Z","forks_count":0,"updated_at":"2015-05-17T02:38:20Z","pushed_at":"2015-05-16T06:00:26Z","watchers_count":0,"full_name":"oct8/node","owner":"nodejs","forks":0,"id":35748936}
{"_id":{"$oid":"55580b4fbd35431658012f63"},"fork":true,"repo":"node","watchers":0,"language":"JavaScript","created_at":"2015-05-17T03:30:18Z","forks_count":0,"updated_at":"2015-05-17T03:30:21Z","pushed_at":"2015-05-16T06:00:26Z","watchers_count":0,"full_name":"shaunstanislaus/node-1","owner":"nodejs","forks":0,"id":35750349}
{"_id":{"$oid":"5558c1ecbd3543fdca0125af"},"fork":true,"repo":"node","watchers":0,"language":"JavaScript","created_at":"2015-05-17T16:29:27Z","forks_count":0,"updated_at":"2015-05-17T16:29:30Z","pushed_at":"2015-05-16T06:00:26Z","watchers_count":0,"full_name":"aleclarson/node","owner":"nodejs","forks":0,"id":35773492}
{"_id":{"$oid":"5558cdb7bd3543fb9a0145df"},"fork":true,"repo":"node","watchers":0,"language":null,"created_at":"2015-05-17T17:19:49Z","forks_count":0,"updated_at":"2015-05-17T17:15:57Z","pushed_at":"2015-05-16T06:00:26Z","watchers_count":0,"full_name":"lightcast/node-1","owner":"nodejs","forks":0,"id":35775211}
{"_id":{"$oid":"55590232bd3543fb9a014e41"},"fork":true,"repo":"node","watchers":0,"language":"JavaScript","created_at":"2015-05-17T21:03:38Z","forks_count":0,"updated_at":"2015-05-17T21:03:42Z","pushed_at":"2015-05-16T06:00:26Z","watchers_count":0,"full_name":"fsbatista/node","owner":"nodejs","forks":0,"id":35782882}
{"_id":{"$oid":"5559262bbd3543fb9a0152e6"},"fork":true,"repo":"node","watchers":0,"language":"JavaScript","created_at":"2015-05-17T23:37:09Z","forks_count":0,"updated_at":"2015-05-17T23:37:13Z","pushed_at":"2015-05-17T21:09:43Z","watchers_count":0,"full_name":"giojavi04/node","owner":"nodejs","forks":0,"id":35787336}
{"_id":{"$oid":"55594046bd354311130138e9"},"fork":true,"repo":"node","watchers":0,"language":"JavaScript","created_at":"2015-05-18T01:28:34Z","forks_count":0,"updated_at":"2015-05-18T01:28:37Z","pushed_at":"2015-05-17T21:09:43Z","watchers_count":0,"full_name":"hushuitian/node","owner":"nodejs","forks":0,"id":35790567}
{"_id":{"$oid":"5559a591bd3543fc12015b7b"},"fork":true,"repo":"node","watchers":0,"language":"JavaScript","created_at":"2015-05-18T08:40:43Z","forks_count":0,"updated_at":"2015-05-18T08:40:47Z","pushed_at":"2015-05-17T21:09:43Z","watchers_count":0,"full_name":"Jackey-Sparrow/node","owner":"nodejs","forks":0,"id":35806644}
{"_id":{"$oid":"5559d0f5bd3543fb7b018cc6"},"fork":true,"repo":"node","watchers":0,"language":"JavaScript","created_at":"2015-05-18T11:45:49Z","forks_count":0,"updated_at":"2015-05-18T11:45:53Z","pushed_at":"2015-05-17T21:09:43Z","watchers_count":0,"full_name":"mushu1990/node","owner":"nodejs","forks":0,"id":35814822}
{"_id":{"$oid":"5559d82fbd35430f4a015fab"},"fork":true,"repo":"node","watchers":0,"language":"JavaScript","created_at":"2015-05-18T12:16:42Z","forks_count":0,"updated_at":"2015-05-18T12:16:46Z","pushed_at":"2015-05-17T21:09:43Z","watchers_count":0,"full_name":"devlato/node","owner":"nodejs","forks":0,"id":35816112}
{"_id":{"$oid":"555a0e24bd35430d89017bd4"},"fork":true,"repo":"node","watchers":0,"language":"JavaScript","created_at":"2015-05-18T16:06:56Z","forks_count":0,"updated_at":"2015-05-18T16:06:59Z","pushed_at":"2015-05-17T21:09:43Z","watchers_count":0,"full_name":"geek/node-1","owner":"nodejs","forks":0,"id":35828084}
{"_id":{"$oid":"5596c718bd3543bd2f0011f8"},"fork":true,"repo":"node","watchers":0,"language":"JavaScript","created_at":"2015-05-18T17:07:26Z","forks_count":0,"updated_at":"2015-05-18T17:07:29Z","pushed_at":"2015-05-18T16:51:06Z","watchers_count":0,"full_name":"CarlosOV/node-1","owner":"nodejs","forks":0,"id":35830990}
{"_id":{"$oid":"555a1f2fbd3543fd68018a28"},"fork":true,"repo":"node","watchers":0,"language":"JavaScript","created_at":"2015-05-18T17:19:35Z","forks_count":0,"updated_at":"2015-05-18T17:19:38Z","pushed_at":"2015-05-18T16:51:06Z","watchers_count":0,"full_name":"justinpopa20/node","owner":"nodejs","forks":0,"id":35831569}
{"_id":{"$oid":"555a63d1bd35430d6b01998d"},"fork":true,"repo":"node","watchers":0,"language":"JavaScript","created_at":"2015-05-18T22:12:25Z","forks_count":0,"updated_at":"2015-05-18T22:12:28Z","pushed_at":"2015-05-18T18:28:29Z","watchers_count":0,"full_name":"andrevvalle/node","owner":"nodejs","forks":0,"id":35845320}
{"_id":{"$oid":"555af0ffbd3543fd8b019f09"},"fork":true,"repo":"node","watchers":0,"language":"JavaScript","created_at":"2015-05-19T08:14:49Z","forks_count":0,"updated_at":"2015-05-19T08:14:52Z","pushed_at":"2015-05-18T18:28:29Z","watchers_count":0,"full_name":"magandrez/node","owner":"nodejs","forks":0,"id":35868632}
{"_id":{"$oid":"555b881fbd3543fd4401ba2e"},"fork":true,"repo":"node","watchers":0,"language":"JavaScript","created_at":"2015-05-19T18:59:36Z","forks_count":0,"updated_at":"2015-05-19T18:59:40Z","pushed_at":"2015-05-19T18:45:07Z","watchers_count":0,"full_name":"notorandxor/node","owner":"nodejs","forks":0,"id":35902185}
{"_id":{"$oid":"555bdd84bd3543fff901b6b3"},"fork":true,"repo":"node","watchers":0,"language":"JavaScript","created_at":"2015-05-20T01:03:56Z","forks_count":0,"updated_at":"2015-05-20T01:03:59Z","pushed_at":"2015-05-19T18:45:07Z","watchers_count":0,"full_name":"nicklv/node","owner":"nodejs","forks":0,"id":35917362}
{"_id":{"$oid":"555c8ef8bd3543fd6501f919"},"fork":true,"repo":"node","watchers":0,"language":"JavaScript","created_at":"2015-05-20T13:41:00Z","forks_count":0,"updated_at":"2015-05-20T13:41:04Z","pushed_at":"2015-05-19T18:45:07Z","watchers_count":0,"full_name":"langelee/node","owner":"nodejs","forks":0,"id":35950288}
{"_id":{"$oid":"555cbb0dbd3543fc7501f3c5"},"fork":true,"repo":"node","watchers":0,"language":"JavaScript","created_at":"2015-05-20T16:49:07Z","forks_count":0,"updated_at":"2015-05-20T16:49:11Z","pushed_at":"2015-05-19T18:45:07Z","watchers_count":0,"full_name":"akh000/node","owner":"nodejs","forks":0,"id":35961217}
{"_id":{"$oid":"555cbe45bd3543fffa020fa8"},"fork":true,"repo":"node","watchers":0,"language":"JavaScript","created_at":"2015-05-20T17:02:56Z","forks_count":0,"updated_at":"2015-05-20T17:03:00Z","pushed_at":"2015-05-19T18:45:07Z","watchers_count":0,"full_name":"PratikSheth/node-1","owner":"nodejs","forks":0,"id":35961894}
{"_id":{"$oid":"555cd88dbd3543fcc00206b9"},"fork":true,"repo":"node","watchers":0,"language":"JavaScript","created_at":"2015-05-20T18:55:02Z","forks_count":0,"updated_at":"2015-05-20T18:55:06Z","pushed_at":"2015-05-19T18:45:07Z","watchers_count":0,"full_name":"Samandar9196/node","owner":"nodejs","forks":0,"id":35967826}
{"_id":{"$oid":"555cfc5bbd3543fdca01fc70"},"fork":true,"repo":"node","watchers":0,"language":"JavaScript","created_at":"2015-05-20T21:27:40Z","forks_count":0,"updated_at":"2015-05-20T21:27:43Z","pushed_at":"2015-05-19T18:45:07Z","watchers_count":0,"full_name":"mhdawson/node-1","owner":"nodejs","forks":0,"id":35975206}
{"_id":{"$oid":"555da169bd3543fd34023e09"},"fork":true,"repo":"node","watchers":0,"language":"JavaScript","created_at":"2015-05-21T09:11:32Z","forks_count":0,"updated_at":"2015-05-21T09:11:35Z","pushed_at":"2015-05-20T22:10:43Z","watchers_count":0,"full_name":"codewill/node","owner":"nodejs","forks":0,"id":36002927}
{"_id":{"$oid":"555da371bd35430cd3023d5d"},"fork":true,"repo":"node","watchers":0,"language":"JavaScript","created_at":"2015-05-21T09:20:34Z","forks_count":0,"updated_at":"2015-05-21T09:20:37Z","pushed_at":"2015-05-20T22:10:43Z","watchers_count":0,"full_name":"gdetreztest/node","owner":"nodejs","forks":0,"id":36003395}
{"_id":{"$oid":"555df58cbd3543f06d00006e"},"fork":true,"repo":"node","watchers":0,"language":"JavaScript","created_at":"2015-05-21T13:16:14Z","forks_count":0,"updated_at":"2015-05-21T13:16:18Z","pushed_at":"2015-05-20T22:10:43Z","watchers_count":0,"full_name":"wycharry/node","owner":"nodejs","forks":0,"id":36013716}
{"_id":{"$oid":"555df58bbd3543f06d00006d"},"fork":true,"repo":"node","watchers":0,"language":"JavaScript","created_at":"2015-05-21T14:00:37Z","forks_count":0,"updated_at":"2015-05-21T14:00:40Z","pushed_at":"2015-05-20T22:10:43Z","watchers_count":0,"full_name":"Brunoalcau/node","owner":"nodejs","forks":0,"id":36015956}
{"_id":{"$oid":"555df58bbd3543f06d00006c"},"fork":true,"repo":"node","watchers":0,"language":"JavaScript","created_at":"2015-05-21T15:04:04Z","forks_count":0,"updated_at":"2015-05-21T15:04:07Z","pushed_at":"2015-05-20T22:10:43Z","watchers_count":0,"full_name":"chenkevinyes/node","owner":"nodejs","forks":0,"id":36019570}
{"_id":{"$oid":"555e1008bd3543f291000bd4"},"fork":true,"repo":"node","watchers":0,"language":"JavaScript","created_at":"2015-05-21T17:01:29Z","forks_count":0,"updated_at":"2015-05-21T17:01:33Z","pushed_at":"2015-05-20T22:10:43Z","watchers_count":0,"full_name":"sleep-NULL/node-1","owner":"nodejs","forks":0,"id":36025940}
{"_id":{"$oid":"555e2624bd354301be000fe4"},"fork":true,"repo":"node","watchers":0,"language":"JavaScript","created_at":"2015-05-21T18:38:20Z","forks_count":0,"updated_at":"2015-05-21T18:38:24Z","pushed_at":"2015-05-20T22:10:43Z","watchers_count":0,"full_name":"dshaw/node-1","owner":"nodejs","forks":0,"id":36030744}
{"_id":{"$oid":"555eaff3bd3543056c0039ad"},"fork":true,"repo":"node","watchers":0,"language":"JavaScript","created_at":"2015-05-22T04:26:21Z","forks_count":0,"updated_at":"2015-05-22T04:26:24Z","pushed_at":"2015-05-21T18:40:36Z","watchers_count":0,"full_name":"bshawk/node-1","owner":"nodejs","forks":0,"id":36052162}
{"_id":{"$oid":"555eca9fbd3543f234003806"},"fork":true,"repo":"node","watchers":0,"language":"JavaScript","created_at":"2015-05-22T06:20:07Z","forks_count":0,"updated_at":"2015-05-22T06:20:10Z","pushed_at":"2015-05-21T18:40:36Z","watchers_count":0,"full_name":"iarna/node","owner":"nodejs","forks":0,"id":36055752}
{"_id":{"$oid":"555f5988bd3543f0cf005e42"},"fork":true,"repo":"node","watchers":0,"language":"JavaScript","created_at":"2015-05-22T16:29:55Z","forks_count":0,"updated_at":"2015-05-22T16:29:59Z","pushed_at":"2015-05-21T18:40:36Z","watchers_count":0,"full_name":"LeandroRV/node","owner":"nodejs","forks":0,"id":36082845}
{"_id":{"$oid":"555f5dabbd3543056c005db5"},"fork":true,"repo":"node","watchers":0,"language":"JavaScript","created_at":"2015-05-22T16:47:35Z","forks_count":0,"updated_at":"2015-05-22T16:47:38Z","pushed_at":"2015-05-21T18:40:36Z","watchers_count":0,"full_name":"sourabp/node","owner":"nodejs","forks":0,"id":36083768}
{"_id":{"$oid":"555f6edcbd3543f0a30058d9"},"fork":true,"repo":"node","watchers":0,"language":null,"created_at":"2015-05-22T18:00:55Z","forks_count":0,"updated_at":"2015-05-22T17:03:54Z","pushed_at":"2015-05-21T18:40:36Z","watchers_count":0,"full_name":"5y/node","owner":"nodejs","forks":0,"id":36087444}
{"_id":{"$oid":"555f87c8bd354305f500601a"},"fork":true,"repo":"node","watchers":0,"language":"JavaScript","created_at":"2015-05-22T19:47:15Z","forks_count":0,"updated_at":"2015-05-22T19:47:19Z","pushed_at":"2015-05-21T18:40:36Z","watchers_count":0,"full_name":"plugine/node","owner":"nodejs","forks":0,"id":36092100}
{"_id":{"$oid":"555fadb0bd35430c6d0058b9"},"fork":true,"repo":"node","watchers":0,"language":"JavaScript","created_at":"2015-05-22T22:28:57Z","forks_count":0,"updated_at":"2015-05-22T22:29:01Z","pushed_at":"2015-05-21T18:40:36Z","watchers_count":0,"full_name":"iancrowther/node-1","owner":"nodejs","forks":0,"id":36097962}
{"_id":{"$oid":"555fc110bd35430aff006940"},"fork":true,"repo":"node","watchers":0,"language":"JavaScript","created_at":"2015-05-22T23:51:38Z","forks_count":0,"updated_at":"2015-05-22T23:51:42Z","pushed_at":"2015-05-21T18:40:36Z","watchers_count":0,"full_name":"MichelZuniga/node","owner":"nodejs","forks":0,"id":36100147}
{"_id":{"$oid":"555ff7bfbd3543f1e800735b"},"fork":true,"repo":"node","watchers":0,"language":null,"created_at":"2015-05-23T03:44:59Z","forks_count":0,"updated_at":"2015-05-23T03:44:51Z","pushed_at":"2015-05-21T18:40:36Z","watchers_count":0,"full_name":"YashwanthT95/node","owner":"nodejs","forks":0,"id":36105895}
{"_id":{"$oid":"55608754bd35430c38007e93"},"fork":true,"repo":"node","watchers":0,"language":"JavaScript","created_at":"2015-05-23T13:57:31Z","forks_count":0,"updated_at":"2015-05-23T13:57:35Z","pushed_at":"2015-05-21T18:40:36Z","watchers_count":0,"full_name":"DavidCai1993/node-1","owner":"nodejs","forks":0,"id":36125560}
{"_id":{"$oid":"55608bc7bd35430b250079d9"},"fork":true,"repo":"node","watchers":0,"language":"JavaScript","created_at":"2015-05-23T14:16:34Z","forks_count":0,"updated_at":"2015-05-23T14:16:38Z","pushed_at":"2015-05-21T18:40:36Z","watchers_count":0,"full_name":"liuliangsir/node-1","owner":"nodejs","forks":0,"id":36126332}
{"_id":{"$oid":"5561286ebd35430530009080"},"fork":true,"repo":"node","watchers":0,"language":"JavaScript","created_at":"2015-05-24T01:24:55Z","forks_count":0,"updated_at":"2015-05-24T01:24:58Z","pushed_at":"2015-05-21T18:40:36Z","watchers_count":0,"full_name":"DavidCai1993/node","owner":"nodejs","forks":0,"id":36150368}
{"_id":{"$oid":"556166c8bd3543f234009d4d"},"fork":true,"repo":"node","watchers":0,"language":"JavaScript","created_at":"2015-05-24T05:50:57Z","forks_count":0,"updated_at":"2015-05-24T05:51:00Z","pushed_at":"2015-05-21T18:40:36Z","watchers_count":0,"full_name":"B1zkit/node-1","owner":"nodejs","forks":0,"id":36158298}
{"_id":{"$oid":"5561e01fbd35430aff00b87f"},"fork":true,"repo":"node","watchers":0,"language":"JavaScript","created_at":"2015-05-24T14:28:39Z","forks_count":0,"updated_at":"2015-05-24T14:28:43Z","pushed_at":"2015-05-21T18:40:36Z","watchers_count":0,"full_name":"xgqfrms/node","owner":"nodejs","forks":0,"id":36176050}
{"_id":{"$oid":"5561eb5dbd3543f01100a712"},"fork":true,"repo":"node","watchers":0,"language":"JavaScript","created_at":"2015-05-24T15:16:38Z","forks_count":0,"updated_at":"2015-05-24T15:16:41Z","pushed_at":"2015-05-21T18:40:36Z","watchers_count":0,"full_name":"jhopes/node-1","owner":"nodejs","forks":0,"id":36178176}
{"_id":{"$oid":"5561eb69bd3543f07e00a942"},"fork":true,"repo":"node","watchers":0,"language":null,"created_at":"2015-05-24T15:16:53Z","forks_count":0,"updated_at":"2015-05-24T14:28:34Z","pushed_at":"2015-05-21T18:40:36Z","watchers_count":0,"full_name":"jblaban/node","owner":"nodejs","forks":0,"id":36178183}
{"_id":{"$oid":"556222b1bd3543053000af56"},"fork":true,"repo":"node","watchers":0,"language":null,"created_at":"2015-05-24T19:12:45Z","forks_count":0,"updated_at":"2015-05-24T17:38:57Z","pushed_at":"2015-05-21T18:40:36Z","watchers_count":0,"full_name":"pxgrids/node","owner":"nodejs","forks":0,"id":36188425}
{"_id":{"$oid":"55622abdbd3543f20e00b137"},"fork":true,"repo":"node","watchers":0,"language":"JavaScript","created_at":"2015-05-24T19:47:04Z","forks_count":0,"updated_at":"2015-05-24T19:47:08Z","pushed_at":"2015-05-21T18:40:36Z","watchers_count":0,"full_name":"vamsi-n/node","owner":"nodejs","forks":0,"id":36189871}
{"_id":{"$oid":"55624b09bd3543f06d00b57f"},"fork":true,"repo":"node","watchers":0,"language":"JavaScript","created_at":"2015-05-24T22:04:52Z","forks_count":0,"updated_at":"2015-05-24T22:04:55Z","pushed_at":"2015-05-21T18:40:36Z","watchers_count":0,"full_name":"jomo/node","owner":"nodejs","forks":0,"id":36196046}
{"_id":{"$oid":"5563602fbd3543f0a300e2eb"},"fork":true,"repo":"node","watchers":0,"language":"JavaScript","created_at":"2015-05-25T17:47:20Z","forks_count":0,"updated_at":"2015-05-25T17:47:23Z","pushed_at":"2015-05-25T15:27:37Z","watchers_count":0,"full_name":"Afgor/node","owner":"nodejs","forks":0,"id":36245555}
{"_id":{"$oid":"5596c717bd3543bd2f0011f7"},"fork":true,"repo":"node","watchers":0,"language":"JavaScript","created_at":"2015-05-26T13:04:36Z","forks_count":0,"updated_at":"2015-05-26T13:04:40Z","pushed_at":"2015-05-25T19:43:22Z","watchers_count":0,"full_name":"aleksey-pyatlin/node","owner":"nodejs","forks":0,"id":36296316}
{"_id":{"$oid":"5565a60dbd354308ba01431a"},"fork":true,"repo":"node","watchers":0,"language":"JavaScript","created_at":"2015-05-27T11:10:00Z","forks_count":0,"updated_at":"2015-05-27T11:10:03Z","pushed_at":"2015-05-25T19:43:22Z","watchers_count":0,"full_name":"kublaj/node-1","owner":"nodejs","forks":0,"id":36361625}
{"_id":{"$oid":"5565ef67bd3543f234015963"},"fork":true,"repo":"node","watchers":0,"language":"JavaScript","created_at":"2015-05-27T16:22:56Z","forks_count":0,"updated_at":"2015-05-27T16:23:00Z","pushed_at":"2015-05-25T19:43:22Z","watchers_count":0,"full_name":"triosyi/node","owner":"nodejs","forks":0,"id":36379909}
{"_id":{"$oid":"55682207bd3543a878000ac3"},"fork":true,"repo":"node","watchers":0,"language":"JavaScript","created_at":"2015-05-28T18:23:14Z","forks_count":0,"updated_at":"2015-05-28T18:23:18Z","pushed_at":"2015-05-27T19:57:56Z","watchers_count":0,"full_name":"ArgusTek/node","owner":"nodejs","forks":0,"id":36457602}
{"_id":{"$oid":"556863debd35439f39001d1b"},"fork":true,"repo":"node","watchers":0,"language":"JavaScript","created_at":"2015-05-29T09:56:28Z","forks_count":0,"updated_at":"2015-05-29T09:56:33Z","pushed_at":"2015-05-27T19:57:56Z","watchers_count":0,"full_name":"jackyang1984/node","owner":"nodejs","forks":0,"id":36495995}
{"_id":{"$oid":"556863debd35439f39001d1a"},"fork":true,"repo":"node","watchers":0,"language":"JavaScript","created_at":"2015-05-29T12:11:05Z","forks_count":0,"updated_at":"2015-05-29T12:11:08Z","pushed_at":"2015-05-27T19:57:56Z","watchers_count":0,"full_name":"freebear/node","owner":"nodejs","forks":0,"id":36502220}
{"_id":{"$oid":"556a750dbd3543b25d00a044"},"fork":true,"repo":"node","watchers":0,"language":"JavaScript","created_at":"2015-05-31T02:42:15Z","forks_count":0,"updated_at":"2015-05-31T02:42:19Z","pushed_at":"2015-05-27T19:57:56Z","watchers_count":0,"full_name":"eibayan/node","owner":"nodejs","forks":0,"id":36584961}
{"_id":{"$oid":"556e9306bd3543a85101466e"},"fork":true,"repo":"node","watchers":0,"language":"JavaScript","created_at":"2015-06-03T05:39:10Z","forks_count":0,"updated_at":"2015-06-03T05:39:13Z","pushed_at":"2015-05-27T19:57:56Z","watchers_count":0,"full_name":"rvagg/node-1","owner":"nodejs","forks":0,"id":36782423}
{"_id":{"$oid":"556ea6b8bd3543bacc015a13"},"fork":true,"repo":"node","watchers":0,"language":"JavaScript","created_at":"2015-06-03T07:03:07Z","forks_count":0,"updated_at":"2015-06-03T07:03:11Z","pushed_at":"2015-06-03T05:40:18Z","watchers_count":0,"full_name":"SandeepSarpe/node","owner":"nodejs","forks":0,"id":36785979}
{"_id":{"$oid":"556f78bfbd3543b7f20192c0"},"fork":true,"repo":"node","watchers":0,"language":"JavaScript","created_at":"2015-06-03T21:59:11Z","forks_count":0,"updated_at":"2015-06-03T21:59:15Z","pushed_at":"2015-06-03T17:30:02Z","watchers_count":0,"full_name":"alexjeffburke/node","owner":"nodejs","forks":0,"id":36832979}
{"_id":{"$oid":"556f8185bd3543a82101882b"},"fork":true,"repo":"node","watchers":0,"language":"JavaScript","created_at":"2015-06-03T22:36:42Z","forks_count":0,"updated_at":"2015-06-03T22:36:45Z","pushed_at":"2015-06-03T17:30:02Z","watchers_count":0,"full_name":"malandrew/node","owner":"nodejs","forks":0,"id":36834521}
{"_id":{"$oid":"556fa51bbd3543a776018d96"},"fork":true,"repo":"node","watchers":0,"language":"JavaScript","created_at":"2015-06-04T01:08:32Z","forks_count":0,"updated_at":"2015-06-04T01:08:36Z","pushed_at":"2015-06-04T00:23:42Z","watchers_count":0,"full_name":"liuning-geek/node","owner":"nodejs","forks":0,"id":36839683}
{"_id":{"$oid":"5596c716bd3543bd2f0011f6"},"fork":true,"repo":"node","watchers":0,"language":"JavaScript","created_at":"2015-06-04T04:41:20Z","forks_count":0,"updated_at":"2015-06-04T04:41:24Z","pushed_at":"2015-06-04T00:23:42Z","watchers_count":0,"full_name":"xotlr43/node","owner":"nodejs","forks":0,"id":36848247}
{"_id":{"$oid":"5596c716bd3543bd2f0011f5"},"fork":true,"repo":"node","watchers":0,"language":"JavaScript","created_at":"2015-06-04T04:45:03Z","forks_count":0,"updated_at":"2015-06-04T04:45:07Z","pushed_at":"2015-06-04T00:23:42Z","watchers_count":0,"full_name":"duan2yu/node","owner":"nodejs","forks":0,"id":36848341}
{"_id":{"$oid":"55701fb8bd3543a8de017a5e"},"fork":true,"repo":"node","watchers":0,"language":"JavaScript","created_at":"2015-06-04T09:51:42Z","forks_count":0,"updated_at":"2015-06-04T09:51:46Z","pushed_at":"2015-06-04T05:30:58Z","watchers_count":0,"full_name":"jasonchaffee/node","owner":"nodejs","forks":0,"id":36862193}
{"_id":{"$oid":"55710a2abd35430e22002b60"},"fork":true,"repo":"node","watchers":0,"language":"JavaScript","created_at":"2015-06-05T02:32:03Z","forks_count":0,"updated_at":"2015-06-05T02:32:07Z","pushed_at":"2015-06-04T15:06:17Z","watchers_count":0,"full_name":"worker-bee-micah/node","owner":"nodejs","forks":0,"id":36907532}
{"_id":{"$oid":"55715166bd35430f1600378f"},"fork":true,"repo":"node","watchers":0,"language":"JavaScript","created_at":"2015-06-05T07:35:56Z","forks_count":0,"updated_at":"2015-06-05T07:36:00Z","pushed_at":"2015-06-04T15:06:17Z","watchers_count":0,"full_name":"chmx0929/node","owner":"nodejs","forks":0,"id":36919034}
{"_id":{"$oid":"5571a36ebd354345e0000a26"},"fork":true,"repo":"node","watchers":0,"language":"JavaScript","created_at":"2015-06-05T13:26:00Z","forks_count":0,"updated_at":"2015-06-05T13:26:03Z","pushed_at":"2015-06-04T15:06:17Z","watchers_count":0,"full_name":"dduuub/node","owner":"nodejs","forks":0,"id":36934000}
{"_id":{"$oid":"55722372bd35435e35000ad2"},"fork":true,"repo":"node","watchers":0,"language":"JavaScript","created_at":"2015-06-05T22:32:03Z","forks_count":0,"updated_at":"2015-06-05T22:32:07Z","pushed_at":"2015-06-04T15:06:17Z","watchers_count":0,"full_name":"akiva/node","owner":"nodejs","forks":0,"id":36958649}
{"_id":{"$oid":"55742358bd35435ddc00555f"},"fork":true,"repo":"node","watchers":0,"language":"JavaScript","created_at":"2015-06-07T10:56:19Z","forks_count":0,"updated_at":"2015-06-07T10:56:23Z","pushed_at":"2015-06-04T15:06:17Z","watchers_count":0,"full_name":"haozxuan/node","owner":"nodejs","forks":0,"id":37013256}
{"_id":{"$oid":"55752dccbd3543718a008bb4"},"fork":true,"repo":"node","watchers":0,"language":"JavaScript","created_at":"2015-06-08T05:53:06Z","forks_count":0,"updated_at":"2015-06-08T05:53:09Z","pushed_at":"2015-06-04T15:06:17Z","watchers_count":0,"full_name":"lishuaibing/node","owner":"nodejs","forks":0,"id":37048434}
{"_id":{"$oid":"55765222bd35435e1400de68"},"fork":true,"repo":"node","watchers":0,"language":"JavaScript","created_at":"2015-06-09T02:40:25Z","forks_count":0,"updated_at":"2015-06-09T02:40:29Z","pushed_at":"2015-06-04T15:06:17Z","watchers_count":0,"full_name":"xiahuibing/node","owner":"nodejs","forks":0,"id":37105780}
{"_id":{"$oid":"5576e601bd354316df000b07"},"fork":true,"repo":"node","watchers":1,"language":"JavaScript","created_at":"2015-06-09T08:41:58Z","forks_count":0,"updated_at":"2015-06-09T08:42:13Z","pushed_at":"2015-06-04T15:06:17Z","watchers_count":1,"full_name":"lokistone/node","owner":"nodejs","forks":0,"id":37120653}
{"_id":{"$oid":"5577b059bd354318c0004361"},"fork":true,"repo":"node","watchers":0,"language":"JavaScript","created_at":"2015-06-10T03:34:16Z","forks_count":0,"updated_at":"2015-06-10T03:34:20Z","pushed_at":"2015-06-04T15:06:17Z","watchers_count":0,"full_name":"L2KSolkov/node","owner":"nodejs","forks":0,"id":37173450}
{"_id":{"$oid":"55794708bd354319a000c6db"},"fork":true,"repo":"node","watchers":0,"language":"JavaScript","created_at":"2015-06-11T08:29:42Z","forks_count":0,"updated_at":"2015-06-11T08:29:45Z","pushed_at":"2015-06-04T15:06:17Z","watchers_count":0,"full_name":"nikhyl/node","owner":"nodejs","forks":0,"id":37248991}
{"_id":{"$oid":"557a9833bd3543e63e00453b"},"fork":true,"repo":"node","watchers":0,"language":"JavaScript","created_at":"2015-06-12T08:28:29Z","forks_count":0,"updated_at":"2015-06-12T08:28:33Z","pushed_at":"2015-06-04T15:06:17Z","watchers_count":0,"full_name":"iliakan/node-1","owner":"nodejs","forks":0,"id":37311048}
{"_id":{"$oid":"557af51cbd3543e6560062aa"},"fork":true,"repo":"node","watchers":0,"language":"JavaScript","created_at":"2015-06-12T15:04:51Z","forks_count":0,"updated_at":"2015-06-12T15:04:55Z","pushed_at":"2015-06-12T08:31:43Z","watchers_count":0,"full_name":"pierreinglebert/node","owner":"nodejs","forks":0,"id":37328354}
{"_id":{"$oid":"557bbf40bd3543e655008e1f"},"fork":true,"repo":"node","watchers":0,"language":"JavaScript","created_at":"2015-06-13T05:27:20Z","forks_count":0,"updated_at":"2015-06-13T05:27:24Z","pushed_at":"2015-06-12T08:31:43Z","watchers_count":0,"full_name":"IVictorFeng/node","owner":"nodejs","forks":0,"id":37359179}
{"_id":{"$oid":"557e8546bd3543e6430108e8"},"fork":true,"repo":"node","watchers":0,"language":"JavaScript","created_at":"2015-06-15T07:56:44Z","forks_count":0,"updated_at":"2015-06-15T07:56:47Z","pushed_at":"2015-06-12T08:31:43Z","watchers_count":0,"full_name":"Deepongpat/node","owner":"nodejs","forks":0,"id":37451423}
{"_id":{"$oid":"557ef511bd3543e631013114"},"fork":true,"repo":"node","watchers":0,"language":"JavaScript","created_at":"2015-06-15T15:53:38Z","forks_count":0,"updated_at":"2015-06-15T15:53:42Z","pushed_at":"2015-06-12T08:31:43Z","watchers_count":0,"full_name":"ChALkeR/node","owner":"nodejs","forks":0,"id":37475154}
{"_id":{"$oid":"557f07dfbd3543e632012606"},"fork":true,"repo":"node","watchers":0,"language":"JavaScript","created_at":"2015-06-15T17:13:56Z","forks_count":0,"updated_at":"2015-06-15T17:14:00Z","pushed_at":"2015-06-12T08:31:43Z","watchers_count":0,"full_name":"jovc/node","owner":"nodejs","forks":0,"id":37479373}
{"_id":{"$oid":"557f64dabd3543e6510149dd"},"fork":true,"repo":"node","watchers":0,"language":"JavaScript","created_at":"2015-06-15T23:50:42Z","forks_count":0,"updated_at":"2015-06-15T23:50:46Z","pushed_at":"2015-06-12T08:31:43Z","watchers_count":0,"full_name":"towntrot/node","owner":"nodejs","forks":0,"id":37497436}
{"_id":{"$oid":"557fef3dbd3543e66c01660c"},"fork":true,"repo":"node","watchers":0,"language":"JavaScript","created_at":"2015-06-16T09:40:32Z","forks_count":0,"updated_at":"2015-06-16T09:40:36Z","pushed_at":"2015-06-12T08:31:43Z","watchers_count":0,"full_name":"KEVINSCNU/node-1","owner":"nodejs","forks":0,"id":37521457}
{"_id":{"$oid":"55804fcabd3543a7cf000a42"},"fork":true,"repo":"node","watchers":0,"language":"JavaScript","created_at":"2015-06-16T16:29:12Z","forks_count":0,"updated_at":"2015-06-16T16:29:16Z","pushed_at":"2015-06-12T08:31:43Z","watchers_count":0,"full_name":"Kalvar/node","owner":"nodejs","forks":0,"id":37542197}
{"_id":{"$oid":"5581c681bd35439ecb007e98"},"fork":true,"repo":"node","watchers":0,"language":"JavaScript","created_at":"2015-06-17T19:11:28Z","forks_count":0,"updated_at":"2015-06-17T19:11:32Z","pushed_at":"2015-06-12T08:31:43Z","watchers_count":0,"full_name":"lacedub/node","owner":"nodejs","forks":0,"id":37615411}
{"_id":{"$oid":"5581dafabd354398b6007c5c"},"fork":true,"repo":"node","watchers":0,"language":"JavaScript","created_at":"2015-06-17T20:33:56Z","forks_count":0,"updated_at":"2015-06-17T20:33:59Z","pushed_at":"2015-06-12T08:31:43Z","watchers_count":0,"full_name":"dhardenb/node","owner":"nodejs","forks":0,"id":37619326}
{"_id":{"$oid":"5581e91ebd3543a68d007eaf"},"fork":true,"repo":"node","watchers":0,"language":"JavaScript","created_at":"2015-06-17T21:39:24Z","forks_count":0,"updated_at":"2015-06-17T21:39:27Z","pushed_at":"2015-06-12T08:31:43Z","watchers_count":0,"full_name":"zblach/node","owner":"nodejs","forks":0,"id":37622401}
{"_id":{"$oid":"5581ef50bd354398230081f5"},"fork":true,"repo":"node","watchers":0,"language":"JavaScript","created_at":"2015-06-17T22:05:40Z","forks_count":0,"updated_at":"2015-06-17T22:05:44Z","pushed_at":"2015-06-12T08:31:43Z","watchers_count":0,"full_name":"kgnete/node","owner":"nodejs","forks":0,"id":37623487}
{"_id":{"$oid":"5586e88bbd3543536a000c2f"},"fork":true,"repo":"node","watchers":0,"language":"JavaScript","created_at":"2015-06-19T05:30:56Z","forks_count":0,"updated_at":"2015-06-19T05:31:00Z","pushed_at":"2015-06-18T00:56:03Z","watchers_count":0,"full_name":"aethersg/node","owner":"nodejs","forks":0,"id":37703492}
{"_id":{"$oid":"55884c5abd35437b30001147"},"fork":true,"repo":"node","watchers":0,"language":"JavaScript","created_at":"2015-06-22T10:44:57Z","forks_count":0,"updated_at":"2015-06-22T10:45:00Z","pushed_at":"2015-06-18T00:56:03Z","watchers_count":0,"full_name":"lixzh/node","owner":"nodejs","forks":0,"id":37850055}
{"_id":{"$oid":"55884c5abd35437b30001146"},"fork":true,"repo":"node","watchers":0,"language":"JavaScript","created_at":"2015-06-22T10:48:31Z","forks_count":0,"updated_at":"2015-06-22T10:48:35Z","pushed_at":"2015-06-18T00:56:03Z","watchers_count":0,"full_name":"g5693038/node","owner":"nodejs","forks":0,"id":37850189}
{"_id":{"$oid":"558b5829bd3543f46c0098db"},"fork":true,"repo":"node","watchers":0,"language":"JavaScript","created_at":"2015-06-25T01:23:38Z","forks_count":0,"updated_at":"2015-06-25T01:23:42Z","pushed_at":"2015-06-18T00:56:03Z","watchers_count":0,"full_name":"gmorc/node","owner":"nodejs","forks":0,"id":38020505}
{"_id":{"$oid":"558f62adbd3543ed6f01d20f"},"fork":true,"repo":"node","watchers":0,"language":"JavaScript","created_at":"2015-06-28T02:57:40Z","forks_count":0,"updated_at":"2015-06-28T02:57:44Z","pushed_at":"2015-06-18T00:56:03Z","watchers_count":0,"full_name":"Jumptidus/node","owner":"nodejs","forks":0,"id":38184071}
{"_id":{"$oid":"5592468fbd3543edc9025fdb"},"fork":true,"repo":"node","watchers":0,"language":"JavaScript","created_at":"2015-06-30T07:34:30Z","forks_count":0,"updated_at":"2015-06-30T07:34:35Z","pushed_at":"2015-06-18T00:56:03Z","watchers_count":0,"full_name":"Gustibimo/node","owner":"nodejs","forks":0,"id":38294706}
{"_id":{"$oid":"55925ec7bd3543f197025f96"},"fork":true,"repo":"node","watchers":0,"language":"JavaScript","created_at":"2015-06-30T09:17:41Z","forks_count":0,"updated_at":"2015-06-30T09:17:45Z","pushed_at":"2015-06-18T00:56:03Z","watchers_count":0,"full_name":"jwytd/node","owner":"nodejs","forks":0,"id":38299698}
{"_id":{"$oid":"55927da8bd3543ee1e0252ce"},"fork":true,"repo":"node","watchers":0,"language":"JavaScript","created_at":"2015-06-30T11:29:39Z","forks_count":0,"updated_at":"2015-06-30T11:29:42Z","pushed_at":"2015-06-18T00:56:03Z","watchers_count":0,"full_name":"seanfreeman/node","owner":"nodejs","forks":0,"id":38305486}
{"_id":{"$oid":"5596c715bd3543bd2f0011f4"},"fork":true,"repo":"node","watchers":0,"language":"JavaScript","created_at":"2015-07-03T09:52:12Z","forks_count":0,"updated_at":"2015-07-03T09:52:15Z","pushed_at":"2015-06-18T00:56:03Z","watchers_count":0,"full_name":"itroadhd/node","owner":"nodejs","forks":0,"id":38485753}
