{"_id":{"$oid":"534ef4c2bd35437f740007c7"},"repo":"caffe","owner":"BVLC","login":"erictzeng","id":833004}
{"_id":{"$oid":"534ef4c2bd35437f740007c8"},"repo":"caffe","owner":"BVLC","login":"jeffdonahue","id":965190}
{"_id":{"$oid":"534ef4c2bd35437f96000d88"},"repo":"caffe","owner":"BVLC","login":"jeffdonahue","id":965190}
{"_id":{"$oid":"534ef4c2bd35437f740007c9"},"repo":"caffe","owner":"BVLC","login":"longjon","id":940817}
{"_id":{"$oid":"534ef4c2bd35437f96000d89"},"repo":"caffe","owner":"BVLC","login":"longjon","id":940817}
{"_id":{"$oid":"534ef4c2bd35437f740007ca"},"repo":"caffe","owner":"BVLC","login":"rbgirshick","id":1190634}
{"_id":{"$oid":"534ef4c2bd35437f740007cb"},"repo":"caffe","owner":"BVLC","login":"sergeyk","id":4881}
{"_id":{"$oid":"534ef4c2bd35437f96000d8a"},"repo":"caffe","owner":"BVLC","login":"sergeyk","id":4881}
{"_id":{"$oid":"534ef4c2bd35437f740007cc"},"repo":"caffe","owner":"BVLC","login":"sguada","id":1766524}
{"_id":{"$oid":"534ef4c2bd35437f96000d8b"},"repo":"caffe","owner":"BVLC","login":"sguada","id":1766524}
{"_id":{"$oid":"534ef4c2bd35437f96000d8c"},"repo":"caffe","owner":"BVLC","login":"shelhamer","id":311113}
