{"_id":{"$oid":"52deec1bbd3543bca1089cbf"},"repo":"caffe","owner":"BVLC","name":"bug"}
{"_id":{"$oid":"52deec1bbd3543bca1089cc0"},"repo":"caffe","owner":"BVLC","name":"duplicate"}
{"_id":{"$oid":"52deec1bbd3543bca1089cc1"},"repo":"caffe","owner":"BVLC","name":"enhancement"}
{"_id":{"$oid":"52deec1bbd3543bca1089cc2"},"repo":"caffe","owner":"BVLC","name":"invalid"}
{"_id":{"$oid":"52deec1bbd3543bca1089cc3"},"repo":"caffe","owner":"BVLC","name":"question"}
{"_id":{"$oid":"52deec1bbd3543bca1089cc4"},"repo":"caffe","owner":"BVLC","name":"wontfix"}
{"_id":{"$oid":"52e4aaaabd3543bca10ab34f"},"repo":"caffe","owner":"BVLC","name":"interface"}
{"_id":{"$oid":"52e4aaaabd3543bca10ab350"},"repo":"caffe","owner":"BVLC","name":"training"}
{"_id":{"$oid":"52e9937bbd35430297006b27"},"repo":"caffe","owner":"BVLC","name":"hardware/compatibility"}
{"_id":{"$oid":"530277efbd35433b76003009"},"repo":"caffe","owner":"BVLC","name":"hardware/portability"}
{"_id":{"$oid":"530be4f5bd3543ac1f035d1e"},"repo":"caffe","owner":"BVLC","name":"work in progress"}
{"_id":{"$oid":"530be4f5bd3543ac1f035d1f"},"repo":"caffe","owner":"BVLC","name":"downstream problem?"}
{"_id":{"$oid":"543779aabd3543a1d2004261"},"repo":"caffe","owner":"BVLC","name":"portability"}
{"_id":{"$oid":"54419416bd3543a0b302b22b"},"repo":"caffe","owner":"BVLC","name":"in progress"}
{"_id":{"$oid":"54a2198abd354320df01c918"},"repo":"caffe","owner":"BVLC","name":"compatibility"}
{"_id":{"$oid":"54a2198abd354320df01c919"},"repo":"caffe","owner":"BVLC","name":"focus"}
{"_id":{"$oid":"54a2198abd354320df01c91a"},"repo":"caffe","owner":"BVLC","name":"documentation"}
{"_id":{"$oid":"54a2198abd354320df01c91b"},"repo":"caffe","owner":"BVLC","name":"speed-up"}
{"_id":{"$oid":"54eae556bd3543776a00d846"},"repo":"caffe","owner":"BVLC","name":"sandbox"}
{"_id":{"$oid":"54eae556bd3543776a00d847"},"repo":"caffe","owner":"BVLC","name":"ready for review"}
{"_id":{"$oid":"54eae556bd3543776a00d848"},"repo":"caffe","owner":"BVLC","name":"needs rebase"}
{"_id":{"$oid":"54eae556bd3543776a00d849"},"repo":"caffe","owner":"BVLC","name":"JD"}
{"_id":{"$oid":"54eae556bd3543776a00d84a"},"repo":"caffe","owner":"BVLC","name":"JL"}
{"_id":{"$oid":"54ee6a3dbd3543c4d8003a89"},"repo":"caffe","owner":"BVLC","name":"ES"}
{"_id":{"$oid":"554c4934bd35436014009cd3"},"repo":"caffe","owner":"BVLC","name":"Matlab"}
{"_id":{"$oid":"554fe700bd3543e05f002255"},"repo":"caffe","owner":"BVLC","name":"abandoned"}
{"_id":{"$oid":"554fe700bd3543e05f002256"},"repo":"caffe","owner":"BVLC","name":"upstream issue"}
{"_id":{"$oid":"554fe701bd3543e05f002257"},"repo":"caffe","owner":"BVLC","name":"Python"}
{"_id":{"$oid":"554fe701bd3543e05f002258"},"repo":"caffe","owner":"BVLC","name":"community"}
{"_id":{"$oid":"554fe701bd3543e05f002259"},"repo":"caffe","owner":"BVLC","name":"style"}
{"_id":{"$oid":"55593aa9bd3543fff9012dfb"},"repo":"caffe","owner":"BVLC","name":"testing"}
{"_id":{"$oid":"55593aa9bd3543fff9012dfc"},"repo":"caffe","owner":"BVLC","name":"build"}
{"_id":{"$oid":"55593aa9bd3543fff9012dfd"},"repo":"caffe","owner":"BVLC","name":"Python 3"}
