{"_id":{"$oid":"50c96441edecb53d8f002f86"},"repo":"angular.js","owner":"angular","login":"Codier","id":711926}
{"_id":{"$oid":"534c11b8bd35432af0000660"},"repo":"angular.js","owner":"angular","login":"EisenbergEffect","id":131485}
{"_id":{"$oid":"50c96441edecb53d8f002f87"},"repo":"angular.js","owner":"angular","login":"IgorMinar","id":216296}
{"_id":{"$oid":"53bc0027bd3543783a001291"},"repo":"angular.js","owner":"angular","login":"Narretz","id":1153097}
{"_id":{"$oid":"53bc0026bd3543783a00128e"},"repo":"angular.js","owner":"angular","login":"antingshen","id":2498332}
{"_id":{"$oid":"534c11b8bd35432af0000661"},"repo":"angular.js","owner":"angular","login":"ashleygwilliams","id":1163554}
{"_id":{"$oid":"534c11b8bd35432af0000662"},"repo":"angular.js","owner":"angular","login":"auser","id":529}
{"_id":{"$oid":"50c96441edecb53d8f002f88"},"repo":"angular.js","owner":"angular","login":"bradlygreen","id":757236}
{"_id":{"$oid":"50c96441edecb53d8f002f89"},"repo":"angular.js","owner":"angular","login":"btford","id":474988}
{"_id":{"$oid":"53bc0027bd3543783a00128f"},"repo":"angular.js","owner":"angular","login":"caguillen214","id":6731772}
{"_id":{"$oid":"52f59de4bd35433fbe002e98"},"repo":"angular.js","owner":"angular","login":"caitp","id":2294695}
{"_id":{"$oid":"52f59de4bd35433fcf001ff0"},"repo":"angular.js","owner":"angular","login":"caitp","id":2294695}
{"_id":{"$oid":"52f59de4bd35433fbe002e99"},"repo":"angular.js","owner":"angular","login":"chimney-sweeper","id":6007358}
{"_id":{"$oid":"52f59de4bd35433fcf001ff1"},"repo":"angular.js","owner":"angular","login":"chimney-sweeper","id":6007358}
{"_id":{"$oid":"52f59de4bd35433fbe002e9a"},"repo":"angular.js","owner":"angular","login":"chirayuk","id":37704}
{"_id":{"$oid":"52f59de4bd35433fcf001ff2"},"repo":"angular.js","owner":"angular","login":"chirayuk","id":37704}
{"_id":{"$oid":"534c11b8bd35432af0000663"},"repo":"angular.js","owner":"angular","login":"davidjnelson","id":381633}
{"_id":{"$oid":"50c96441edecb53d8f002f8a"},"repo":"angular.js","owner":"angular","login":"dmanek","id":506183}
{"_id":{"$oid":"53bc0027bd3543783a001290"},"repo":"angular.js","owner":"angular","login":"ealtenho","id":7307099}
{"_id":{"$oid":"50c96441edecb53d8f002f8b"},"repo":"angular.js","owner":"angular","login":"esprehn","id":415779}
{"_id":{"$oid":"534c11b8bd35432af0000664"},"repo":"angular.js","owner":"angular","login":"geddski","id":515722}
{"_id":{"$oid":"52f59de4bd35433fcf001ff3"},"repo":"angular.js","owner":"angular","login":"jbdeboer","id":502633}
{"_id":{"$oid":"52f59de4bd35433fcf001ff4"},"repo":"angular.js","owner":"angular","login":"jeffbcross","id":463703}
{"_id":{"$oid":"52f59de4bd35433fbe002e9b"},"repo":"angular.js","owner":"angular","login":"juliemr","id":2081709}
{"_id":{"$oid":"52f59de4bd35433fcf001ff5"},"repo":"angular.js","owner":"angular","login":"juliemr","id":2081709}
{"_id":{"$oid":"534c11b8bd35432af0000665"},"repo":"angular.js","owner":"angular","login":"lefos987","id":1442897}
{"_id":{"$oid":"534c11b8bd35432af0000666"},"repo":"angular.js","owner":"angular","login":"lgalfaso","id":391394}
{"_id":{"$oid":"534c11b8bd35432af0000667"},"repo":"angular.js","owner":"angular","login":"linclark","id":105464}
{"_id":{"$oid":"52f59de4bd35433fbe002e9c"},"repo":"angular.js","owner":"angular","login":"mary-poppins","id":4871841}
{"_id":{"$oid":"52f59de4bd35433fcf001ff6"},"repo":"angular.js","owner":"angular","login":"mary-poppins","id":4871841}
{"_id":{"$oid":"52f59de4bd35433fbe002e9d"},"repo":"angular.js","owner":"angular","login":"matsko","id":93018}
{"_id":{"$oid":"52f59de4bd35433fcf001ff7"},"repo":"angular.js","owner":"angular","login":"matsko","id":93018}
{"_id":{"$oid":"50c96441edecb53d8f002f8c"},"repo":"angular.js","owner":"angular","login":"mhevery","id":111951}
{"_id":{"$oid":"534c11b8bd35432af0000668"},"repo":"angular.js","owner":"angular","login":"mzgol","id":1758366}
{"_id":{"$oid":"52f59de4bd35433fbe002e9e"},"repo":"angular.js","owner":"angular","login":"naomiblack","id":2286589}
{"_id":{"$oid":"52f59de4bd35433fcf001ff8"},"repo":"angular.js","owner":"angular","login":"naomiblack","id":2286589}
{"_id":{"$oid":"50c96441edecb53d8f002f8d"},"repo":"angular.js","owner":"angular","login":"petebacondarwin","id":15655}
{"_id":{"$oid":"50c96441edecb53d8f002f8e"},"repo":"angular.js","owner":"angular","login":"pkozlowski-opensource","id":973550}
{"_id":{"$oid":"53bc0027bd3543783a001292"},"repo":"angular.js","owner":"angular","login":"rodyhaddad","id":1331190}
{"_id":{"$oid":"52f59de4bd35433fcf001ff9"},"repo":"angular.js","owner":"angular","login":"shepheb","id":157812}
{"_id":{"$oid":"52f59de4bd35433fcf001ffa"},"repo":"angular.js","owner":"angular","login":"tbosch","id":690815}
{"_id":{"$oid":"50c96441edecb53d8f002f8f"},"repo":"angular.js","owner":"angular","login":"vojtajina","id":46647}
