{"_id":{"$oid":"51ba9f66bd35437a9a001508"},"repo":"angular.js","owner":"angular","name":"feature"}
{"_id":{"$oid":"51ba9f66bd35437a9a001509"},"repo":"angular.js","owner":"angular","name":"security"}
{"_id":{"$oid":"51ba9f66bd35437a9a00150a"},"repo":"angular.js","owner":"angular","name":"chore"}
{"_id":{"$oid":"51ba9f66bd35437a9a00150b"},"repo":"angular.js","owner":"angular","name":"WIP"}
{"_id":{"$oid":"51ba9f66bd35437a9a00150c"},"repo":"angular.js","owner":"angular","name":"bug"}
{"_id":{"$oid":"51ba9f66bd35437a9a00150d"},"repo":"angular.js","owner":"angular","name":"need info"}
{"_id":{"$oid":"51ba9f66bd35437a9a00150e"},"repo":"angular.js","owner":"angular","name":"scenario runner"}
{"_id":{"$oid":"51ba9f66bd35437a9a00150f"},"repo":"angular.js","owner":"angular","name":"resource"}
{"_id":{"$oid":"51ba9f66bd35437a9a001510"},"repo":"angular.js","owner":"angular","name":"docs"}
{"_id":{"$oid":"51ba9f67bd35437a9a001511"},"repo":"angular.js","owner":"angular","name":"customer priority"}
{"_id":{"$oid":"51ba9f67bd35437a9a001512"},"repo":"angular.js","owner":"angular","name":"community"}
{"_id":{"$oid":"51ba9f67bd35437a9a001513"},"repo":"angular.js","owner":"angular","name":"$http"}
{"_id":{"$oid":"51ba9f67bd35437a9a001514"},"repo":"angular.js","owner":"angular","name":"$compile"}
{"_id":{"$oid":"51ba9f67bd35437a9a001515"},"repo":"angular.js","owner":"angular","name":"triaged"}
{"_id":{"$oid":"51ba9f67bd35437a9a001516"},"repo":"angular.js","owner":"angular","name":"investigate"}
{"_id":{"$oid":"51ba9f67bd35437a9a001517"},"repo":"angular.js","owner":"angular","name":"routing"}
{"_id":{"$oid":"51ba9f67bd35437a9a001518"},"repo":"angular.js","owner":"angular","name":"forms"}
{"_id":{"$oid":"51ba9f67bd35437a9a001519"},"repo":"angular.js","owner":"angular","name":"IE8-only"}
{"_id":{"$oid":"521546dcbd3543d4e400069b"},"repo":"angular.js","owner":"angular","name":"impact: medium"}
{"_id":{"$oid":"521546dcbd3543d4e400069c"},"repo":"angular.js","owner":"angular","name":"impact: small"}
{"_id":{"$oid":"521546dcbd3543d4e400069d"},"repo":"angular.js","owner":"angular","name":"impact: large"}
{"_id":{"$oid":"521546dcbd3543d4e400069e"},"repo":"angular.js","owner":"angular","name":"impact: huge"}
{"_id":{"$oid":"521546dcbd3543d4e400069f"},"repo":"angular.js","owner":"angular","name":"complexity: small"}
{"_id":{"$oid":"521546dcbd3543d4e40006a0"},"repo":"angular.js","owner":"angular","name":"complexity: medium"}
{"_id":{"$oid":"521546dcbd3543d4e40006a1"},"repo":"angular.js","owner":"angular","name":"complexity: large"}
{"_id":{"$oid":"521546dcbd3543d4e40006a2"},"repo":"angular.js","owner":"angular","name":"stable: yes"}
{"_id":{"$oid":"521546dcbd3543d4e40006a3"},"repo":"angular.js","owner":"angular","name":"stable: no"}
{"_id":{"$oid":"521774a4bd3543d43a005be4"},"repo":"angular.js","owner":"angular","name":"cla: yes"}
{"_id":{"$oid":"521774a4bd3543d43a005be5"},"repo":"angular.js","owner":"angular","name":"cla: no"}
{"_id":{"$oid":"521774a4bd3543d43a005be6"},"repo":"angular.js","owner":"angular","name":"needs: work"}
{"_id":{"$oid":"521774a4bd3543d43a005be7"},"repo":"angular.js","owner":"angular","name":"needs: review"}
{"_id":{"$oid":"521d9866bd3543d4a5020c4e"},"repo":"angular.js","owner":"angular","name":"type: feature"}
{"_id":{"$oid":"521d9866bd3543d4a5020c4f"},"repo":"angular.js","owner":"angular","name":"type: chore"}
{"_id":{"$oid":"521d9866bd3543d4a5020c50"},"repo":"angular.js","owner":"angular","name":"type: bug"}
{"_id":{"$oid":"521d9866bd3543d4a5020c51"},"repo":"angular.js","owner":"angular","name":"needs: more info"}
{"_id":{"$oid":"521d9866bd3543d4a5020c52"},"repo":"angular.js","owner":"angular","name":"component: scenario runner"}
{"_id":{"$oid":"521d9866bd3543d4a5020c53"},"repo":"angular.js","owner":"angular","name":"component: $resource"}
{"_id":{"$oid":"521d9866bd3543d4a5020c54"},"repo":"angular.js","owner":"angular","name":"type: docs"}
{"_id":{"$oid":"521d9866bd3543d4a5020c55"},"repo":"angular.js","owner":"angular","name":"high priority"}
{"_id":{"$oid":"521d9866bd3543d4a5020c56"},"repo":"angular.js","owner":"angular","name":"PRs welcome!"}
{"_id":{"$oid":"521d9866bd3543d4a5020c57"},"repo":"angular.js","owner":"angular","name":"component: $http"}
{"_id":{"$oid":"521d9866bd3543d4a5020c58"},"repo":"angular.js","owner":"angular","name":"component: $compile"}
{"_id":{"$oid":"521d9866bd3543d4a5020c59"},"repo":"angular.js","owner":"angular","name":"needs: investigation"}
{"_id":{"$oid":"521d9866bd3543d4a5020c5a"},"repo":"angular.js","owner":"angular","name":"component: $route"}
{"_id":{"$oid":"521d9866bd3543d4a5020c5b"},"repo":"angular.js","owner":"angular","name":"component: forms"}
{"_id":{"$oid":"521d9866bd3543d4a5020c5c"},"repo":"angular.js","owner":"angular","name":"browser-specific: IE8"}
{"_id":{"$oid":"521e473ebd3543d49f02881a"},"repo":"angular.js","owner":"angular","name":"browser-specific: IE9"}
{"_id":{"$oid":"522b0520bd3543b503000348"},"repo":"angular.js","owner":"angular","name":"needs: cla"}
{"_id":{"$oid":"522b0521bd3543b503000349"},"repo":"angular.js","owner":"angular","name":"type: PR"}
{"_id":{"$oid":"522b0522bd3543b50300034a"},"repo":"angular.js","owner":"angular","name":"type: regression"}
{"_id":{"$oid":"524bae59bd3543d9050014ad"},"repo":"angular.js","owner":"angular","name":"needs: jquery fix"}
{"_id":{"$oid":"524bae59bd3543d9050014ae"},"repo":"angular.js","owner":"angular","name":"component: jqLite"}
{"_id":{"$oid":"524bae59bd3543d9050014af"},"repo":"angular.js","owner":"angular","name":"type: issue"}
{"_id":{"$oid":"524bae59bd3543d9050014b0"},"repo":"angular.js","owner":"angular","name":"component: ngAnimate"}
{"_id":{"$oid":"5271b77dbd354383810002aa"},"repo":"angular.js","owner":"angular","name":"type: refactor"}
{"_id":{"$oid":"5271b77dbd354383810002ab"},"repo":"angular.js","owner":"angular","name":"tt:not_started"}
{"_id":{"$oid":"528fdeefbd3543b99c000218"},"repo":"angular.js","owner":"angular","name":"post-1.2-milestone"}
{"_id":{"$oid":"52a5d311bd35431f90001040"},"repo":"angular.js","owner":"angular","name":"component: ngResource"}
{"_id":{"$oid":"52a5d311bd35431f90001041"},"repo":"angular.js","owner":"angular","name":"component: ngRoute"}
{"_id":{"$oid":"52a5d311bd35431f90001042"},"repo":"angular.js","owner":"angular","name":"gh: PR"}
{"_id":{"$oid":"52a5d311bd35431f90001043"},"repo":"angular.js","owner":"angular","name":"gh: issue"}
{"_id":{"$oid":"52a5d311bd35431f90001044"},"repo":"angular.js","owner":"angular","name":"origin: google"}
{"_id":{"$oid":"52a5d311bd35431f90001045"},"repo":"angular.js","owner":"angular","name":"needs: breaking change"}
{"_id":{"$oid":"52a5d311bd35431f90001046"},"repo":"angular.js","owner":"angular","name":"component: $location"}
{"_id":{"$oid":"52a5d311bd35431f90001047"},"repo":"angular.js","owner":"angular","name":"component: ngRepeat"}
{"_id":{"$oid":"52a5d311bd35431f90001048"},"repo":"angular.js","owner":"angular","name":"component: misc core"}
{"_id":{"$oid":"52a5d311bd35431f90001049"},"repo":"angular.js","owner":"angular","name":"component: ngTouch"}
{"_id":{"$oid":"52a5d311bd35431f9000104a"},"repo":"angular.js","owner":"angular","name":"component: ngSanitize"}
{"_id":{"$oid":"52a5d311bd35431f9000104b"},"repo":"angular.js","owner":"angular","name":"component: ngCookies"}
{"_id":{"$oid":"52a5d311bd35431f9000104c"},"repo":"angular.js","owner":"angular","name":"resolution: invalid"}
{"_id":{"$oid":"52a5d311bd35431f9000104d"},"repo":"angular.js","owner":"angular","name":"resolution: won't fix"}
{"_id":{"$oid":"52a5d311bd35431f9000104e"},"repo":"angular.js","owner":"angular","name":"resolution: can't reproduce"}
{"_id":{"$oid":"52a5d311bd35431f9000104f"},"repo":"angular.js","owner":"angular","name":"component: $parse"}
{"_id":{"$oid":"52a5d311bd35431f90001050"},"repo":"angular.js","owner":"angular","name":"foo"}
{"_id":{"$oid":"52a98b9ebd3543a02f000067"},"repo":"angular.js","owner":"angular","name":"type: perf"}
{"_id":{"$oid":"52ab3c56bd3543030400065c"},"repo":"angular.js","owner":"angular","name":"component: di"}
{"_id":{"$oid":"52ab3c56bd3543030400065d"},"repo":"angular.js","owner":"angular","name":"needs: public api"}
{"_id":{"$oid":"52b2e76cbd354315dd0013c2"},"repo":"angular.js","owner":"angular","name":"2.0 suggestion"}
{"_id":{"$oid":"52b2e76cbd354315dd0013c3"},"repo":"angular.js","owner":"angular","name":"browser-specific: IE10"}
{"_id":{"$oid":"52b2e76cbd354315dd0013c4"},"repo":"angular.js","owner":"angular","name":"browser-specific:IE11"}
{"_id":{"$oid":"52b2e76cbd354315dd0013c5"},"repo":"angular.js","owner":"angular","name":"component: ngMock"}
{"_id":{"$oid":"52b2e76cbd354315dd0013c6"},"repo":"angular.js","owner":"angular","name":"resolution: duplicate"}
{"_id":{"$oid":"52b53aa4bd354315db022cf9"},"repo":"angular.js","owner":"angular","name":"browser-specific: IE11"}
{"_id":{"$oid":"52b53aa4bd354315db022cfa"},"repo":"angular.js","owner":"angular","name":"needs: merging"}
{"_id":{"$oid":"52b53aa4bd354315db022cfb"},"repo":"angular.js","owner":"angular","name":"component: $q"}
{"_id":{"$oid":"52b53aa4bd354315db022cfc"},"repo":"angular.js","owner":"angular","name":"component: scopes"}
{"_id":{"$oid":"52b53aa4bd354315db022cfd"},"repo":"angular.js","owner":"angular","name":"resolution: works as expected"}
{"_id":{"$oid":"52d0f5a5bd3543bc84020f10"},"repo":"angular.js","owner":"angular","name":"PRs plz!"}
{"_id":{"$oid":"52d0f5a6bd3543bc84020f11"},"repo":"angular.js","owner":"angular","name":"browser-specific: iOS"}
{"_id":{"$oid":"52d0f5a6bd3543bc84020f12"},"repo":"angular.js","owner":"angular","name":"type: test"}
{"_id":{"$oid":"52d16b90bd3543bcd1029d8d"},"repo":"angular.js","owner":"angular","name":"browser: IE8"}
{"_id":{"$oid":"52d16b90bd3543bcd1029d8e"},"repo":"angular.js","owner":"angular","name":"browser: IE9"}
{"_id":{"$oid":"52d16b90bd3543bcd1029d8f"},"repo":"angular.js","owner":"angular","name":"browser: IE10"}
{"_id":{"$oid":"52d16b90bd3543bcd1029d90"},"repo":"angular.js","owner":"angular","name":"browser: IE11"}
{"_id":{"$oid":"52d16b90bd3543bcd1029d91"},"repo":"angular.js","owner":"angular","name":"browser: iOS"}
{"_id":{"$oid":"52d16b90bd3543bcd1029d92"},"repo":"angular.js","owner":"angular","name":"browser: Firefox"}
{"_id":{"$oid":"52f5b48bbd35433fcf004688"},"repo":"angular.js","owner":"angular","name":"browser: old android"}
{"_id":{"$oid":"52f5b48bbd35433fcf004689"},"repo":"angular.js","owner":"angular","name":"needs: test"}
{"_id":{"$oid":"530fd706bd3543793300d89c"},"repo":"angular.js","owner":"angular","name":"frequency: moderate"}
{"_id":{"$oid":"530fd706bd3543793300d89d"},"repo":"angular.js","owner":"angular","name":"frequency: low"}
{"_id":{"$oid":"530fd706bd3543793300d89e"},"repo":"angular.js","owner":"angular","name":"frequency: high"}
{"_id":{"$oid":"530fd706bd3543793300d89f"},"repo":"angular.js","owner":"angular","name":"severity: regression"}
{"_id":{"$oid":"530fd706bd3543793300d8a0"},"repo":"angular.js","owner":"angular","name":"severity: security"}
{"_id":{"$oid":"530fd706bd3543793300d8a1"},"repo":"angular.js","owner":"angular","name":"severity: memory leak"}
{"_id":{"$oid":"530fd706bd3543793300d8a2"},"repo":"angular.js","owner":"angular","name":"severity: broken expected use"}
{"_id":{"$oid":"530fd706bd3543793300d8a3"},"repo":"angular.js","owner":"angular","name":"severity: confusing"}
{"_id":{"$oid":"530fd706bd3543793300d8a4"},"repo":"angular.js","owner":"angular","name":"severity: inconvenient"}
{"_id":{"$oid":"531d057abd35431d76002566"},"repo":"angular.js","owner":"angular","name":"browser: Phonegap"}
{"_id":{"$oid":"531d057abd35431dcf0024e7"},"repo":"angular.js","owner":"angular","name":"browser: Phonegap"}
{"_id":{"$oid":"5334b339bd35438739035095"},"repo":"angular.js","owner":"angular","name":"browser: chrome"}
{"_id":{"$oid":"5334b339bd35438739035096"},"repo":"angular.js","owner":"angular","name":"resolution: not core"}
{"_id":{"$oid":"534c18e0bd35432af00011f3"},"repo":"angular.js","owner":"angular","name":"browser: FirefoxOS"}
{"_id":{"$oid":"53bc0389bd3543783a0012ba"},"repo":"angular.js","owner":"angular","name":"component: ngMessages"}
{"_id":{"$oid":"53bc0389bd3543783a0012bb"},"repo":"angular.js","owner":"angular","name":"browser: Opera"}
{"_id":{"$oid":"53c473d3bd354355cf0230fa"},"repo":"angular.js","owner":"angular","name":"component: ngCsp"}
{"_id":{"$oid":"53c7ec9ebd354355cf03739b"},"repo":"angular.js","owner":"angular","name":"resolution: fixed"}
{"_id":{"$oid":"54208c82bd354368d400444c"},"repo":"angular.js","owner":"angular","name":"browser: IE mobile"}
{"_id":{"$oid":"54208c82bd354368d400444d"},"repo":"angular.js","owner":"angular","name":"Intent-To-Deprecate"}
{"_id":{"$oid":"5422eb9fbd354367de015944"},"repo":"angular.js","owner":"angular","name":"component: filters"}
{"_id":{"$oid":"542925e2bd3543690b03f959"},"repo":"angular.js","owner":"angular","name":"0 - Backlog"}
{"_id":{"$oid":"543758c5bd3543a0a4003544"},"repo":"angular.js","owner":"angular","name":"1 - Ready"}
{"_id":{"$oid":"543758c5bd3543a0a4003545"},"repo":"angular.js","owner":"angular","name":"2 - Working"}
{"_id":{"$oid":"543758c5bd3543a0a4003546"},"repo":"angular.js","owner":"angular","name":"3 - Done"}
{"_id":{"$oid":"543758c5bd3543a0a4003547"},"repo":"angular.js","owner":"angular","name":"component: ngAria"}
{"_id":{"$oid":"543758c5bd3543a0a4003548"},"repo":"angular.js","owner":"angular","name":"in progress"}
{"_id":{"$oid":"543758c5bd3543a0a4003549"},"repo":"angular.js","owner":"angular","name":"post-1.3.0"}
{"_id":{"$oid":"54628279bd3543174c006985"},"repo":"angular.js","owner":"angular","name":"Known Issue"}
{"_id":{"$oid":"54628279bd3543174c006986"},"repo":"angular.js","owner":"angular","name":"cla: maybe"}
{"_id":{"$oid":"54628279bd3543174c006987"},"repo":"angular.js","owner":"angular","name":"needs: feedback"}
{"_id":{"$oid":"546a4be9bd3543c0c400ea9e"},"repo":"angular.js","owner":"angular","name":"1.4-candidate"}
{"_id":{"$oid":"546a4be9bd3543c0c400ea9f"},"repo":"angular.js","owner":"angular","name":"type: infrastructure"}
{"_id":{"$oid":"549575dcbd35431c1900ab26"},"repo":"angular.js","owner":"angular","name":"branch: 1.2.x"}
{"_id":{"$oid":"549575dcbd35431c1900ab27"},"repo":"angular.js","owner":"angular","name":"branch: 1.3.x"}
{"_id":{"$oid":"5499c499bd3543237c00affe"},"repo":"angular.js","owner":"angular","name":"In Progress"}
{"_id":{"$oid":"5499c499bd3543237c00afff"},"repo":"angular.js","owner":"angular","name":"branch: 1.4.x"}
{"_id":{"$oid":"5499c499bd3543237c00b000"},"repo":"angular.js","owner":"angular","name":"Primary Focus"}
{"_id":{"$oid":"5499c499bd3543237c00b001"},"repo":"angular.js","owner":"angular","name":"1.5-candidate"}
{"_id":{"$oid":"55147390bd35435e26001ca6"},"repo":"angular.js","owner":"angular","name":"component: ngMessageFormat"}
{"_id":{"$oid":"55875d19bd354356f1003224"},"repo":"angular.js","owner":"angular","name":"Lots of comments"}
{"_id":{"$oid":"5589dc27bd3543f460002b40"},"repo":"angular.js","owner":"angular","name":"hotlist: ng2migration"}
