{"_id":{"$oid":"51f37c1fbd3543e6820006f3"},"repo":"bootstrap","owner":"twbs","name":"docs"}
{"_id":{"$oid":"51f37c20bd3543e6820006f4"},"repo":"bootstrap","owner":"twbs","name":"js"}
{"_id":{"$oid":"51f37c21bd3543e6820006f5"},"repo":"bootstrap","owner":"twbs","name":"feature"}
{"_id":{"$oid":"51f37c22bd3543e6820006f6"},"repo":"bootstrap","owner":"twbs","name":"css"}
{"_id":{"$oid":"51f37c22bd3543e6820006f7"},"repo":"bootstrap","owner":"twbs","name":"meta"}
{"_id":{"$oid":"51f37c23bd3543e6820006f8"},"repo":"bootstrap","owner":"twbs","name":"v3-confirmed"}
{"_id":{"$oid":"51f37c23bd3543e6820006f9"},"repo":"bootstrap","owner":"twbs","name":"v2-only"}
{"_id":{"$oid":"51f37c24bd3543e6820006fa"},"repo":"bootstrap","owner":"twbs","name":"v3-unconfirmed"}
{"_id":{"$oid":"51f4b13cbd354345fb0000f6"},"repo":"bootstrap","owner":"twbs","name":"confirmed"}
{"_id":{"$oid":"520c126dbd3543a22c00001f"},"repo":"bootstrap","owner":"twbs","name":"customizer"}
{"_id":{"$oid":"520e7fdbbd3543254400066d"},"repo":"bootstrap","owner":"twbs","name":"examples"}
{"_id":{"$oid":"52a99dcdbd3543a592000426"},"repo":"bootstrap","owner":"twbs","name":"grunt"}
{"_id":{"$oid":"5358d6b5bd354323cc000276"},"repo":"bootstrap","owner":"twbs","name":"help wanted"}
{"_id":{"$oid":"544feb31bd3543a164066157"},"repo":"bootstrap","owner":"twbs","name":"browser bug"}
{"_id":{"$oid":"5463f59bbd3543234200b41d"},"repo":"bootstrap","owner":"twbs","name":"accessibility"}
{"_id":{"$oid":"5542863ebd3543b1fc006549"},"repo":"bootstrap","owner":"twbs","name":"awaiting reply"}
