{"_id":{"$oid":"54a1a9afbd354324fb01a98c"},"repo":"Chart.js","owner":"chartjs","name":"bug"}
{"_id":{"$oid":"54a1a9afbd354324fb01a98d"},"repo":"Chart.js","owner":"chartjs","name":"duplicate"}
{"_id":{"$oid":"54a1a9afbd354324fb01a98e"},"repo":"Chart.js","owner":"chartjs","name":"enhancement"}
{"_id":{"$oid":"54a1a9afbd354324fb01a98f"},"repo":"Chart.js","owner":"chartjs","name":"help wanted"}
{"_id":{"$oid":"54a1a9afbd354324fb01a990"},"repo":"Chart.js","owner":"chartjs","name":"invalid"}
{"_id":{"$oid":"54a1a9afbd354324fb01a991"},"repo":"Chart.js","owner":"chartjs","name":"question"}
{"_id":{"$oid":"54a1a9afbd354324fb01a992"},"repo":"Chart.js","owner":"chartjs","name":"wontfix"}
