{"_id":{"$oid":"51b9bc09bd35437c340001ac"},"repo":"scikit-learn","owner":"scikit-learn","name":"Bug"}
{"_id":{"$oid":"51b9bc09bd35437c340001ad"},"repo":"scikit-learn","owner":"scikit-learn","name":"New Feature"}
{"_id":{"$oid":"51b9bc09bd35437c340001ae"},"repo":"scikit-learn","owner":"scikit-learn","name":"Easy"}
{"_id":{"$oid":"51b9bc09bd35437c340001af"},"repo":"scikit-learn","owner":"scikit-learn","name":"Documentation"}
{"_id":{"$oid":"51b9bc09bd35437c340001b0"},"repo":"scikit-learn","owner":"scikit-learn","name":"Enhancement"}
{"_id":{"$oid":"51b9bc09bd35437c340001b1"},"repo":"scikit-learn","owner":"scikit-learn","name":"Moderate"}
{"_id":{"$oid":"52304108bd3543b3e000a0e5"},"repo":"scikit-learn","owner":"scikit-learn","name":"Large Scale"}
{"_id":{"$oid":"52304108bd3543b3e000a0e6"},"repo":"scikit-learn","owner":"scikit-learn","name":"Build / CI"}
{"_id":{"$oid":"52fa179ebd3543c0dd005fc5"},"repo":"scikit-learn","owner":"scikit-learn","name":"API"}
{"_id":{"$oid":"54af37e7bd35433b4c019130"},"repo":"scikit-learn","owner":"scikit-learn","name":"Contrib Candidate"}
{"_id":{"$oid":"556c937abd3543c26100d702"},"repo":"scikit-learn","owner":"scikit-learn","name":"Question"}
{"_id":{"$oid":"556c937abd3543c26100d703"},"repo":"scikit-learn","owner":"scikit-learn","name":"Need Contributor"}
