{"_id":{"$oid":"50c4d6aaedecb51f390092c6"},"repo":"scikit-learn","owner":"scikit-learn","login":"GaelVaroquaux","id":208217}
{"_id":{"$oid":"50c4d6abedecb51f390092c7"},"repo":"scikit-learn","owner":"scikit-learn","login":"NelleV","id":184798}
{"_id":{"$oid":"50c4d6abedecb51f390092c8"},"repo":"scikit-learn","owner":"scikit-learn","login":"VirgileFritsch","id":263280}
{"_id":{"$oid":"50c4d6abedecb51f390092c9"},"repo":"scikit-learn","owner":"scikit-learn","login":"agramfort","id":161052}
{"_id":{"$oid":"50c4d6abedecb51f390092ca"},"repo":"scikit-learn","owner":"scikit-learn","login":"alextp","id":5061}
{"_id":{"$oid":"50c4d6abedecb51f390092cb"},"repo":"scikit-learn","owner":"scikit-learn","login":"amueller","id":449558}
{"_id":{"$oid":"50c4d6abedecb51f390092cc"},"repo":"scikit-learn","owner":"scikit-learn","login":"bdholt1","id":937444}
{"_id":{"$oid":"50c4d6abedecb51f390092cd"},"repo":"scikit-learn","owner":"scikit-learn","login":"duchesnay","id":344402}
{"_id":{"$oid":"50c4d6abedecb51f390092ce"},"repo":"scikit-learn","owner":"scikit-learn","login":"fabianp","id":277639}
{"_id":{"$oid":"50c4d6abedecb51f390092cf"},"repo":"scikit-learn","owner":"scikit-learn","login":"glouppe","id":477771}
{"_id":{"$oid":"50c4d6abedecb51f390092d0"},"repo":"scikit-learn","owner":"scikit-learn","login":"jakevdp","id":781659}
{"_id":{"$oid":"50c4d6abedecb51f390092d1"},"repo":"scikit-learn","owner":"scikit-learn","login":"jaquesgrobler","id":1378870}
{"_id":{"$oid":"52fa171ebd3543c0dd0059ce"},"repo":"scikit-learn","owner":"scikit-learn","login":"jnothman","id":78827}
{"_id":{"$oid":"50c4d6abedecb51f390092d2"},"repo":"scikit-learn","owner":"scikit-learn","login":"mblondel","id":233706}
{"_id":{"$oid":"50c4d6acedecb51f390092d3"},"repo":"scikit-learn","owner":"scikit-learn","login":"ogrisel","id":89061}
{"_id":{"$oid":"50c4d6acedecb51f390092d4"},"repo":"scikit-learn","owner":"scikit-learn","login":"paolo-losi","id":264906}
{"_id":{"$oid":"50c4d6acedecb51f390092d5"},"repo":"scikit-learn","owner":"scikit-learn","login":"pprett","id":111730}
{"_id":{"$oid":"50c4d6acedecb51f390092d6"},"repo":"scikit-learn","owner":"scikit-learn","login":"ronw","id":113819}
{"_id":{"$oid":"50c4d6acedecb51f390092d7"},"repo":"scikit-learn","owner":"scikit-learn","login":"satra","id":184063}
{"_id":{"$oid":"50c4d6acedecb51f390092d8"},"repo":"scikit-learn","owner":"scikit-learn","login":"vene","id":241745}
{"_id":{"$oid":"50c4d6acedecb51f390092d9"},"repo":"scikit-learn","owner":"scikit-learn","login":"vmichel","id":295195}
{"_id":{"$oid":"50c4d6acedecb51f390092da"},"repo":"scikit-learn","owner":"scikit-learn","login":"yarikoptic","id":39889}
