{"_id":{"$oid":"52f5aa6cbd35433f990028c6"},"repo":"ansible","owner":"ansible","login":"ansibot","id":6585283}
{"_id":{"$oid":"53bbf9bfbd354379d600067a"},"repo":"ansible","owner":"ansible","login":"cchurch","id":429563}
{"_id":{"$oid":"5019c0beedecb512ac005e80"},"repo":"ansible","owner":"ansible","login":"cocoy","id":32607}
{"_id":{"$oid":"5019c0beedecb512ac005e81"},"repo":"ansible","owner":"ansible","login":"davehatton","id":49393}
{"_id":{"$oid":"5019c0beedecb512ac005e82"},"repo":"ansible","owner":"ansible","login":"goozbach","id":71405}
{"_id":{"$oid":"52f5aa6cbd35433f990028c7"},"repo":"ansible","owner":"ansible","login":"jctanner","id":1869705}
{"_id":{"$oid":"5019c0beedecb512ac005e83"},"repo":"ansible","owner":"ansible","login":"jhoekx","id":783473}
{"_id":{"$oid":"52f5aa6cbd35433f990028c8"},"repo":"ansible","owner":"ansible","login":"jimi-c","id":26403}
{"_id":{"$oid":"534c1c75bd35432b40000aae"},"repo":"ansible","owner":"ansible","login":"jlaska","id":1051173}
{"_id":{"$oid":"5019c0beedecb512ac005e84"},"repo":"ansible","owner":"ansible","login":"jpmens","id":60706}
{"_id":{"$oid":"5019c0beedecb512ac005e85"},"repo":"ansible","owner":"ansible","login":"lorin","id":446305}
{"_id":{"$oid":"53bbf9bfbd354379d600067b"},"repo":"ansible","owner":"ansible","login":"matburt","id":89544}
{"_id":{"$oid":"5019c0beedecb512ac005e86"},"repo":"ansible","owner":"ansible","login":"mgwilliams","id":478275}
{"_id":{"$oid":"52f5aa6cbd35433f990028c9"},"repo":"ansible","owner":"ansible","login":"mpdehaan","id":17700}
{"_id":{"$oid":"5019c0beedecb512ac005e87"},"repo":"ansible","owner":"ansible","login":"pas256","id":92010}
{"_id":{"$oid":"52f5aa6cbd35433f990028ca"},"repo":"ansible","owner":"ansible","login":"risaacson","id":1542625}
{"_id":{"$oid":"5019c0beedecb512ac005e88"},"repo":"ansible","owner":"ansible","login":"sfromm","id":1562458}
{"_id":{"$oid":"5019c0beedecb512ac005e89"},"repo":"ansible","owner":"ansible","login":"skvidal","id":1471271}
{"_id":{"$oid":"5019c0beedecb512ac005e8a"},"repo":"ansible","owner":"ansible","login":"tbielawa","id":33121}
{"_id":{"$oid":"52f5aa6cbd35433f990028cb"},"repo":"ansible","owner":"ansible","login":"tgerla","id":423815}
