{"_id":{"$oid":"51b9b945bd35437460000139"},"repo":"ansible","owner":"ansible","name":"bug"}
{"_id":{"$oid":"51b9b945bd3543746000013a"},"repo":"ansible","owner":"ansible","name":"feature"}
{"_id":{"$oid":"51b9b945bd3543746000013b"},"repo":"ansible","owner":"ansible","name":"cleanup"}
{"_id":{"$oid":"51b9b945bd3543746000013c"},"repo":"ansible","owner":"ansible","name":"usability"}
{"_id":{"$oid":"51b9b945bd3543746000013d"},"repo":"ansible","owner":"ansible","name":"docs"}
{"_id":{"$oid":"51b9b945bd3543746000013e"},"repo":"ansible","owner":"ansible","name":"needs_info"}
{"_id":{"$oid":"51ebab6cbd3543185300019f"},"repo":"ansible","owner":"ansible","name":"bug_report"}
{"_id":{"$oid":"51ebab70bd354318530001a0"},"repo":"ansible","owner":"ansible","name":"bugfix_pull_request"}
{"_id":{"$oid":"51ebab72bd354318530001a1"},"repo":"ansible","owner":"ansible","name":"feature_request"}
{"_id":{"$oid":"51ebab73bd354318530001a2"},"repo":"ansible","owner":"ansible","name":"feature_pull_request"}
{"_id":{"$oid":"51ebab75bd354318530001a3"},"repo":"ansible","owner":"ansible","name":"docs_report"}
{"_id":{"$oid":"51ebab76bd354318530001a4"},"repo":"ansible","owner":"ansible","name":"docs_pull_request"}
{"_id":{"$oid":"51ebab76bd354318530001a5"},"repo":"ansible","owner":"ansible","name":"priority"}
{"_id":{"$oid":"522b7742bd3543b599002250"},"repo":"ansible","owner":"ansible","name":"pending_closure"}
{"_id":{"$oid":"5246430bbd3543fd1d003736"},"repo":"ansible","owner":"ansible","name":"fast_track"}
{"_id":{"$oid":"5258a168bd3543374a000041"},"repo":"ansible","owner":"ansible","name":"feature_idea"}
{"_id":{"$oid":"5258a168bd3543374a000042"},"repo":"ansible","owner":"ansible","name":"feature_idea_preapproved"}
{"_id":{"$oid":"52616de2bd35439e0d000388"},"repo":"ansible","owner":"ansible","name":"needs_revision"}
{"_id":{"$oid":"52616de2bd35439e0d000389"},"repo":"ansible","owner":"ansible","name":"take_me"}
{"_id":{"$oid":"52616de2bd35439e0d00038a"},"repo":"ansible","owner":"ansible","name":"cloud"}
{"_id":{"$oid":"52616de2bd35439e0d00038b"},"repo":"ansible","owner":"ansible","name":"syntax_reporter_project"}
{"_id":{"$oid":"52616de2bd35439e0d00038c"},"repo":"ansible","owner":"ansible","name":"template_engine"}
{"_id":{"$oid":"52f5ac01bd35433f99003738"},"repo":"ansible","owner":"ansible","name":"pending_validation"}
{"_id":{"$oid":"5329de32bd3543872200cec3"},"repo":"ansible","owner":"ansible","name":"P1"}
{"_id":{"$oid":"5329de32bd3543872200cec4"},"repo":"ansible","owner":"ansible","name":"P2"}
{"_id":{"$oid":"5329de32bd3543872200cec5"},"repo":"ansible","owner":"ansible","name":"P3"}
{"_id":{"$oid":"5329de32bd3543872200cec6"},"repo":"ansible","owner":"ansible","name":"P4"}
{"_id":{"$oid":"5329de32bd3543872200cec7"},"repo":"ansible","owner":"ansible","name":"P5"}
{"_id":{"$oid":"5337a21abd354385fa03de6b"},"repo":"ansible","owner":"ansible","name":"module"}
{"_id":{"$oid":"53bbfa4abd354379d6000686"},"repo":"ansible","owner":"ansible","name":"windows"}
{"_id":{"$oid":"554c1ca8bd3543625f009f86"},"repo":"ansible","owner":"ansible","name":"new_module"}
{"_id":{"$oid":"554c1ca8bd3543625f009f87"},"repo":"ansible","owner":"ansible","name":"easyfix"}
{"_id":{"$oid":"554c1ca8bd3543625f009f88"},"repo":"ansible","owner":"ansible","name":"v2"}
