{"_id":{"$oid":"51bb4d43bd3543e200000025"},"repo":"Leaflet","owner":"Leaflet","name":"major bug"}
{"_id":{"$oid":"51bb4d43bd3543e200000026"},"repo":"Leaflet","owner":"Leaflet","name":"minor feature"}
{"_id":{"$oid":"51bb4d43bd3543e200000027"},"repo":"Leaflet","owner":"Leaflet","name":"major feature"}
{"_id":{"$oid":"51bb4d43bd3543e200000028"},"repo":"Leaflet","owner":"Leaflet","name":"minor bug"}
{"_id":{"$oid":"51bb4d43bd3543e200000029"},"repo":"Leaflet","owner":"Leaflet","name":"optimization"}
{"_id":{"$oid":"51bb4d43bd3543e20000002a"},"repo":"Leaflet","owner":"Leaflet","name":"docs"}
{"_id":{"$oid":"51bb4d43bd3543e20000002b"},"repo":"Leaflet","owner":"Leaflet","name":"mobile"}
{"_id":{"$oid":"51bb4d43bd3543e20000002c"},"repo":"Leaflet","owner":"Leaflet","name":"refactoring"}
{"_id":{"$oid":"51bb4d44bd3543e20000002d"},"repo":"Leaflet","owner":"Leaflet","name":"unconfirmed"}
{"_id":{"$oid":"51bb4d44bd3543e20000002e"},"repo":"Leaflet","owner":"Leaflet","name":"plugin candidate"}
{"_id":{"$oid":"51bb4d44bd3543e20000002f"},"repo":"Leaflet","owner":"Leaflet","name":"android"}
{"_id":{"$oid":"51bb4d44bd3543e200000030"},"repo":"Leaflet","owner":"Leaflet","name":"geojson"}
{"_id":{"$oid":"51bb4d44bd3543e200000031"},"repo":"Leaflet","owner":"Leaflet","name":"wms"}
{"_id":{"$oid":"51bb4d44bd3543e200000032"},"repo":"Leaflet","owner":"Leaflet","name":"projections"}
{"_id":{"$oid":"51bb4d44bd3543e200000033"},"repo":"Leaflet","owner":"Leaflet","name":"todo-now"}
{"_id":{"$oid":"51bb4d45bd3543e200000034"},"repo":"Leaflet","owner":"Leaflet","name":"0 - Backlog"}
{"_id":{"$oid":"51bb4d45bd3543e200000035"},"repo":"Leaflet","owner":"Leaflet","name":"1 - Ready"}
{"_id":{"$oid":"51bb4d45bd3543e200000036"},"repo":"Leaflet","owner":"Leaflet","name":"2 - Working"}
{"_id":{"$oid":"51bb4d45bd3543e200000037"},"repo":"Leaflet","owner":"Leaflet","name":"3 - Done"}
{"_id":{"$oid":"5283c328bd35436c82000107"},"repo":"Leaflet","owner":"Leaflet","name":"maxbounds"}
{"_id":{"$oid":"5386d374bd35431c630000df"},"repo":"Leaflet","owner":"Leaflet","name":"api"}
{"_id":{"$oid":"545b6233bd3543e57401e3e1"},"repo":"Leaflet","owner":"Leaflet","name":"performance"}
{"_id":{"$oid":"546a2b36bd3543c12400e934"},"repo":"Leaflet","owner":"Leaflet","name":"ux"}
{"_id":{"$oid":"5476136fbd3543c1fc02ef73"},"repo":"Leaflet","owner":"Leaflet","name":"ready"}
{"_id":{"$oid":"548803c2bd3543905a00371c"},"repo":"Leaflet","owner":"Leaflet","name":"needs review"}
{"_id":{"$oid":"548803c2bd3543905a00371d"},"repo":"Leaflet","owner":"Leaflet","name":"in progress"}
{"_id":{"$oid":"548803c2bd3543905a00371e"},"repo":"Leaflet","owner":"Leaflet","name":"backlog"}
{"_id":{"$oid":"548a722cbd3543090e00272c"},"repo":"Leaflet","owner":"Leaflet","name":"later"}
{"_id":{"$oid":"553e5cd1bd3543257100dbce"},"repo":"Leaflet","owner":"Leaflet","name":"feature"}
{"_id":{"$oid":"553e5cd1bd3543257100dbcf"},"repo":"Leaflet","owner":"Leaflet","name":"bug"}
{"_id":{"$oid":"5540b7f9bd3543b5ff000e09"},"repo":"Leaflet","owner":"Leaflet","name":"accepted"}
{"_id":{"$oid":"554f95c2bd3543dfd100163c"},"repo":"Leaflet","owner":"Leaflet","name":"blocker"}
{"_id":{"$oid":"554f95c2bd3543dfd100163d"},"repo":"Leaflet","owner":"Leaflet","name":"needs-more-info"}
{"_id":{"$oid":"554f95c3bd3543dfd100163e"},"repo":"Leaflet","owner":"Leaflet","name":"needs-discussion"}
{"_id":{"$oid":"55527d99bd3543e0ac002c16"},"repo":"Leaflet","owner":"Leaflet","name":"needs more info"}
{"_id":{"$oid":"55527d99bd3543e0ac002c17"},"repo":"Leaflet","owner":"Leaflet","name":"needs discussion"}
{"_id":{"$oid":"55546d84bd3543fc120073cb"},"repo":"Leaflet","owner":"Leaflet","name":"help wanted"}
{"_id":{"$oid":"5559da71bd3543fc1201665c"},"repo":"Leaflet","owner":"Leaflet","name":"needs solution"}
{"_id":{"$oid":"5559da71bd3543fc1201665d"},"repo":"Leaflet","owner":"Leaflet","name":"easy fix"}
{"_id":{"$oid":"557832fcbd3543262b006f1c"},"repo":"Leaflet","owner":"Leaflet","name":"needs investigation"}
