{"_id":{"$oid":"51b9cf77bd354381720006fb"},"repo":"html5-boilerplate","owner":"h5bp","name":"javascript"}
{"_id":{"$oid":"51b9cf77bd354381720006fc"},"repo":"html5-boilerplate","owner":"h5bp","name":"server config"}
{"_id":{"$oid":"51b9cf77bd354381720006fd"},"repo":"html5-boilerplate","owner":"h5bp","name":"css"}
{"_id":{"$oid":"51b9cf77bd354381720006fe"},"repo":"html5-boilerplate","owner":"h5bp","name":"html"}
{"_id":{"$oid":"51b9cf77bd354381720006ff"},"repo":"html5-boilerplate","owner":"h5bp","name":"documentation"}
{"_id":{"$oid":"51b9cf77bd35438172000700"},"repo":"html5-boilerplate","owner":"h5bp","name":"bug"}
{"_id":{"$oid":"51b9cf77bd35438172000701"},"repo":"html5-boilerplate","owner":"h5bp","name":"new feature"}
{"_id":{"$oid":"51b9cf77bd35438172000702"},"repo":"html5-boilerplate","owner":"h5bp","name":"awaiting feedback"}
{"_id":{"$oid":"51b9cf77bd35438172000703"},"repo":"html5-boilerplate","owner":"h5bp","name":"fix"}
{"_id":{"$oid":"51b9cf77bd35438172000704"},"repo":"html5-boilerplate","owner":"h5bp","name":"wont fix"}
{"_id":{"$oid":"5527b5b0bd35436a6c0263ae"},"repo":"html5-boilerplate","owner":"h5bp","name":"icons"}
{"_id":{"$oid":"5527b5b0bd35436a6c0263af"},"repo":"html5-boilerplate","owner":"h5bp","name":"help wanted"}
