{"_id":{"$oid":"50c92b00edecb536ab0054b7"},"repo":"html5-boilerplate","owner":"h5bp","login":"alrra","id":1223565}
{"_id":{"$oid":"50c92b00edecb536ab0054b8"},"repo":"html5-boilerplate","owner":"h5bp","login":"drublic","id":502487}
{"_id":{"$oid":"50c92b00edecb536ab0054b9"},"repo":"html5-boilerplate","owner":"h5bp","login":"jonathantneal","id":188426}
{"_id":{"$oid":"50c92b00edecb536ab0054ba"},"repo":"html5-boilerplate","owner":"h5bp","login":"mathiasbynens","id":81942}
{"_id":{"$oid":"50c92b00edecb536ab0054bb"},"repo":"html5-boilerplate","owner":"h5bp","login":"necolas","id":239676}
{"_id":{"$oid":"50c92b00edecb536ab0054bc"},"repo":"html5-boilerplate","owner":"h5bp","login":"nimbupani","id":74513}
{"_id":{"$oid":"50c92b00edecb536ab0054bd"},"repo":"html5-boilerplate","owner":"h5bp","login":"paulirish","id":39191}
{"_id":{"$oid":"50c92b00edecb536ab0054be"},"repo":"html5-boilerplate","owner":"h5bp","login":"shichuan","id":153513}
