{"_id":{"$oid":"51197d59bd3543d726000222"},"commit_id":"4a391dbb0f81d3fe1f478f00607ddaa786816a94","created_at":"2011-02-22T18:20:41Z","updated_at":"2011-02-22T18:20:41Z","repo":"html5-boilerplate","user":{"login":"mathiasbynens","id":81942},"owner":"h5bp","id":3326}
{"_id":{"$oid":"511994c3bd3543d72600027e"},"commit_id":"7e5efcc23ca443a68636c6f70629403982ea73d7","created_at":"2011-05-12T15:27:45Z","updated_at":"2011-05-12T15:27:45Z","repo":"html5-boilerplate","user":{"login":"shichuan","id":153513},"owner":"h5bp","id":29334}
{"_id":{"$oid":"511994c3bd3543d72600027f"},"commit_id":"7e5efcc23ca443a68636c6f70629403982ea73d7","created_at":"2011-05-12T16:17:45Z","updated_at":"2011-05-12T16:17:45Z","repo":"html5-boilerplate","user":{"login":"shichuan","id":153513},"owner":"h5bp","id":29346}
{"_id":{"$oid":"51bd728bbd35437a9a003c79"},"commit_id":"c7f763c966719a66f3d4f7f4345fa508e64a5148","created_at":"2011-05-28T21:41:30Z","updated_at":"2011-05-28T21:41:30Z","repo":"html5-boilerplate","user":{"login":"paulirish","id":39191},"owner":"h5bp","id":36934}
{"_id":{"$oid":"51bd728bbd35437a9a003c7a"},"commit_id":"c7f763c966719a66f3d4f7f4345fa508e64a5148","created_at":"2011-05-28T21:42:10Z","updated_at":"2011-05-28T21:42:20Z","repo":"html5-boilerplate","user":{"login":"paulirish","id":39191},"owner":"h5bp","id":36935}
{"_id":{"$oid":"51bd728bbd35437a9a003c7b"},"commit_id":"c7f763c966719a66f3d4f7f4345fa508e64a5148","created_at":"2011-05-28T21:43:24Z","updated_at":"2011-06-29T03:34:42Z","repo":"html5-boilerplate","user":{"login":"paulirish","id":39191},"owner":"h5bp","id":36936}
{"_id":{"$oid":"51d67105bd35439032000001"},"commit_id":"8ebcd4f1a476765c9245ea3efa3d1a10ff9c67b9","created_at":"2011-08-13T19:20:14Z","updated_at":"2011-08-13T19:20:14Z","repo":"html5-boilerplate","user":{"login":"paulirish","id":39191},"owner":"h5bp","id":91258}
{"_id":{"$oid":"51d67106bd35439032000002"},"commit_id":"8ebcd4f1a476765c9245ea3efa3d1a10ff9c67b9","created_at":"2011-08-13T19:20:24Z","updated_at":"2011-08-13T19:20:24Z","repo":"html5-boilerplate","user":{"login":"paulirish","id":39191},"owner":"h5bp","id":91259}
{"_id":{"$oid":"51197ccbbd3543d7260001ef"},"commit_id":"50daa07400633d1c86392a1b392dc0ba1fc13525","created_at":"2011-08-14T17:50:50Z","updated_at":"2011-08-14T18:18:36Z","repo":"html5-boilerplate","user":{"login":"paulirish","id":39191},"owner":"h5bp","id":91578}
{"_id":{"$oid":"51197ccbbd3543d7260001f0"},"commit_id":"50daa07400633d1c86392a1b392dc0ba1fc13525","created_at":"2011-08-14T17:59:03Z","updated_at":"2011-08-14T18:18:36Z","repo":"html5-boilerplate","user":{"login":"anthracite","id":653763},"owner":"h5bp","id":91579}
{"_id":{"$oid":"51197ccbbd3543d7260001f1"},"commit_id":"50daa07400633d1c86392a1b392dc0ba1fc13525","created_at":"2011-08-14T18:13:11Z","updated_at":"2011-08-14T18:18:36Z","repo":"html5-boilerplate","user":{"login":"paulirish","id":39191},"owner":"h5bp","id":91580}
{"_id":{"$oid":"51197ccbbd3543d7260001f2"},"commit_id":"50daa07400633d1c86392a1b392dc0ba1fc13525","created_at":"2011-08-14T18:19:17Z","updated_at":"2011-08-14T18:19:17Z","repo":"html5-boilerplate","user":{"login":"anthracite","id":653763},"owner":"h5bp","id":91583}
{"_id":{"$oid":"51dc6d68bd354307f0000001"},"commit_id":"49cd63f2c9eed6ad9c4d021725b5fe52117a6da7","created_at":"2012-04-19T08:45:55Z","updated_at":"2012-04-19T08:45:55Z","repo":"html5-boilerplate","user":{"login":"Muralidharan","id":112445},"owner":"h5bp","id":705845}
{"_id":{"$oid":"51d4f9fdbd35431f89000001"},"commit_id":"09dc03ae177d5542e486853a7381905d594ee21f","created_at":"2012-04-25T05:54:29Z","updated_at":"2012-04-25T13:03:40Z","repo":"html5-boilerplate","user":{"login":"mathiasbynens","id":81942},"owner":"h5bp","id":730725}
{"_id":{"$oid":"51bd718cbd35437a9a003c70"},"commit_id":"8e13b47a181931ecaec71c617ee77c1a89cf38e2","created_at":"2012-07-07T22:54:59Z","updated_at":"2012-07-08T06:51:32Z","repo":"html5-boilerplate","user":{"login":"sindresorhus","id":170270},"owner":"h5bp","id":1118715}
{"_id":{"$oid":"51bd718cbd35437a9a003c71"},"commit_id":"8e13b47a181931ecaec71c617ee77c1a89cf38e2","created_at":"2012-07-08T06:52:38Z","updated_at":"2012-07-08T06:52:54Z","repo":"html5-boilerplate","user":{"login":"mathiasbynens","id":81942},"owner":"h5bp","id":1118972}
{"_id":{"$oid":"51dbdaf7bd354317f9000001"},"commit_id":"174f5145a7dd1b9d6bf7578040271d3559a984a6","created_at":"2012-06-15T03:45:41Z","updated_at":"2012-08-29T01:55:29Z","repo":"html5-boilerplate","user":{"login":"paulirish","id":39191},"owner":"h5bp","id":990809}
{"_id":{"$oid":"51d4b0fabd3543f940000001"},"commit_id":"702a6bac668341ae20f05f3515fb80559c8732a2","created_at":"2012-07-07T21:20:58Z","updated_at":"2012-07-08T19:04:08Z","repo":"html5-boilerplate","user":{"login":"sindresorhus","id":170270},"owner":"h5bp","id":1118661}
{"_id":{"$oid":"51d4b0fabd3543f940000002"},"commit_id":"702a6bac668341ae20f05f3515fb80559c8732a2","created_at":"2012-07-07T23:52:31Z","updated_at":"2012-07-08T19:04:08Z","repo":"html5-boilerplate","user":{"login":"necolas","id":239676},"owner":"h5bp","id":1118753}
{"_id":{"$oid":"51d4b0fabd3543f940000003"},"commit_id":"702a6bac668341ae20f05f3515fb80559c8732a2","created_at":"2012-07-08T11:01:17Z","updated_at":"2012-07-08T19:04:08Z","repo":"html5-boilerplate","user":{"login":"drublic","id":502487},"owner":"h5bp","id":1119177}
{"_id":{"$oid":"51d999efbd35430347000001"},"commit_id":"e63107ec8e1205d1e6cff177ff2fe190d002b1c2","created_at":"2012-07-31T22:37:25Z","updated_at":"2012-08-02T12:57:44Z","repo":"html5-boilerplate","user":{"login":"mathiasbynens","id":81942},"owner":"h5bp","id":1278484}
{"_id":{"$oid":"51d999efbd35430347000002"},"commit_id":"e63107ec8e1205d1e6cff177ff2fe190d002b1c2","created_at":"2012-07-31T22:37:40Z","updated_at":"2012-08-02T12:57:44Z","repo":"html5-boilerplate","user":{"login":"mathiasbynens","id":81942},"owner":"h5bp","id":1278487}
{"_id":{"$oid":"51d999efbd35430347000003"},"commit_id":"e63107ec8e1205d1e6cff177ff2fe190d002b1c2","created_at":"2012-07-31T22:37:54Z","updated_at":"2012-08-02T12:57:44Z","repo":"html5-boilerplate","user":{"login":"mathiasbynens","id":81942},"owner":"h5bp","id":1278492}
{"_id":{"$oid":"51d999efbd35430347000004"},"commit_id":"e63107ec8e1205d1e6cff177ff2fe190d002b1c2","created_at":"2012-08-01T16:37:33Z","updated_at":"2012-08-02T12:57:44Z","repo":"html5-boilerplate","user":{"login":"sindresorhus","id":170270},"owner":"h5bp","id":1284351}
{"_id":{"$oid":"51d999efbd35430347000005"},"commit_id":"e63107ec8e1205d1e6cff177ff2fe190d002b1c2","created_at":"2012-08-01T16:38:54Z","updated_at":"2012-08-02T12:57:44Z","repo":"html5-boilerplate","user":{"login":"sindresorhus","id":170270},"owner":"h5bp","id":1284368}
{"_id":{"$oid":"51d999efbd35430347000006"},"commit_id":"e63107ec8e1205d1e6cff177ff2fe190d002b1c2","created_at":"2012-08-01T16:40:40Z","updated_at":"2012-08-02T12:57:44Z","repo":"html5-boilerplate","user":{"login":"sindresorhus","id":170270},"owner":"h5bp","id":1284383}
{"_id":{"$oid":"51d999efbd35430347000007"},"commit_id":"e63107ec8e1205d1e6cff177ff2fe190d002b1c2","created_at":"2012-08-01T16:40:51Z","updated_at":"2012-08-02T12:57:44Z","repo":"html5-boilerplate","user":{"login":"sindresorhus","id":170270},"owner":"h5bp","id":1284384}
{"_id":{"$oid":"51d999efbd35430347000008"},"commit_id":"e63107ec8e1205d1e6cff177ff2fe190d002b1c2","created_at":"2012-08-01T16:42:52Z","updated_at":"2012-08-02T12:57:44Z","repo":"html5-boilerplate","user":{"login":"sindresorhus","id":170270},"owner":"h5bp","id":1284404}
{"_id":{"$oid":"51d999efbd35430347000009"},"commit_id":"e63107ec8e1205d1e6cff177ff2fe190d002b1c2","created_at":"2012-08-01T16:43:41Z","updated_at":"2012-08-02T12:57:44Z","repo":"html5-boilerplate","user":{"login":"sindresorhus","id":170270},"owner":"h5bp","id":1284411}
{"_id":{"$oid":"51d999efbd3543034700000a"},"commit_id":"e63107ec8e1205d1e6cff177ff2fe190d002b1c2","created_at":"2012-08-01T16:44:27Z","updated_at":"2012-08-02T12:57:44Z","repo":"html5-boilerplate","user":{"login":"sindresorhus","id":170270},"owner":"h5bp","id":1284415}
{"_id":{"$oid":"51d999efbd3543034700000b"},"commit_id":"e63107ec8e1205d1e6cff177ff2fe190d002b1c2","created_at":"2012-08-01T16:52:22Z","updated_at":"2012-08-02T12:57:44Z","repo":"html5-boilerplate","user":{"login":"sindresorhus","id":170270},"owner":"h5bp","id":1284506}
{"_id":{"$oid":"51d999efbd3543034700000c"},"commit_id":"e63107ec8e1205d1e6cff177ff2fe190d002b1c2","created_at":"2012-08-01T17:02:48Z","updated_at":"2012-08-02T12:57:44Z","repo":"html5-boilerplate","user":{"login":"sindresorhus","id":170270},"owner":"h5bp","id":1284623}
{"_id":{"$oid":"51d999efbd3543034700000d"},"commit_id":"e63107ec8e1205d1e6cff177ff2fe190d002b1c2","created_at":"2012-08-01T17:04:50Z","updated_at":"2012-08-02T12:57:44Z","repo":"html5-boilerplate","user":{"login":"sindresorhus","id":170270},"owner":"h5bp","id":1284636}
{"_id":{"$oid":"51d999efbd3543034700000e"},"commit_id":"e63107ec8e1205d1e6cff177ff2fe190d002b1c2","created_at":"2012-08-01T17:11:41Z","updated_at":"2012-08-02T12:57:44Z","repo":"html5-boilerplate","user":{"login":"sindresorhus","id":170270},"owner":"h5bp","id":1284707}
{"_id":{"$oid":"51d999efbd3543034700000f"},"commit_id":"e63107ec8e1205d1e6cff177ff2fe190d002b1c2","created_at":"2012-08-01T17:14:12Z","updated_at":"2012-08-02T12:57:44Z","repo":"html5-boilerplate","user":{"login":"sindresorhus","id":170270},"owner":"h5bp","id":1284731}
{"_id":{"$oid":"51d999efbd35430347000010"},"commit_id":"e63107ec8e1205d1e6cff177ff2fe190d002b1c2","created_at":"2012-08-01T17:16:41Z","updated_at":"2012-08-02T12:57:44Z","repo":"html5-boilerplate","user":{"login":"sindresorhus","id":170270},"owner":"h5bp","id":1284762}
{"_id":{"$oid":"51d999efbd35430347000011"},"commit_id":"e63107ec8e1205d1e6cff177ff2fe190d002b1c2","created_at":"2012-08-01T17:19:51Z","updated_at":"2012-08-02T12:57:44Z","repo":"html5-boilerplate","user":{"login":"sindresorhus","id":170270},"owner":"h5bp","id":1284792}
{"_id":{"$oid":"51d999efbd35430347000012"},"commit_id":"e63107ec8e1205d1e6cff177ff2fe190d002b1c2","created_at":"2012-08-01T17:21:41Z","updated_at":"2012-08-02T12:57:44Z","repo":"html5-boilerplate","user":{"login":"sindresorhus","id":170270},"owner":"h5bp","id":1284807}
{"_id":{"$oid":"51d999efbd35430347000013"},"commit_id":"e63107ec8e1205d1e6cff177ff2fe190d002b1c2","created_at":"2012-08-01T17:35:42Z","updated_at":"2012-08-02T12:57:44Z","repo":"html5-boilerplate","user":{"login":"sindresorhus","id":170270},"owner":"h5bp","id":1284988}
{"_id":{"$oid":"51d999efbd35430347000014"},"commit_id":"e63107ec8e1205d1e6cff177ff2fe190d002b1c2","created_at":"2012-08-02T10:37:39Z","updated_at":"2012-08-02T12:57:44Z","repo":"html5-boilerplate","user":{"login":"simonowendesign","id":1136114},"owner":"h5bp","id":1291849}
{"_id":{"$oid":"51db9246bd35432fb5000001"},"commit_id":"799f384df234ecc928f053299c644e1c3b7f650e","created_at":"2012-08-26T18:26:38Z","updated_at":"2012-08-26T18:26:38Z","repo":"html5-boilerplate","user":{"login":"mathiasbynens","id":81942},"owner":"h5bp","id":1461110}
{"_id":{"$oid":"51bd716cbd35437a9a003c20"},"commit_id":"5a1b9a0cb67bbb8da5f9d23969092833075a5ccb","created_at":"2012-10-29T10:30:35Z","updated_at":"2012-10-29T20:41:48Z","repo":"html5-boilerplate","user":{"login":"alrra","id":1223565},"owner":"h5bp","id":1964329}
{"_id":{"$oid":"51bd716cbd35437a9a003c21"},"commit_id":"5a1b9a0cb67bbb8da5f9d23969092833075a5ccb","created_at":"2012-10-29T10:31:47Z","updated_at":"2012-10-29T20:41:48Z","repo":"html5-boilerplate","user":{"login":"alrra","id":1223565},"owner":"h5bp","id":1964342}
{"_id":{"$oid":"51bd716cbd35437a9a003c22"},"commit_id":"5a1b9a0cb67bbb8da5f9d23969092833075a5ccb","created_at":"2012-10-29T10:33:27Z","updated_at":"2012-10-29T20:41:48Z","repo":"html5-boilerplate","user":{"login":"alrra","id":1223565},"owner":"h5bp","id":1964359}
{"_id":{"$oid":"51bd716cbd35437a9a003c23"},"commit_id":"5a1b9a0cb67bbb8da5f9d23969092833075a5ccb","created_at":"2012-10-29T10:37:39Z","updated_at":"2012-10-29T20:41:48Z","repo":"html5-boilerplate","user":{"login":"alrra","id":1223565},"owner":"h5bp","id":1964395}
{"_id":{"$oid":"51bd716cbd35437a9a003c24"},"commit_id":"5a1b9a0cb67bbb8da5f9d23969092833075a5ccb","created_at":"2012-10-29T19:22:20Z","updated_at":"2012-10-29T20:41:49Z","repo":"html5-boilerplate","user":{"login":"ChristianBundy","id":537700},"owner":"h5bp","id":1970620}
{"_id":{"$oid":"51bd716cbd35437a9a003c25"},"commit_id":"5a1b9a0cb67bbb8da5f9d23969092833075a5ccb","created_at":"2012-10-29T19:25:52Z","updated_at":"2012-10-29T20:41:49Z","repo":"html5-boilerplate","user":{"login":"ChristianBundy","id":537700},"owner":"h5bp","id":1970660}
{"_id":{"$oid":"51bd716cbd35437a9a003c26"},"commit_id":"5a1b9a0cb67bbb8da5f9d23969092833075a5ccb","created_at":"2012-10-29T19:26:56Z","updated_at":"2012-10-29T20:41:49Z","repo":"html5-boilerplate","user":{"login":"ChristianBundy","id":537700},"owner":"h5bp","id":1970672}
{"_id":{"$oid":"51d6ec86bd35434674000001"},"commit_id":"638371d4073aa78cf442eb8cd63f390e3983c32c","created_at":"2013-02-06T19:43:10Z","updated_at":"2013-02-07T10:05:08Z","repo":"html5-boilerplate","user":{"login":"necolas","id":239676},"owner":"h5bp","id":2915887}
{"_id":{"$oid":"51da5718bd3543f277000001"},"commit_id":"2b32a78d3391a8197bd7e159c9efa93c19e2c311","created_at":"2013-05-29T10:14:26Z","updated_at":"2013-05-29T10:14:26Z","repo":"html5-boilerplate","user":{"login":"mathiasbynens","id":81942},"owner":"h5bp","id":4431431}
{"_id":{"$oid":"51da5718bd3543f277000002"},"commit_id":"2b32a78d3391a8197bd7e159c9efa93c19e2c311","created_at":"2013-05-29T10:23:00Z","updated_at":"2013-05-29T10:23:00Z","repo":"html5-boilerplate","user":{"login":"oncletom","id":138627},"owner":"h5bp","id":4431520}
{"_id":{"$oid":"51db1d56bd35432fe5000001"},"commit_id":"323220c1291365dcab7d6a70ce5244a1abaaa708","created_at":"2013-06-01T06:11:09Z","updated_at":"2013-06-01T06:11:09Z","repo":"html5-boilerplate","user":{"login":"mathiasbynens","id":81942},"owner":"h5bp","id":4488523}
{"_id":{"$oid":"51db1d56bd35432fe5000002"},"commit_id":"323220c1291365dcab7d6a70ce5244a1abaaa708","created_at":"2013-06-01T06:22:09Z","updated_at":"2013-06-01T06:22:09Z","repo":"html5-boilerplate","user":{"login":"necolas","id":239676},"owner":"h5bp","id":4488543}
{"_id":{"$oid":"51d82ba8bd3543ba21000001"},"commit_id":"ce9e66146eeaa9049dba1364fc7d3eb92b429295","created_at":"2013-06-30T15:59:34Z","updated_at":"2013-06-30T15:59:34Z","repo":"html5-boilerplate","user":{"login":"mathiasbynens","id":81942},"owner":"h5bp","id":4954301}
{"_id":{"$oid":"51d82ba8bd3543ba21000002"},"commit_id":"ce9e66146eeaa9049dba1364fc7d3eb92b429295","created_at":"2013-06-30T20:10:15Z","updated_at":"2013-06-30T20:10:15Z","repo":"html5-boilerplate","user":{"login":"Snugug","id":377188},"owner":"h5bp","id":4954766}
{"_id":{"$oid":"51ebfed3bd3543168900349b"},"commit_id":"20cb6f340d8fe72bc452fe0a8c8eb8568b7507b0","created_at":"2013-07-19T14:14:23Z","updated_at":"2013-07-19T14:14:23Z","repo":"html5-boilerplate","user":{"login":"alrra","id":1223565},"owner":"h5bp","id":5292920}
{"_id":{"$oid":"520caaecbd3543d6ca000128"},"commit_id":"8b079d9bd7927c8675eb55c9bffa470f135ee74c","created_at":"2013-08-15T10:18:16Z","updated_at":"2013-08-15T10:18:16Z","repo":"html5-boilerplate","user":{"login":"mathiasbynens","id":81942},"owner":"h5bp","id":5787020}
{"_id":{"$oid":"52547df2bd35430271000315"},"commit_id":"ae44fd83459f291f24c761447b67641cb0a5f049","created_at":"2013-10-08T21:49:28Z","updated_at":"2013-10-08T21:49:28Z","repo":"html5-boilerplate","user":{"login":"sindresorhus","id":170270},"owner":"h5bp","id":6841375}
{"_id":{"$oid":"5284124abd35438c5200026e"},"commit_id":"8006b464dec0f65dfed3d32f262031c643fd2cc8","created_at":"2013-11-13T23:59:01Z","updated_at":"2013-11-13T23:59:01Z","repo":"html5-boilerplate","user":{"login":"necolas","id":239676},"owner":"h5bp","id":7646112}
{"_id":{"$oid":"52841261bd35438c5400029d"},"commit_id":"8006b464dec0f65dfed3d32f262031c643fd2cc8","created_at":"2013-11-13T23:59:21Z","updated_at":"2013-11-13T23:59:21Z","repo":"html5-boilerplate","user":{"login":"necolas","id":239676},"owner":"h5bp","id":7646118}
{"_id":{"$oid":"528486fabd3543c71f0000d0"},"commit_id":"8006b464dec0f65dfed3d32f262031c643fd2cc8","created_at":"2013-11-14T08:16:52Z","updated_at":"2013-11-14T08:16:52Z","repo":"html5-boilerplate","user":{"login":"drublic","id":502487},"owner":"h5bp","id":7652439}
{"_id":{"$oid":"52848738bd3543c7390000b9"},"commit_id":"8006b464dec0f65dfed3d32f262031c643fd2cc8","created_at":"2013-11-14T08:17:51Z","updated_at":"2013-11-14T08:17:51Z","repo":"html5-boilerplate","user":{"login":"drublic","id":502487},"owner":"h5bp","id":7652453}
{"_id":{"$oid":"528492b7bd3543cd6e000035"},"commit_id":"8006b464dec0f65dfed3d32f262031c643fd2cc8","created_at":"2013-11-14T09:06:57Z","updated_at":"2013-11-14T09:06:57Z","repo":"html5-boilerplate","user":{"login":"alrra","id":1223565},"owner":"h5bp","id":7653176}
{"_id":{"$oid":"5284974abd3543cd6d000164"},"commit_id":"8006b464dec0f65dfed3d32f262031c643fd2cc8","created_at":"2013-11-14T09:26:28Z","updated_at":"2013-11-14T09:26:28Z","repo":"html5-boilerplate","user":{"login":"drublic","id":502487},"owner":"h5bp","id":7653570}
{"_id":{"$oid":"53124a62bd35437a1a01adf0"},"commit_id":"5a6347bbd4cc2318d99df3576b8a2921afd5105c","created_at":"2014-03-01T21:00:16Z","updated_at":"2014-03-01T21:00:16Z","repo":"html5-boilerplate","user":{"login":"alrra","id":1223565},"owner":"h5bp","id":10192470}
{"_id":{"$oid":"53124c15bd3543799a0191ae"},"commit_id":"b41c211ef41d3d2125b12875f63ea949fa929030","created_at":"2014-03-01T21:07:30Z","updated_at":"2014-03-01T21:07:30Z","repo":"html5-boilerplate","user":{"login":"alrra","id":1223565},"owner":"h5bp","id":10192498}
{"_id":{"$oid":"5312504bbd354379cf019809"},"commit_id":"b112dfd1e6e11716202e00b5d5af674a0af3eb8b","created_at":"2014-03-01T21:25:27Z","updated_at":"2014-03-01T21:25:27Z","repo":"html5-boilerplate","user":{"login":"alrra","id":1223565},"owner":"h5bp","id":10192586}
{"_id":{"$oid":"531250c2bd35437a1a01afea"},"commit_id":"b112dfd1e6e11716202e00b5d5af674a0af3eb8b","created_at":"2014-03-01T21:27:26Z","updated_at":"2014-03-01T21:27:26Z","repo":"html5-boilerplate","user":{"login":"alrra","id":1223565},"owner":"h5bp","id":10192593}
{"_id":{"$oid":"5312513ebd354379570195a1"},"commit_id":"b112dfd1e6e11716202e00b5d5af674a0af3eb8b","created_at":"2014-03-01T21:29:31Z","updated_at":"2014-03-01T21:29:31Z","repo":"html5-boilerplate","user":{"login":"alrra","id":1223565},"owner":"h5bp","id":10192607}
{"_id":{"$oid":"53125154bd354379ff01ab2c"},"commit_id":"b112dfd1e6e11716202e00b5d5af674a0af3eb8b","created_at":"2014-03-01T21:29:50Z","updated_at":"2014-03-01T21:29:50Z","repo":"html5-boilerplate","user":{"login":"alrra","id":1223565},"owner":"h5bp","id":10192609}
{"_id":{"$oid":"531251d6bd354379b7019cc9"},"commit_id":"b112dfd1e6e11716202e00b5d5af674a0af3eb8b","created_at":"2014-03-01T21:32:01Z","updated_at":"2014-03-01T21:32:01Z","repo":"html5-boilerplate","user":{"login":"alrra","id":1223565},"owner":"h5bp","id":10192617}
{"_id":{"$oid":"5312560ebd354379ff01accd"},"commit_id":"aa502ab9e634ea0e45f10fccf0b4b8293a462183","created_at":"2014-03-01T21:49:59Z","updated_at":"2014-03-01T21:49:59Z","repo":"html5-boilerplate","user":{"login":"alrra","id":1223565},"owner":"h5bp","id":10192693}
{"_id":{"$oid":"53125629bd3543795701973e"},"commit_id":"aa502ab9e634ea0e45f10fccf0b4b8293a462183","created_at":"2014-03-01T21:50:27Z","updated_at":"2014-03-01T21:50:27Z","repo":"html5-boilerplate","user":{"login":"alrra","id":1223565},"owner":"h5bp","id":10192694}
{"_id":{"$oid":"53125844bd3543796e019d46"},"commit_id":"aa502ab9e634ea0e45f10fccf0b4b8293a462183","created_at":"2014-03-01T21:59:27Z","updated_at":"2014-03-01T21:59:27Z","repo":"html5-boilerplate","user":{"login":"alrra","id":1223565},"owner":"h5bp","id":10192727}
{"_id":{"$oid":"531261ccbd3543799a0198a4"},"commit_id":"aa502ab9e634ea0e45f10fccf0b4b8293a462183","created_at":"2014-03-01T22:40:02Z","updated_at":"2014-03-01T22:40:02Z","repo":"html5-boilerplate","user":{"login":"tomfuertes","id":1503991},"owner":"h5bp","id":10192907}
{"_id":{"$oid":"531262c3bd3543799e019d69"},"commit_id":"61c42e7ed6223cb5aca13ad10f696da969b3be7f","created_at":"2014-03-01T22:44:13Z","updated_at":"2014-03-01T22:44:13Z","repo":"html5-boilerplate","user":{"login":"tomfuertes","id":1503991},"owner":"h5bp","id":10192922}
{"_id":{"$oid":"53bd32febd35435104000f0c"},"commit_id":"0a377bc35a13f49ae32c5d4d83cf86b9b79a6776","created_at":"2014-07-09T06:45:48Z","updated_at":"2014-07-09T06:47:02Z","repo":"html5-boilerplate","user":{"login":"alrra","id":1223565},"owner":"h5bp","id":14695503}
{"_id":{"$oid":"53bd3318bd35435236000e53"},"commit_id":"0a377bc35a13f49ae32c5d4d83cf86b9b79a6776","created_at":"2014-07-09T06:45:50Z","updated_at":"2014-07-09T06:45:50Z","repo":"html5-boilerplate","user":{"login":"alrra","id":1223565},"owner":"h5bp","id":14695505}
{"_id":{"$oid":"53bd3319bd35435342000fbd"},"commit_id":"0a377bc35a13f49ae32c5d4d83cf86b9b79a6776","created_at":"2014-07-09T06:45:52Z","updated_at":"2014-07-09T06:45:52Z","repo":"html5-boilerplate","user":{"login":"alrra","id":1223565},"owner":"h5bp","id":14695507}
{"_id":{"$oid":"53bd3304bd35435104000f11"},"commit_id":"0a377bc35a13f49ae32c5d4d83cf86b9b79a6776","created_at":"2014-07-09T06:48:55Z","updated_at":"2014-07-09T06:54:12Z","repo":"html5-boilerplate","user":{"login":"alrra","id":1223565},"owner":"h5bp","id":14695568}
{"_id":{"$oid":"53bd33f2bd35435047000db9"},"commit_id":"0a377bc35a13f49ae32c5d4d83cf86b9b79a6776","created_at":"2014-07-09T07:07:20Z","updated_at":"2014-07-09T07:07:20Z","repo":"html5-boilerplate","user":{"login":"alrra","id":1223565},"owner":"h5bp","id":14696036}
{"_id":{"$oid":"53c2ca50bd3543509f01b853"},"commit_id":"0a377bc35a13f49ae32c5d4d83cf86b9b79a6776","created_at":"2014-07-13T18:04:57Z","updated_at":"2014-07-13T18:04:57Z","repo":"html5-boilerplate","user":{"login":"dennisonsouza","id":2348220},"owner":"h5bp","id":14859579}
{"_id":{"$oid":"53be71cdbd3543552e0085fe"},"commit_id":"cacf17465f1bfc5daf1940759f6614847f868a13","created_at":"2014-07-10T10:58:13Z","updated_at":"2014-07-10T10:58:13Z","repo":"html5-boilerplate","user":{"login":"alrra","id":1223565},"owner":"h5bp","id":14759570}
{"_id":{"$oid":"53c00142bd35435021012740"},"commit_id":"d8f63f98cff19b3a99c00dd2c1bbb76561eedd55","created_at":"2014-07-11T15:21:39Z","updated_at":"2014-07-11T15:21:39Z","repo":"html5-boilerplate","user":{"login":"QWp6t","id":2104321},"owner":"h5bp","id":14826317}
{"_id":{"$oid":"53c9aa70bd35435236038d90"},"commit_id":"d8f63f98cff19b3a99c00dd2c1bbb76561eedd55","created_at":"2014-07-18T23:14:53Z","updated_at":"2014-07-18T23:14:53Z","repo":"html5-boilerplate","user":{"login":"alrra","id":1223565},"owner":"h5bp","id":15138748}
{"_id":{"$oid":"53c6d4bbbd3543502102e8a7"},"commit_id":"f9e523540f442aaf19fc1c5fd7f2066e97cde947","created_at":"2014-07-16T19:38:18Z","updated_at":"2014-07-16T19:38:18Z","repo":"html5-boilerplate","user":{"login":"alrra","id":1223565},"owner":"h5bp","id":15022199}
{"_id":{"$oid":"53c6d551bd35434ffb02e8bc"},"commit_id":"f9e523540f442aaf19fc1c5fd7f2066e97cde947","created_at":"2014-07-16T19:40:56Z","updated_at":"2014-07-16T19:40:56Z","repo":"html5-boilerplate","user":{"login":"alrra","id":1223565},"owner":"h5bp","id":15022389}
{"_id":{"$oid":"53c6d56abd3543507802e8f9"},"commit_id":"f9e523540f442aaf19fc1c5fd7f2066e97cde947","created_at":"2014-07-16T19:41:18Z","updated_at":"2014-07-16T19:41:18Z","repo":"html5-boilerplate","user":{"login":"alrra","id":1223565},"owner":"h5bp","id":15022408}
{"_id":{"$oid":"53c6f2c4bd3543523602e248"},"commit_id":"4220a5cbcc0afc9b06d9a978d552a7057975b40b","created_at":"2014-07-16T21:46:40Z","updated_at":"2014-07-16T21:46:40Z","repo":"html5-boilerplate","user":{"login":"alrra","id":1223565},"owner":"h5bp","id":15030090}
{"_id":{"$oid":"53c98906bd354350530458a3"},"commit_id":"0bf4d77a38413b13557055003b3823f89eea0425","created_at":"2014-07-18T20:52:07Z","updated_at":"2014-07-18T20:52:07Z","repo":"html5-boilerplate","user":{"login":"alrra","id":1223565},"owner":"h5bp","id":15133069}
{"_id":{"$oid":"53c98948bd3543523e04591e"},"commit_id":"0bf4d77a38413b13557055003b3823f89eea0425","created_at":"2014-07-18T20:53:15Z","updated_at":"2014-07-18T20:53:15Z","repo":"html5-boilerplate","user":{"login":"alrra","id":1223565},"owner":"h5bp","id":15133121}
{"_id":{"$oid":"53c98abbbd354350b9038348"},"commit_id":"0bf4d77a38413b13557055003b3823f89eea0425","created_at":"2014-07-18T20:59:31Z","updated_at":"2014-07-18T20:59:31Z","repo":"html5-boilerplate","user":{"login":"jonathantneal","id":188426},"owner":"h5bp","id":15133377}
{"_id":{"$oid":"53c98ac4bd3543506d03a8f7"},"commit_id":"0bf4d77a38413b13557055003b3823f89eea0425","created_at":"2014-07-18T20:59:37Z","updated_at":"2014-07-18T20:59:37Z","repo":"html5-boilerplate","user":{"login":"jonathantneal","id":188426},"owner":"h5bp","id":15133381}
{"_id":{"$oid":"53c9acb4bd354350070387a1"},"commit_id":"3874bf8f9af51e5a275b35a17e9b0795e8ee6799","created_at":"2014-07-18T23:24:31Z","updated_at":"2014-07-18T23:24:31Z","repo":"html5-boilerplate","user":{"login":"alrra","id":1223565},"owner":"h5bp","id":15138988}
{"_id":{"$oid":"53c9acb9bd3543506d03b11d"},"commit_id":"3874bf8f9af51e5a275b35a17e9b0795e8ee6799","created_at":"2014-07-18T23:24:33Z","updated_at":"2014-07-18T23:24:33Z","repo":"html5-boilerplate","user":{"login":"alrra","id":1223565},"owner":"h5bp","id":15138990}
{"_id":{"$oid":"53c9acc4bd3543502d039888"},"commit_id":"3874bf8f9af51e5a275b35a17e9b0795e8ee6799","created_at":"2014-07-18T23:24:47Z","updated_at":"2014-07-18T23:24:47Z","repo":"html5-boilerplate","user":{"login":"alrra","id":1223565},"owner":"h5bp","id":15139003}
{"_id":{"$oid":"53c9acd5bd35434ffb03ca4f"},"commit_id":"3874bf8f9af51e5a275b35a17e9b0795e8ee6799","created_at":"2014-07-18T23:25:03Z","updated_at":"2014-07-18T23:25:03Z","repo":"html5-boilerplate","user":{"login":"alrra","id":1223565},"owner":"h5bp","id":15139010}
{"_id":{"$oid":"53c9ad68bd354350b9038c3b"},"commit_id":"3874bf8f9af51e5a275b35a17e9b0795e8ee6799","created_at":"2014-07-18T23:27:29Z","updated_at":"2014-07-18T23:27:29Z","repo":"html5-boilerplate","user":{"login":"alrra","id":1223565},"owner":"h5bp","id":15139065}
{"_id":{"$oid":"53c9af73bd3543504703a8b1"},"commit_id":"3874bf8f9af51e5a275b35a17e9b0795e8ee6799","created_at":"2014-07-18T23:36:15Z","updated_at":"2014-07-18T23:36:15Z","repo":"html5-boilerplate","user":{"login":"alrra","id":1223565},"owner":"h5bp","id":15139236}
{"_id":{"$oid":"53c9b803bd3543523603903a"},"commit_id":"3874bf8f9af51e5a275b35a17e9b0795e8ee6799","created_at":"2014-07-19T00:12:47Z","updated_at":"2014-07-19T00:12:47Z","repo":"html5-boilerplate","user":{"login":"jonathantneal","id":188426},"owner":"h5bp","id":15140067}
{"_id":{"$oid":"53c9b829bd3543505304647e"},"commit_id":"3874bf8f9af51e5a275b35a17e9b0795e8ee6799","created_at":"2014-07-19T00:13:16Z","updated_at":"2014-07-19T00:13:16Z","repo":"html5-boilerplate","user":{"login":"jonathantneal","id":188426},"owner":"h5bp","id":15140076}
{"_id":{"$oid":"53c9b87ebd35434fe003c9f5"},"commit_id":"3874bf8f9af51e5a275b35a17e9b0795e8ee6799","created_at":"2014-07-19T00:14:45Z","updated_at":"2014-07-19T00:14:45Z","repo":"html5-boilerplate","user":{"login":"jonathantneal","id":188426},"owner":"h5bp","id":15140099}
{"_id":{"$oid":"53c9b8a2bd354350c5039009"},"commit_id":"3874bf8f9af51e5a275b35a17e9b0795e8ee6799","created_at":"2014-07-19T00:15:22Z","updated_at":"2014-07-19T00:15:22Z","repo":"html5-boilerplate","user":{"login":"jonathantneal","id":188426},"owner":"h5bp","id":15140108}
{"_id":{"$oid":"53c9b8b9bd3543506d03b32c"},"commit_id":"3874bf8f9af51e5a275b35a17e9b0795e8ee6799","created_at":"2014-07-19T00:15:38Z","updated_at":"2014-07-19T00:15:38Z","repo":"html5-boilerplate","user":{"login":"jonathantneal","id":188426},"owner":"h5bp","id":15140110}
{"_id":{"$oid":"53c9ba4fbd354357ba03f254"},"commit_id":"3874bf8f9af51e5a275b35a17e9b0795e8ee6799","created_at":"2014-07-19T00:22:33Z","updated_at":"2014-07-19T00:22:33Z","repo":"html5-boilerplate","user":{"login":"alrra","id":1223565},"owner":"h5bp","id":15140227}
{"_id":{"$oid":"53c9bbb5bd3543504703aad0"},"commit_id":"3874bf8f9af51e5a275b35a17e9b0795e8ee6799","created_at":"2014-07-19T00:28:30Z","updated_at":"2014-07-19T00:28:30Z","repo":"html5-boilerplate","user":{"login":"alrra","id":1223565},"owner":"h5bp","id":15140299}
{"_id":{"$oid":"53ca6c04bd354350b903a8d6"},"commit_id":"a1756f5e751debbdff25a1e50986d727d7e41cef","created_at":"2014-07-19T13:00:48Z","updated_at":"2014-07-19T13:00:48Z","repo":"html5-boilerplate","user":{"login":"alrra","id":1223565},"owner":"h5bp","id":15143594}
{"_id":{"$oid":"53ca6c0bbd3543502103dda7"},"commit_id":"a1756f5e751debbdff25a1e50986d727d7e41cef","created_at":"2014-07-19T13:00:52Z","updated_at":"2014-07-19T13:00:52Z","repo":"html5-boilerplate","user":{"login":"alrra","id":1223565},"owner":"h5bp","id":15143595}
{"_id":{"$oid":"53cab717bd3543509103d89a"},"commit_id":"321051a85d21c07a67780247b2a7fc420c0e27e5","created_at":"2014-07-19T18:21:05Z","updated_at":"2014-07-19T18:21:05Z","repo":"html5-boilerplate","user":{"login":"SBoudrias","id":923865},"owner":"h5bp","id":15144977}
{"_id":{"$oid":"53caba1cbd3543506d03db89"},"commit_id":"321051a85d21c07a67780247b2a7fc420c0e27e5","created_at":"2014-07-19T18:33:58Z","updated_at":"2014-07-19T18:33:58Z","repo":"html5-boilerplate","user":{"login":"alrra","id":1223565},"owner":"h5bp","id":15145046}
{"_id":{"$oid":"53cabb1fbd354353a10407bb"},"commit_id":"321051a85d21c07a67780247b2a7fc420c0e27e5","created_at":"2014-07-19T18:38:17Z","updated_at":"2014-07-19T18:38:17Z","repo":"html5-boilerplate","user":{"login":"sindresorhus","id":170270},"owner":"h5bp","id":15145061}
{"_id":{"$oid":"53cad236bd354350c503bd93"},"commit_id":"321051a85d21c07a67780247b2a7fc420c0e27e5","created_at":"2014-07-19T20:16:50Z","updated_at":"2014-07-19T20:16:50Z","repo":"html5-boilerplate","user":{"login":"alrra","id":1223565},"owner":"h5bp","id":15145632}
{"_id":{"$oid":"53cad7d2bd3543502103f473"},"commit_id":"321051a85d21c07a67780247b2a7fc420c0e27e5","created_at":"2014-07-19T20:40:43Z","updated_at":"2014-07-19T20:40:43Z","repo":"html5-boilerplate","user":{"login":"SBoudrias","id":923865},"owner":"h5bp","id":15145769}
{"_id":{"$oid":"53cade7dbd354350c503bfd0"},"commit_id":"321051a85d21c07a67780247b2a7fc420c0e27e5","created_at":"2014-07-19T21:09:13Z","updated_at":"2014-07-19T21:09:13Z","repo":"html5-boilerplate","user":{"login":"alrra","id":1223565},"owner":"h5bp","id":15145922}
{"_id":{"$oid":"53caef10bd3543505304c140"},"commit_id":"321051a85d21c07a67780247b2a7fc420c0e27e5","created_at":"2014-07-19T22:19:57Z","updated_at":"2014-07-19T22:19:57Z","repo":"html5-boilerplate","user":{"login":"SBoudrias","id":923865},"owner":"h5bp","id":15146320}
{"_id":{"$oid":"53caeffabd354353a1041142"},"commit_id":"321051a85d21c07a67780247b2a7fc420c0e27e5","created_at":"2014-07-19T22:23:48Z","updated_at":"2014-07-19T22:23:48Z","repo":"html5-boilerplate","user":{"login":"sindresorhus","id":170270},"owner":"h5bp","id":15146338}
{"_id":{"$oid":"53cb17bebd3543505304c6cf"},"commit_id":"321051a85d21c07a67780247b2a7fc420c0e27e5","created_at":"2014-07-20T01:13:28Z","updated_at":"2014-07-20T01:13:28Z","repo":"html5-boilerplate","user":{"login":"treyhunner","id":285352},"owner":"h5bp","id":15147014}
{"_id":{"$oid":"53cb35dfbd354357ba043b02"},"commit_id":"321051a85d21c07a67780247b2a7fc420c0e27e5","created_at":"2014-07-20T03:21:59Z","updated_at":"2014-07-20T03:21:59Z","repo":"html5-boilerplate","user":{"login":"SBoudrias","id":923865},"owner":"h5bp","id":15147396}
{"_id":{"$oid":"53cbb699bd354355cf0455a2"},"commit_id":"321051a85d21c07a67780247b2a7fc420c0e27e5","created_at":"2014-07-20T12:31:15Z","updated_at":"2014-07-20T12:31:15Z","repo":"html5-boilerplate","user":{"login":"mathiasbynens","id":81942},"owner":"h5bp","id":15149166}
{"_id":{"$oid":"53cbeda4bd3543552e047801"},"commit_id":"321051a85d21c07a67780247b2a7fc420c0e27e5","created_at":"2014-07-20T16:20:13Z","updated_at":"2014-07-20T16:20:13Z","repo":"html5-boilerplate","user":{"login":"alrra","id":1223565},"owner":"h5bp","id":15150414}
{"_id":{"$oid":"53cbf942bd3543523603edee"},"commit_id":"321051a85d21c07a67780247b2a7fc420c0e27e5","created_at":"2014-07-20T17:15:34Z","updated_at":"2014-07-20T17:15:34Z","repo":"html5-boilerplate","user":{"login":"treyhunner","id":285352},"owner":"h5bp","id":15150725}
{"_id":{"$oid":"53cc0dc3bd3543514a0488f2"},"commit_id":"321051a85d21c07a67780247b2a7fc420c0e27e5","created_at":"2014-07-20T18:43:06Z","updated_at":"2014-07-20T18:43:06Z","repo":"html5-boilerplate","user":{"login":"SBoudrias","id":923865},"owner":"h5bp","id":15151239}
{"_id":{"$oid":"53ccc513bd3543523e050524"},"commit_id":"321051a85d21c07a67780247b2a7fc420c0e27e5","created_at":"2014-07-21T07:45:09Z","updated_at":"2014-07-21T07:45:09Z","repo":"html5-boilerplate","user":{"login":"alrra","id":1223565},"owner":"h5bp","id":15157354}
{"_id":{"$oid":"53da2b70bd354334410288d4"},"commit_id":"07400a8fc9526487d759498c7bcdc2e2d8adb780","created_at":"2014-07-31T11:41:25Z","updated_at":"2014-07-31T11:41:25Z","repo":"html5-boilerplate","user":{"login":"alrra","id":1223565},"owner":"h5bp","id":15637359}
{"_id":{"$oid":"53da315fbd35432ebe0271b3"},"commit_id":"07400a8fc9526487d759498c7bcdc2e2d8adb780","created_at":"2014-07-31T12:06:48Z","updated_at":"2014-07-31T12:06:48Z","repo":"html5-boilerplate","user":{"login":"Roope","id":713921},"owner":"h5bp","id":15638153}
{"_id":{"$oid":"53da3173bd35432e7202afb4"},"commit_id":"07400a8fc9526487d759498c7bcdc2e2d8adb780","created_at":"2014-07-31T12:07:11Z","updated_at":"2014-07-31T12:07:11Z","repo":"html5-boilerplate","user":{"login":"alrra","id":1223565},"owner":"h5bp","id":15638160}
{"_id":{"$oid":"53da3567bd35433667028d6c"},"commit_id":"07400a8fc9526487d759498c7bcdc2e2d8adb780","created_at":"2014-07-31T12:23:58Z","updated_at":"2014-07-31T12:23:58Z","repo":"html5-boilerplate","user":{"login":"alrra","id":1223565},"owner":"h5bp","id":15638755}
{"_id":{"$oid":"53da3596bd354331ca02e465"},"commit_id":"07400a8fc9526487d759498c7bcdc2e2d8adb780","created_at":"2014-07-31T12:24:50Z","updated_at":"2014-07-31T12:24:50Z","repo":"html5-boilerplate","user":{"login":"EvgenyOrekhov","id":8045060},"owner":"h5bp","id":15638775}
{"_id":{"$oid":"53da3626bd35432e24027de4"},"commit_id":"07400a8fc9526487d759498c7bcdc2e2d8adb780","created_at":"2014-07-31T12:27:12Z","updated_at":"2014-07-31T12:27:12Z","repo":"html5-boilerplate","user":{"login":"alrra","id":1223565},"owner":"h5bp","id":15638860}
{"_id":{"$oid":"53da391dbd35433441028bc7"},"commit_id":"07400a8fc9526487d759498c7bcdc2e2d8adb780","created_at":"2014-07-31T12:39:48Z","updated_at":"2014-07-31T12:39:48Z","repo":"html5-boilerplate","user":{"login":"EvgenyOrekhov","id":8045060},"owner":"h5bp","id":15639294}
{"_id":{"$oid":"53d89629bd35432e3c02153c"},"commit_id":"a92bba27bfbb8884bd8701381a98279905d5ae37","created_at":"2014-07-30T06:52:22Z","updated_at":"2014-07-30T06:52:22Z","repo":"html5-boilerplate","user":{"login":"alrra","id":1223565},"owner":"h5bp","id":15568554}
{"_id":{"$oid":"53d8a366bd35432e720230cf"},"commit_id":"a92bba27bfbb8884bd8701381a98279905d5ae37","created_at":"2014-07-30T07:48:51Z","updated_at":"2014-07-30T07:48:51Z","repo":"html5-boilerplate","user":{"login":"alrra","id":1223565},"owner":"h5bp","id":15570183}
{"_id":{"$oid":"53d8a37dbd3543366701f3f4"},"commit_id":"a92bba27bfbb8884bd8701381a98279905d5ae37","created_at":"2014-07-30T07:49:13Z","updated_at":"2014-07-30T07:49:13Z","repo":"html5-boilerplate","user":{"login":"alrra","id":1223565},"owner":"h5bp","id":15570194}
{"_id":{"$oid":"53dd142fbd35432e8c036882"},"commit_id":"60a0653b681420ce87a30d6f33eaddad74452452","created_at":"2014-08-02T16:39:07Z","updated_at":"2014-08-02T16:39:07Z","repo":"html5-boilerplate","user":{"login":"alrra","id":1223565},"owner":"h5bp","id":15729934}
{"_id":{"$oid":"53dd26a6bd35432e00035da6"},"commit_id":"60a0653b681420ce87a30d6f33eaddad74452452","created_at":"2014-08-02T17:57:54Z","updated_at":"2014-08-02T17:57:54Z","repo":"html5-boilerplate","user":{"login":"FagnerMartinsBrack","id":835857},"owner":"h5bp","id":15730335}
{"_id":{"$oid":"53e0d3c6bd35432edf048fac"},"commit_id":"42817f731b3bb96355f1aab22db37e210690f6fe","created_at":"2014-08-05T12:53:17Z","updated_at":"2014-08-05T12:53:17Z","repo":"html5-boilerplate","user":{"login":"alrra","id":1223565},"owner":"h5bp","id":15809634}
{"_id":{"$oid":"53e0d4f9bd35432df4040ccb"},"commit_id":"42817f731b3bb96355f1aab22db37e210690f6fe","created_at":"2014-08-05T12:58:30Z","updated_at":"2014-08-05T12:58:30Z","repo":"html5-boilerplate","user":{"login":"paradox41","id":2791730},"owner":"h5bp","id":15809915}
{"_id":{"$oid":"53e0d618bd35432df4040d66"},"commit_id":"42817f731b3bb96355f1aab22db37e210690f6fe","created_at":"2014-08-05T13:03:11Z","updated_at":"2014-08-05T13:03:11Z","repo":"html5-boilerplate","user":{"login":"alrra","id":1223565},"owner":"h5bp","id":15810124}
{"_id":{"$oid":"542a939dbd35435a2f003c4d"},"commit_id":"036128dbdb17df56ee8f5f57c45abc8c7e5139a1","created_at":"2014-09-30T08:16:24Z","updated_at":"2014-09-30T08:16:24Z","repo":"html5-boilerplate","user":{"login":"Frenzzy","id":640669},"owner":"h5bp","id":18204018}
{"_id":{"$oid":"542a93cabd35435a090025b1"},"commit_id":"036128dbdb17df56ee8f5f57c45abc8c7e5139a1","created_at":"2014-09-30T08:31:03Z","updated_at":"2014-09-30T08:31:03Z","repo":"html5-boilerplate","user":{"login":"drublic","id":502487},"owner":"h5bp","id":18204618}
{"_id":{"$oid":"542a9799bd35435fdf003ac4"},"commit_id":"036128dbdb17df56ee8f5f57c45abc8c7e5139a1","created_at":"2014-09-30T11:44:01Z","updated_at":"2014-09-30T11:44:09Z","repo":"html5-boilerplate","user":{"login":"FagnerMartinsBrack","id":835857},"owner":"h5bp","id":18211777}
{"_id":{"$oid":"542ac24abd35435a55003d9d"},"commit_id":"036128dbdb17df56ee8f5f57c45abc8c7e5139a1","created_at":"2014-09-30T14:46:06Z","updated_at":"2014-09-30T14:46:06Z","repo":"html5-boilerplate","user":{"login":"AndrewBrinker","id":1223605},"owner":"h5bp","id":18221487}
{"_id":{"$oid":"542b01e7bd35435a3b0045c7"},"commit_id":"036128dbdb17df56ee8f5f57c45abc8c7e5139a1","created_at":"2014-09-30T19:17:07Z","updated_at":"2014-09-30T19:17:07Z","repo":"html5-boilerplate","user":{"login":"FagnerMartinsBrack","id":835857},"owner":"h5bp","id":18240188}
{"_id":{"$oid":"542b1f8cbd35436376006230"},"commit_id":"036128dbdb17df56ee8f5f57c45abc8c7e5139a1","created_at":"2014-09-30T21:23:41Z","updated_at":"2014-09-30T21:23:41Z","repo":"html5-boilerplate","user":{"login":"alrra","id":1223565},"owner":"h5bp","id":18248366}
{"_id":{"$oid":"543b976cbd35439fc9018e2a"},"commit_id":"f89903a302d3b816ee30085936296a140296c880","created_at":"2014-10-13T09:12:00Z","updated_at":"2014-10-13T09:12:00Z","repo":"html5-boilerplate","user":{"login":"alrra","id":1223565},"owner":"h5bp","id":18759513}
{"_id":{"$oid":"543b9ea2bd3543a1ae018a9e"},"commit_id":"d188bab2dcdbfd7ae2dea3163be29cdadf46383b","created_at":"2014-10-13T09:17:23Z","updated_at":"2014-10-13T09:26:23Z","repo":"html5-boilerplate","user":{"login":"XhmikosR","id":349621},"owner":"h5bp","id":18759678}
{"_id":{"$oid":"543b9ea2bd3543a1ae018a9f"},"commit_id":"d188bab2dcdbfd7ae2dea3163be29cdadf46383b","created_at":"2014-10-13T09:18:15Z","updated_at":"2014-10-13T09:26:23Z","repo":"html5-boilerplate","user":{"login":"alrra","id":1223565},"owner":"h5bp","id":18759708}
{"_id":{"$oid":"543b9adfbd3543a1a6019778"},"commit_id":"d188bab2dcdbfd7ae2dea3163be29cdadf46383b","created_at":"2014-10-13T09:26:37Z","updated_at":"2014-10-13T09:26:37Z","repo":"html5-boilerplate","user":{"login":"XhmikosR","id":349621},"owner":"h5bp","id":18759956}
{"_id":{"$oid":"543d9091bd3543a34201dbb5"},"commit_id":"eb5df8b7e50de078d746bffdd72a754dfee7b49e","created_at":"2014-10-14T21:07:24Z","updated_at":"2014-10-14T21:07:24Z","repo":"html5-boilerplate","user":{"login":"alrra","id":1223565},"owner":"h5bp","id":18858767}
{"_id":{"$oid":"543d9092bd3543a00a01f28a"},"commit_id":"eb5df8b7e50de078d746bffdd72a754dfee7b49e","created_at":"2014-10-14T21:07:24Z","updated_at":"2014-10-14T21:07:24Z","repo":"html5-boilerplate","user":{"login":"alrra","id":1223565},"owner":"h5bp","id":18858767}
{"_id":{"$oid":"55317601bd35436d26040929"},"commit_id":"c15287e8f617aa16f4a415fbb44a36c69f917a2e","created_at":"2015-04-17T21:07:04Z","updated_at":"2015-04-17T21:07:04Z","repo":"html5-boilerplate","user":{"login":"marcoscaceres","id":870154},"owner":"h5bp","id":28630288}
{"_id":{"$oid":"55317736bd35437d33045037"},"commit_id":"c15287e8f617aa16f4a415fbb44a36c69f917a2e","created_at":"2015-04-17T21:12:19Z","updated_at":"2015-04-17T21:12:19Z","repo":"html5-boilerplate","user":{"login":"marcoscaceres","id":870154},"owner":"h5bp","id":28630659}
{"_id":{"$oid":"553179dcbd354363d0041575"},"commit_id":"f0d6ccaf7884ad0c2f6076841820803497a26646","created_at":"2015-04-17T21:23:36Z","updated_at":"2015-04-17T21:23:39Z","repo":"html5-boilerplate","user":{"login":"alrra","id":1223565},"owner":"h5bp","id":28631364}
{"_id":{"$oid":"553181cfbd354367a904039d"},"commit_id":"f0d6ccaf7884ad0c2f6076841820803497a26646","created_at":"2015-04-17T21:56:41Z","updated_at":"2015-04-17T21:56:41Z","repo":"html5-boilerplate","user":{"login":"alrra","id":1223565},"owner":"h5bp","id":28633462}
{"_id":{"$oid":"553181cfbd35436c2b03d6f8"},"commit_id":"f0d6ccaf7884ad0c2f6076841820803497a26646","created_at":"2015-04-17T21:56:41Z","updated_at":"2015-04-17T21:56:41Z","repo":"html5-boilerplate","user":{"login":"alrra","id":1223565},"owner":"h5bp","id":28633462}
{"_id":{"$oid":"5538c1b7bd354329a1000816"},"commit_id":"f0d6ccaf7884ad0c2f6076841820803497a26646","created_at":"2015-04-23T09:56:02Z","updated_at":"2015-04-23T09:56:02Z","repo":"html5-boilerplate","user":{"login":"alrra","id":1223565},"owner":"h5bp","id":28950245}
{"_id":{"$oid":"556355d8bd35430aff00f258"},"commit_id":"f0d6ccaf7884ad0c2f6076841820803497a26646","created_at":"2015-05-25T17:03:16Z","updated_at":"2015-05-25T17:03:16Z","repo":"html5-boilerplate","user":{"login":"marcoscaceres","id":870154},"owner":"h5bp","id":30987965}
{"_id":{"$oid":"546d4080bd3543c1a501b2b9"},"commit_id":"93a1453029f2b46410ee3a0ca820720b15e66a8c","created_at":"2014-11-20T01:12:00Z","updated_at":"2014-11-20T01:12:00Z","repo":"html5-boilerplate","user":{"login":"alrra","id":1223565},"owner":"h5bp","id":20621511}
{"_id":{"$oid":"54878bcdbd3543906400121a"},"commit_id":"aae18f2416f7676f5a6d572f74aeca69475ec6b5","created_at":"2014-11-20T01:12:00Z","updated_at":"2014-11-20T05:45:45Z","repo":"html5-boilerplate","user":{"login":"alrra","id":1223565},"owner":"h5bp","id":20621511}
{"_id":{"$oid":"546d40bbbd3543c0d8017f82"},"commit_id":"93a1453029f2b46410ee3a0ca820720b15e66a8c","created_at":"2014-11-20T01:12:06Z","updated_at":"2014-11-20T01:12:06Z","repo":"html5-boilerplate","user":{"login":"alrra","id":1223565},"owner":"h5bp","id":20621515}
{"_id":{"$oid":"54878bc7bd3543905a001373"},"commit_id":"aae18f2416f7676f5a6d572f74aeca69475ec6b5","created_at":"2014-11-20T01:12:06Z","updated_at":"2014-11-20T05:45:45Z","repo":"html5-boilerplate","user":{"login":"alrra","id":1223565},"owner":"h5bp","id":20621515}
{"_id":{"$oid":"546d6b5dbd3543c1450189e3"},"commit_id":"93a1453029f2b46410ee3a0ca820720b15e66a8c","created_at":"2014-11-20T04:16:19Z","updated_at":"2014-11-20T04:17:19Z","repo":"html5-boilerplate","user":{"login":"FagnerMartinsBrack","id":835857},"owner":"h5bp","id":20626801}
{"_id":{"$oid":"54878cd4bd354390690015c5"},"commit_id":"aae18f2416f7676f5a6d572f74aeca69475ec6b5","created_at":"2014-11-20T04:16:19Z","updated_at":"2014-11-20T05:45:45Z","repo":"html5-boilerplate","user":{"login":"FagnerMartinsBrack","id":835857},"owner":"h5bp","id":20626801}
{"_id":{"$oid":"546e67d8bd3543c0c401c1c0"},"commit_id":"aae18f2416f7676f5a6d572f74aeca69475ec6b5","created_at":"2014-11-20T22:14:32Z","updated_at":"2014-11-20T22:14:32Z","repo":"html5-boilerplate","user":{"login":"alrra","id":1223565},"owner":"h5bp","id":20681652}
{"_id":{"$oid":"54879b26bd3543903c001d5f"},"commit_id":"aae18f2416f7676f5a6d572f74aeca69475ec6b5","created_at":"2014-11-20T22:14:32Z","updated_at":"2014-11-20T22:14:32Z","repo":"html5-boilerplate","user":{"login":"alrra","id":1223565},"owner":"h5bp","id":20681652}
{"_id":{"$oid":"546ea08cbd3543c1fc01d98e"},"commit_id":"aae18f2416f7676f5a6d572f74aeca69475ec6b5","created_at":"2014-11-21T02:11:15Z","updated_at":"2014-11-21T02:11:15Z","repo":"html5-boilerplate","user":{"login":"FagnerMartinsBrack","id":835857},"owner":"h5bp","id":20693489}
{"_id":{"$oid":"54879d8ebd3543905e001bfe"},"commit_id":"aae18f2416f7676f5a6d572f74aeca69475ec6b5","created_at":"2014-11-21T02:11:15Z","updated_at":"2014-11-21T02:11:15Z","repo":"html5-boilerplate","user":{"login":"FagnerMartinsBrack","id":835857},"owner":"h5bp","id":20693489}
{"_id":{"$oid":"5489e77cbd354317d60007de"},"commit_id":"937e4f9d2ee8a758b91169072124dd4a5c54a934","created_at":"2014-12-05T14:08:58Z","updated_at":"2014-12-05T14:08:58Z","repo":"html5-boilerplate","user":{"login":"alrra","id":1223565},"owner":"h5bp","id":21373124}
{"_id":{"$oid":"5489e77cbd354317d60007df"},"commit_id":"937e4f9d2ee8a758b91169072124dd4a5c54a934","created_at":"2014-12-05T14:11:28Z","updated_at":"2014-12-05T14:20:28Z","repo":"html5-boilerplate","user":{"login":"alrra","id":1223565},"owner":"h5bp","id":21373251}
{"_id":{"$oid":"5489e77cbd354317d60007e0"},"commit_id":"937e4f9d2ee8a758b91169072124dd4a5c54a934","created_at":"2014-12-05T14:12:16Z","updated_at":"2014-12-05T14:12:16Z","repo":"html5-boilerplate","user":{"login":"mathiasbynens","id":81942},"owner":"h5bp","id":21373301}
{"_id":{"$oid":"5489e77cbd354317d60007e1"},"commit_id":"937e4f9d2ee8a758b91169072124dd4a5c54a934","created_at":"2014-12-05T14:12:41Z","updated_at":"2014-12-05T14:12:41Z","repo":"html5-boilerplate","user":{"login":"mathiasbynens","id":81942},"owner":"h5bp","id":21373317}
{"_id":{"$oid":"54b68cd9bd3543aa560010dd"},"commit_id":"cf08d88b37214593a05aa25854a2e6adbd048f08","created_at":"2015-01-14T13:23:45Z","updated_at":"2015-01-14T14:01:55Z","repo":"html5-boilerplate","user":{"login":"arthurvr","id":6025224},"owner":"h5bp","id":22935459}
{"_id":{"$oid":"54b7ca67bd3543ebc400068d"},"commit_id":"fb2cf99f010439991ed33e6ead6c3b426a7c43bf","created_at":"2015-01-15T14:10:15Z","updated_at":"2015-01-15T14:10:15Z","repo":"html5-boilerplate","user":{"login":"BLooperZ","id":10459948},"owner":"h5bp","id":23011061}
{"_id":{"$oid":"54b7e79cbd3543ecee000d51"},"commit_id":"fb2cf99f010439991ed33e6ead6c3b426a7c43bf","created_at":"2015-01-15T16:15:05Z","updated_at":"2015-01-15T16:15:05Z","repo":"html5-boilerplate","user":{"login":"arthurvr","id":6025224},"owner":"h5bp","id":23020781}
{"_id":{"$oid":"54b8b09cbd354302780021e5"},"commit_id":"fb2cf99f010439991ed33e6ead6c3b426a7c43bf","created_at":"2015-01-16T06:31:51Z","updated_at":"2015-01-16T06:31:51Z","repo":"html5-boilerplate","user":{"login":"BLooperZ","id":10459948},"owner":"h5bp","id":23065176}
{"_id":{"$oid":"54b8e601bd3543fe3a006b1f"},"commit_id":"13c55325504b0706644f58474241c981dafb17cf","created_at":"2015-01-16T10:20:38Z","updated_at":"2015-01-16T10:20:38Z","repo":"html5-boilerplate","user":{"login":"BLooperZ","id":10459948},"owner":"h5bp","id":23072345}
{"_id":{"$oid":"54ce85bebd35433e9900a450"},"commit_id":"f6c4d5224b856b34b449460c9d25062fdf74064b","created_at":"2015-02-01T19:59:52Z","updated_at":"2015-02-01T19:59:52Z","repo":"html5-boilerplate","user":{"login":"arthurvr","id":6025224},"owner":"h5bp","id":23900586}
{"_id":{"$oid":"54cf1793bd35433e0100b7af"},"commit_id":"f6c4d5224b856b34b449460c9d25062fdf74064b","created_at":"2015-02-02T06:22:00Z","updated_at":"2015-02-02T06:22:00Z","repo":"html5-boilerplate","user":{"login":"mathiasbynens","id":81942},"owner":"h5bp","id":23908556}
{"_id":{"$oid":"54d479b7bd35437b8c00d3b7"},"commit_id":"a3fdbb5551131ab5885a273abd11c860df07f271","created_at":"2015-02-06T08:22:08Z","updated_at":"2015-02-06T08:22:08Z","repo":"html5-boilerplate","user":{"login":"mathiasbynens","id":81942},"owner":"h5bp","id":24227679}
{"_id":{"$oid":"55005d2fbd3543d6ed01f469"},"commit_id":"a3fdbb5551131ab5885a273abd11c860df07f271","created_at":"2015-03-11T15:16:52Z","updated_at":"2015-03-11T15:17:11Z","repo":"html5-boilerplate","user":{"login":"alrra","id":1223565},"owner":"h5bp","id":26220970}
{"_id":{"$oid":"54d30efdbd354373ed0092cb"},"commit_id":"e33330e56ad78af805ae086a939e0c2261ca5a81","created_at":"2015-02-05T06:34:27Z","updated_at":"2015-02-05T06:34:27Z","repo":"html5-boilerplate","user":{"login":"mathiasbynens","id":81942},"owner":"h5bp","id":24145569}
{"_id":{"$oid":"54f4261abd3543cdce0135ea"},"commit_id":"345799c881e19563170bc8007adbe055f90f9e5e","created_at":"2015-03-02T08:57:58Z","updated_at":"2015-03-02T08:57:58Z","repo":"html5-boilerplate","user":{"login":"alrra","id":1223565},"owner":"h5bp","id":25584528}
{"_id":{"$oid":"54f768d5bd3543c58f00467e"},"commit_id":"9eebea42a7c5fcb7944f1fdf81343beff9efd15a","created_at":"2015-03-04T20:17:19Z","updated_at":"2015-03-04T20:17:19Z","repo":"html5-boilerplate","user":{"login":"arthurvr","id":6025224},"owner":"h5bp","id":25809717}
{"_id":{"$oid":"54ffd44abd3543c4e901b5e9"},"commit_id":"db2150c692ca6354472eb4d9601dc580143d830c","created_at":"2015-03-11T05:35:25Z","updated_at":"2015-03-11T05:35:25Z","repo":"html5-boilerplate","user":{"login":"d10","id":813865},"owner":"h5bp","id":26189976}
{"_id":{"$oid":"54ffdb09bd3543d77201d5e4"},"commit_id":"db2150c692ca6354472eb4d9601dc580143d830c","created_at":"2015-03-11T06:04:10Z","updated_at":"2015-03-11T06:04:10Z","repo":"html5-boilerplate","user":{"login":"alrra","id":1223565},"owner":"h5bp","id":26190681}
{"_id":{"$oid":"54ffe5edbd3543d42501d77d"},"commit_id":"dc7874159fce799a3bb4e48117d9465e533730d8","created_at":"2015-03-11T06:49:31Z","updated_at":"2015-03-11T06:49:31Z","repo":"html5-boilerplate","user":{"login":"bartveneman","id":1536852},"owner":"h5bp","id":26191871}
{"_id":{"$oid":"550001a9bd3543d40901d867"},"commit_id":"dc7874159fce799a3bb4e48117d9465e533730d8","created_at":"2015-03-11T08:49:00Z","updated_at":"2015-03-11T08:49:00Z","repo":"html5-boilerplate","user":{"login":"alrra","id":1223565},"owner":"h5bp","id":26195839}
{"_id":{"$oid":"550001a9bd3543d7a201e386"},"commit_id":"dc7874159fce799a3bb4e48117d9465e533730d8","created_at":"2015-03-11T08:49:00Z","updated_at":"2015-03-11T08:49:00Z","repo":"html5-boilerplate","user":{"login":"alrra","id":1223565},"owner":"h5bp","id":26195839}
{"_id":{"$oid":"550001b5bd3543d74301fafd"},"commit_id":"dc7874159fce799a3bb4e48117d9465e533730d8","created_at":"2015-03-11T08:49:02Z","updated_at":"2015-03-11T08:49:52Z","repo":"html5-boilerplate","user":{"login":"alrra","id":1223565},"owner":"h5bp","id":26195844}
{"_id":{"$oid":"5500026bbd3543c56501e9a5"},"commit_id":"dc7874159fce799a3bb4e48117d9465e533730d8","created_at":"2015-03-11T08:52:17Z","updated_at":"2015-03-11T08:52:17Z","repo":"html5-boilerplate","user":{"login":"alrra","id":1223565},"owner":"h5bp","id":26196009}
{"_id":{"$oid":"5500452dbd3543ca4b01bde6"},"commit_id":"dc7874159fce799a3bb4e48117d9465e533730d8","created_at":"2015-03-11T13:35:25Z","updated_at":"2015-03-11T13:35:25Z","repo":"html5-boilerplate","user":{"login":"AllThingsSmitty","id":1682367},"owner":"h5bp","id":26211609}
{"_id":{"$oid":"55007537bd3543c85401dd79"},"commit_id":"eb704d06ec2ef77962ecc006cae6b88ae6f332f2","created_at":"2015-03-11T13:35:40Z","updated_at":"2015-03-11T14:14:05Z","repo":"html5-boilerplate","user":{"login":"AllThingsSmitty","id":1682367},"owner":"h5bp","id":26211626}
{"_id":{"$oid":"5500520fbd3543ca4b01c016"},"commit_id":"aa560692ac1379d67438aa5b711f70627fb34c30","created_at":"2015-03-11T14:31:39Z","updated_at":"2015-03-11T14:31:39Z","repo":"html5-boilerplate","user":{"login":"arthurvr","id":6025224},"owner":"h5bp","id":26216341}
{"_id":{"$oid":"55005280bd3543d40901fa53"},"commit_id":"aa560692ac1379d67438aa5b711f70627fb34c30","created_at":"2015-03-11T14:32:38Z","updated_at":"2015-03-11T14:32:38Z","repo":"html5-boilerplate","user":{"login":"arthurvr","id":6025224},"owner":"h5bp","id":26216446}
{"_id":{"$oid":"5500524ebd3543c540021c60"},"commit_id":"aa560692ac1379d67438aa5b711f70627fb34c30","created_at":"2015-03-11T14:32:59Z","updated_at":"2015-03-11T14:32:59Z","repo":"html5-boilerplate","user":{"login":"arthurvr","id":6025224},"owner":"h5bp","id":26216492}
{"_id":{"$oid":"5500875ebd3543c40401de8e"},"commit_id":"aacc9c46c7a0018730cda27dd08313602ff37140","created_at":"2015-03-11T18:16:46Z","updated_at":"2015-03-11T18:16:46Z","repo":"html5-boilerplate","user":{"login":"battaglr","id":1921409},"owner":"h5bp","id":26239800}
{"_id":{"$oid":"55009cbbbd3543d9c401fc04"},"commit_id":"aacc9c46c7a0018730cda27dd08313602ff37140","created_at":"2015-03-11T19:50:36Z","updated_at":"2015-03-11T19:50:36Z","repo":"html5-boilerplate","user":{"login":"AllThingsSmitty","id":1682367},"owner":"h5bp","id":26248615}
{"_id":{"$oid":"55010b29bd3543c4de020692"},"commit_id":"aacc9c46c7a0018730cda27dd08313602ff37140","created_at":"2015-03-12T03:41:55Z","updated_at":"2015-03-12T03:41:55Z","repo":"html5-boilerplate","user":{"login":"battaglr","id":1921409},"owner":"h5bp","id":26276574}
{"_id":{"$oid":"55018d7dbd3543d312023594"},"commit_id":"aacc9c46c7a0018730cda27dd08313602ff37140","created_at":"2015-03-12T12:57:45Z","updated_at":"2015-03-12T12:57:45Z","repo":"html5-boilerplate","user":{"login":"AllThingsSmitty","id":1682367},"owner":"h5bp","id":26298616}
{"_id":{"$oid":"55019395bd3543ca4b021688"},"commit_id":"aacc9c46c7a0018730cda27dd08313602ff37140","created_at":"2015-03-12T13:23:51Z","updated_at":"2015-03-12T13:23:51Z","repo":"html5-boilerplate","user":{"login":"alrra","id":1223565},"owner":"h5bp","id":26300034}
{"_id":{"$oid":"5501941dbd3543c3750251cf"},"commit_id":"aacc9c46c7a0018730cda27dd08313602ff37140","created_at":"2015-03-12T13:25:16Z","updated_at":"2015-03-12T13:25:25Z","repo":"html5-boilerplate","user":{"login":"mathiasbynens","id":81942},"owner":"h5bp","id":26300139}
{"_id":{"$oid":"55019632bd3543d3120237db"},"commit_id":"aacc9c46c7a0018730cda27dd08313602ff37140","created_at":"2015-03-12T13:34:00Z","updated_at":"2015-03-12T13:34:00Z","repo":"html5-boilerplate","user":{"login":"alrra","id":1223565},"owner":"h5bp","id":26300774}
{"_id":{"$oid":"5502bb13bd3543c4a702685c"},"commit_id":"54ede96c761c3791fd2226d48acfd82f8f2eac90","created_at":"2015-03-12T13:49:23Z","updated_at":"2015-03-12T13:49:42Z","repo":"html5-boilerplate","user":{"login":"alrra","id":1223565},"owner":"h5bp","id":26301888}
{"_id":{"$oid":"5501e7ddbd3543ca4b022b67"},"commit_id":"54ede96c761c3791fd2226d48acfd82f8f2eac90","created_at":"2015-03-12T19:23:11Z","updated_at":"2015-03-12T19:23:11Z","repo":"html5-boilerplate","user":{"login":"AllThingsSmitty","id":1682367},"owner":"h5bp","id":26335501}
{"_id":{"$oid":"550220d3bd3543d301026216"},"commit_id":"54ede96c761c3791fd2226d48acfd82f8f2eac90","created_at":"2015-03-12T23:26:46Z","updated_at":"2015-03-12T23:26:46Z","repo":"html5-boilerplate","user":{"login":"battaglr","id":1921409},"owner":"h5bp","id":26354110}
{"_id":{"$oid":"5502c1babd3543d40902881e"},"commit_id":"54ede96c761c3791fd2226d48acfd82f8f2eac90","created_at":"2015-03-13T10:52:57Z","updated_at":"2015-03-13T10:52:57Z","repo":"html5-boilerplate","user":{"login":"alrra","id":1223565},"owner":"h5bp","id":26377139}
{"_id":{"$oid":"5502c868bd3543d301028730"},"commit_id":"54ede96c761c3791fd2226d48acfd82f8f2eac90","created_at":"2015-03-13T11:20:53Z","updated_at":"2015-03-13T11:20:53Z","repo":"html5-boilerplate","user":{"login":"alrra","id":1223565},"owner":"h5bp","id":26378492}
{"_id":{"$oid":"5502d54dbd3543d772024479"},"commit_id":"54ede96c761c3791fd2226d48acfd82f8f2eac90","created_at":"2015-03-13T12:11:26Z","updated_at":"2015-03-13T12:11:35Z","repo":"html5-boilerplate","user":{"login":"battaglr","id":1921409},"owner":"h5bp","id":26380705}
{"_id":{"$oid":"5502e602bd3543c581028d4e"},"commit_id":"f9bd590f561aecfa872c42b079afd0a9bd5688b0","created_at":"2015-03-13T13:26:35Z","updated_at":"2015-03-13T13:26:35Z","repo":"html5-boilerplate","user":{"login":"AllThingsSmitty","id":1682367},"owner":"h5bp","id":26384754}
{"_id":{"$oid":"55083941bd3543e902006c66"},"commit_id":"f9bd590f561aecfa872c42b079afd0a9bd5688b0","created_at":"2015-03-17T14:24:25Z","updated_at":"2015-03-17T14:24:25Z","repo":"html5-boilerplate","user":{"login":"alrra","id":1223565},"owner":"h5bp","id":26576310}
{"_id":{"$oid":"55031380bd3543d5990255ba"},"commit_id":"370fcc3c7fcf25f4f0a8e77e6238278ea29d7772","created_at":"2015-03-13T16:41:58Z","updated_at":"2015-03-13T16:41:58Z","repo":"html5-boilerplate","user":{"login":"alrra","id":1223565},"owner":"h5bp","id":26401276}
{"_id":{"$oid":"55031818bd3543c37502aa3c"},"commit_id":"c96a046f6620a43e52ed5ac6e6bad3f3cb01c972","created_at":"2015-03-13T17:01:39Z","updated_at":"2015-03-13T17:01:39Z","repo":"html5-boilerplate","user":{"login":"battaglr","id":1921409},"owner":"h5bp","id":26403063}
{"_id":{"$oid":"5523e722bd3543693101c103"},"commit_id":"51013fd5927b02d83fdb2c10f675e5ea8be8771f","created_at":"2015-04-07T14:15:42Z","updated_at":"2015-04-07T14:15:54Z","repo":"html5-boilerplate","user":{"login":"arthurvr","id":6025224},"owner":"h5bp","id":27881255}
{"_id":{"$oid":"5523eb60bd3543623a01a57b"},"commit_id":"ad45e73c47017499fa2466635b6dc9748e23a728","created_at":"2015-04-07T14:36:12Z","updated_at":"2015-04-07T14:36:15Z","repo":"html5-boilerplate","user":{"login":"drublic","id":502487},"owner":"h5bp","id":27883203}
{"_id":{"$oid":"5523ec91bd354369810195f7"},"commit_id":"ad45e73c47017499fa2466635b6dc9748e23a728","created_at":"2015-04-07T14:39:53Z","updated_at":"2015-04-07T14:39:53Z","repo":"html5-boilerplate","user":{"login":"arthurvr","id":6025224},"owner":"h5bp","id":27883569}
{"_id":{"$oid":"5527b718bd354369df0253ad"},"commit_id":"ad45e73c47017499fa2466635b6dc9748e23a728","created_at":"2015-04-10T11:42:04Z","updated_at":"2015-04-10T11:42:04Z","repo":"html5-boilerplate","user":{"login":"alrra","id":1223565},"owner":"h5bp","id":28138362}
{"_id":{"$oid":"553fd204bd354316f7001a89"},"commit_id":"ccb46947a05fa550e6f6fa9dae6ba9e0496234c8","created_at":"2015-04-28T18:30:08Z","updated_at":"2015-04-28T18:30:08Z","repo":"html5-boilerplate","user":{"login":"arthurvr","id":6025224},"owner":"h5bp","id":29273250}
{"_id":{"$oid":"553fd66fbd35430ec00019d3"},"commit_id":"ccb46947a05fa550e6f6fa9dae6ba9e0496234c8","created_at":"2015-04-28T18:49:43Z","updated_at":"2015-04-28T18:50:20Z","repo":"html5-boilerplate","user":{"login":"alrra","id":1223565},"owner":"h5bp","id":29275306}
{"_id":{"$oid":"553ff00abd35430f50001ff4"},"commit_id":"ccb46947a05fa550e6f6fa9dae6ba9e0496234c8","created_at":"2015-04-28T20:38:47Z","updated_at":"2015-04-28T20:38:47Z","repo":"html5-boilerplate","user":{"login":"patrickkettner","id":465414},"owner":"h5bp","id":29285823}
{"_id":{"$oid":"554073dabd35430e970046c2"},"commit_id":"ccb46947a05fa550e6f6fa9dae6ba9e0496234c8","created_at":"2015-04-29T06:01:52Z","updated_at":"2015-04-29T06:01:52Z","repo":"html5-boilerplate","user":{"login":"alrra","id":1223565},"owner":"h5bp","id":29312082}
{"_id":{"$oid":"55407b1dbd35430e10004cb5"},"commit_id":"ccb46947a05fa550e6f6fa9dae6ba9e0496234c8","created_at":"2015-04-29T06:32:43Z","updated_at":"2015-04-29T06:32:43Z","repo":"html5-boilerplate","user":{"login":"mathiasbynens","id":81942},"owner":"h5bp","id":29312880}
{"_id":{"$oid":"5572d837bd35435e14002d98"},"commit_id":"af9ab3bbad5a440d411d75e91e8011e5d1137885","created_at":"2015-06-06T11:23:28Z","updated_at":"2015-06-06T11:23:28Z","repo":"html5-boilerplate","user":{"login":"QWp6t","id":2104321},"owner":"h5bp","id":31867234}
{"_id":{"$oid":"5574998fbd35435feb006dd0"},"commit_id":"cdbe1f99398fa46c5448186e0e5f459c292fc22c","created_at":"2015-06-07T19:20:41Z","updated_at":"2015-06-07T19:20:41Z","repo":"html5-boilerplate","user":{"login":"QWp6t","id":2104321},"owner":"h5bp","id":31879634}
{"_id":{"$oid":"55749968bd35435f9e007102"},"commit_id":"21febcb8fb8f33d49685574dc9c99e35d0a989c4","created_at":"2015-06-07T19:20:02Z","updated_at":"2015-06-07T19:20:02Z","repo":"html5-boilerplate","user":{"login":"QWp6t","id":2104321},"owner":"h5bp","id":31879630}
