{"_id":{"$oid":"51ba3170bd35438172002013"},"repo":"meteor","owner":"meteor","name":"feature"}
{"_id":{"$oid":"51ba3170bd35438172002014"},"repo":"meteor","owner":"meteor","name":"confirmed-bug"}
{"_id":{"$oid":"51ba3170bd35438172002015"},"repo":"meteor","owner":"meteor","name":"unconfirmed-bug"}
{"_id":{"$oid":"51ba3170bd35438172002016"},"repo":"meteor","owner":"meteor","name":"pull-requests-encouraged"}
{"_id":{"$oid":"51ba3170bd35438172002017"},"repo":"meteor","owner":"meteor","name":"good-starter-project"}
{"_id":{"$oid":"52cfe3bdbd3543bc280148d4"},"repo":"meteor","owner":"meteor","name":"confirmed"}
{"_id":{"$oid":"533db274bd3543edb30060db"},"repo":"meteor","owner":"meteor","name":"Blaze"}
{"_id":{"$oid":"534868c7bd3543ee79039f07"},"repo":"meteor","owner":"meteor","name":"needs-repro"}
{"_id":{"$oid":"53ee6041bd3543a356038c9b"},"repo":"meteor","owner":"meteor","name":"0.9.0-rc"}
{"_id":{"$oid":"541cb025bd3543070d000d04"},"repo":"meteor","owner":"meteor","name":"Cordova"}
{"_id":{"$oid":"54b05b6dbd3543bbc3000740"},"repo":"meteor","owner":"meteor","name":"frontpage"}
{"_id":{"$oid":"54b05b6dbd3543bbc3000741"},"repo":"meteor","owner":"meteor","name":"examples"}
{"_id":{"$oid":"54b05b6dbd3543bbc3000742"},"repo":"meteor","owner":"meteor","name":"docs"}
{"_id":{"$oid":"54b05b6dbd3543bbc3000743"},"repo":"meteor","owner":"meteor","name":"Project:DDP"}
{"_id":{"$oid":"54b0751bbd3543aeb0000c3e"},"repo":"meteor","owner":"meteor","name":"Project:Examples"}
{"_id":{"$oid":"54b0751bbd3543aeb0000c3f"},"repo":"meteor","owner":"meteor","name":"Project:Livequery"}
{"_id":{"$oid":"54b0751bbd3543aeb0000c40"},"repo":"meteor","owner":"meteor","name":"Project:Minimongo"}
{"_id":{"$oid":"54b0751bbd3543aeb0000c41"},"repo":"meteor","owner":"meteor","name":"Project:Accounts:Password"}
{"_id":{"$oid":"54b0751bbd3543aeb0000c42"},"repo":"meteor","owner":"meteor","name":"Project:Webapp:Autoupdate"}
{"_id":{"$oid":"54b0751bbd3543aeb0000c43"},"repo":"meteor","owner":"meteor","name":"Project:Tracker"}
{"_id":{"$oid":"54b0751bbd3543aeb0000c44"},"repo":"meteor","owner":"meteor","name":"Project:Webapp"}
{"_id":{"$oid":"54b0751bbd3543aeb0000c45"},"repo":"meteor","owner":"meteor","name":"Project:Mongo Driver"}
{"_id":{"$oid":"54b0751bbd3543aeb0000c46"},"repo":"meteor","owner":"meteor","name":"Project:Isobuild:Minifiers"}
{"_id":{"$oid":"54b0751bbd3543aeb0000c47"},"repo":"meteor","owner":"meteor","name":"Project:Webapp:Appcache"}
{"_id":{"$oid":"54b0751bbd3543aeb0000c48"},"repo":"meteor","owner":"meteor","name":"Project:Blaze:Components"}
{"_id":{"$oid":"54b0751bbd3543aeb0000c49"},"repo":"meteor","owner":"meteor","name":"Project:Imported Packages"}
{"_id":{"$oid":"54b6e103bd3543aa50003c43"},"repo":"meteor","owner":"meteor","name":"Project:www.meteor.com"}
{"_id":{"$oid":"54b6e103bd3543aa50003c44"},"repo":"meteor","owner":"meteor","name":"Project:Docs"}
{"_id":{"$oid":"54b6e103bd3543aa50003c45"},"repo":"meteor","owner":"meteor","name":"Project:Accounts:OAuth"}
{"_id":{"$oid":"54b6e104bd3543aa50003c46"},"repo":"meteor","owner":"meteor","name":"Project:Accounts"}
{"_id":{"$oid":"54b6e104bd3543aa50003c47"},"repo":"meteor","owner":"meteor","name":"Project:Node Environment"}
{"_id":{"$oid":"54b6e104bd3543aa50003c48"},"repo":"meteor","owner":"meteor","name":"Project:Webapp:Spiderable"}
{"_id":{"$oid":"54b6e104bd3543aa50003c49"},"repo":"meteor","owner":"meteor","name":"Project:Tool"}
{"_id":{"$oid":"54b6e104bd3543aa50003c4a"},"repo":"meteor","owner":"meteor","name":"Project:Isobuild:Performance"}
{"_id":{"$oid":"54b6e1babd3543a9fa0033f4"},"repo":"meteor","owner":"meteor","name":"Project:Utilities:Email"}
{"_id":{"$oid":"54b78b1cbd3543bba0006a0a"},"repo":"meteor","owner":"meteor","name":"Project:Isobuild"}
{"_id":{"$oid":"54b78b1cbd3543bba0006a0b"},"repo":"meteor","owner":"meteor","name":"Project:Utilities:HTTP"}
{"_id":{"$oid":"54b78b1cbd3543bba0006a0c"},"repo":"meteor","owner":"meteor","name":"Project:Installer"}
{"_id":{"$oid":"54b78b1cbd3543bba0006a0d"},"repo":"meteor","owner":"meteor","name":"Project:Utilities"}
{"_id":{"$oid":"54b78b1cbd3543bba0006a0e"},"repo":"meteor","owner":"meteor","name":"Project:Version Solver"}
{"_id":{"$oid":"54bea524bd3543e37c004182"},"repo":"meteor","owner":"meteor","name":"Project:Accounts:UI"}
{"_id":{"$oid":"54bea524bd3543e37c004183"},"repo":"meteor","owner":"meteor","name":"Project:Tool:Shell"}
{"_id":{"$oid":"54d104b0bd3543759a0031bb"},"repo":"meteor","owner":"meteor","name":"Project:Blaze"}
{"_id":{"$oid":"54d14039bd354381b800405a"},"repo":"meteor","owner":"meteor","name":"Project:Mobile"}
{"_id":{"$oid":"54d16628bd354387f1003bff"},"repo":"meteor","owner":"meteor","name":"Project:Package Server"}
{"_id":{"$oid":"54d16628bd354387f1003c00"},"repo":"meteor","owner":"meteor","name":"Project:Tinytest"}
{"_id":{"$oid":"54d16628bd354387f1003c01"},"repo":"meteor","owner":"meteor","name":"Project:Webapp:Force SSL"}
{"_id":{"$oid":"54d16628bd354387f1003c02"},"repo":"meteor","owner":"meteor","name":"Project:Webapp:Browser Policy"}
{"_id":{"$oid":"54d16628bd354387f1003c03"},"repo":"meteor","owner":"meteor","name":"Project:EJSON"}
{"_id":{"$oid":"54d16628bd354387f1003c04"},"repo":"meteor","owner":"meteor","name":"Project:Deploy Server"}
{"_id":{"$oid":"54d16628bd354387f1003c05"},"repo":"meteor","owner":"meteor","name":"Project:Blaze:Spacebars"}
{"_id":{"$oid":"54d19fc8bd354375ac00521e"},"repo":"meteor","owner":"meteor","name":"Project:JS Environment"}
{"_id":{"$oid":"54ec12b8bd354376360120db"},"repo":"meteor","owner":"meteor","name":"Project:Accounts (in user apps)"}
{"_id":{"$oid":"54ecf91ebd3543f7bd003858"},"repo":"meteor","owner":"meteor","name":"Project:Developer Accounts"}
{"_id":{"$oid":"54ecf91ebd3543f7bd003859"},"repo":"meteor","owner":"meteor","name":"Project:Server Performance"}
{"_id":{"$oid":"54ee0823bd3543d5aa002363"},"repo":"meteor","owner":"meteor","name":"Project:Windows"}
{"_id":{"$oid":"54ee0823bd3543d5aa002364"},"repo":"meteor","owner":"meteor","name":"Project:Release Process"}
{"_id":{"$oid":"5591975abd3543f0080239ce"},"repo":"meteor","owner":"meteor","name":"Project:DDP:RateLimiter"}
