{"_id":{"$oid":"539f75c3bd3543290604b2b8"},"repo":"rust","owner":"rust-lang","name":"A-runtime"}
{"_id":{"$oid":"539f75c3bd3543290604b2b9"},"repo":"rust","owner":"rust-lang","name":"A-docs"}
{"_id":{"$oid":"539f75c3bd3543290604b2ba"},"repo":"rust","owner":"rust-lang","name":"A-libs"}
{"_id":{"$oid":"539f75c3bd3543290604b2bb"},"repo":"rust","owner":"rust-lang","name":"A-frontend"}
{"_id":{"$oid":"539f75c3bd3543290604b2bc"},"repo":"rust","owner":"rust-lang","name":"E-easy"}
{"_id":{"$oid":"539f75c3bd3543290604b2bd"},"repo":"rust","owner":"rust-lang","name":"I-cleanup"}
{"_id":{"$oid":"539f75c3bd3543290604b2be"},"repo":"rust","owner":"rust-lang","name":"I-completion"}
{"_id":{"$oid":"539f75c3bd3543290604b2bf"},"repo":"rust","owner":"rust-lang","name":"A-typesystem"}
{"_id":{"$oid":"539f75c3bd3543290604b2c0"},"repo":"rust","owner":"rust-lang","name":"A-linkage"}
{"_id":{"$oid":"539f75c3bd3543290604b2c1"},"repo":"rust","owner":"rust-lang","name":"I-wrong"}
{"_id":{"$oid":"539f75c3bd3543290604b2c2"},"repo":"rust","owner":"rust-lang","name":"I-crash"}
{"_id":{"$oid":"539f75c3bd3543290604b2c3"},"repo":"rust","owner":"rust-lang","name":"A-llvm"}
{"_id":{"$oid":"539f75c3bd3543290604b2c4"},"repo":"rust","owner":"rust-lang","name":"A-pretty"}
{"_id":{"$oid":"539f75c3bd3543290604b2c5"},"repo":"rust","owner":"rust-lang","name":"I-slow"}
{"_id":{"$oid":"539f75c3bd3543290604b2c6"},"repo":"rust","owner":"rust-lang","name":"A-driver"}
{"_id":{"$oid":"539f75c3bd3543290604b2c7"},"repo":"rust","owner":"rust-lang","name":"A-testsuite"}
{"_id":{"$oid":"539f75c3bd3543290604b2c8"},"repo":"rust","owner":"rust-lang","name":"A-windows"}
{"_id":{"$oid":"539f75c3bd3543290604b2c9"},"repo":"rust","owner":"rust-lang","name":"A-linux"}
{"_id":{"$oid":"539f75c3bd3543290604b2ca"},"repo":"rust","owner":"rust-lang","name":"A-mac-osx"}
{"_id":{"$oid":"539f75c3bd3543290604b2cb"},"repo":"rust","owner":"rust-lang","name":"A-build"}
{"_id":{"$oid":"539f75c3bd3543290604b2cc"},"repo":"rust","owner":"rust-lang","name":"B-RFC"}
{"_id":{"$oid":"539f75c3bd3543290604b2cd"},"repo":"rust","owner":"rust-lang","name":"A-debuginfo"}
{"_id":{"$oid":"539f75c3bd3543290604b2ce"},"repo":"rust","owner":"rust-lang","name":"A-pkg"}
{"_id":{"$oid":"539f75c3bd3543290604b2cf"},"repo":"rust","owner":"rust-lang","name":"A-rustdoc"}
{"_id":{"$oid":"539f75c3bd3543290604b2d0"},"repo":"rust","owner":"rust-lang","name":"A-freebsd"}
{"_id":{"$oid":"539f75c3bd3543290604b2d1"},"repo":"rust","owner":"rust-lang","name":"I-papercut"}
{"_id":{"$oid":"539f75c3bd3543290604b2d2"},"repo":"rust","owner":"rust-lang","name":"E-hard"}
{"_id":{"$oid":"539f75c3bd3543290604b2d3"},"repo":"rust","owner":"rust-lang","name":"B-clarifying"}
{"_id":{"$oid":"539f75c3bd3543290604b2d4"},"repo":"rust","owner":"rust-lang","name":"I-enhancement"}
{"_id":{"$oid":"539f75c3bd3543290604b2d5"},"repo":"rust","owner":"rust-lang","name":"A-attributes"}
{"_id":{"$oid":"539f75c3bd3543290604b2d6"},"repo":"rust","owner":"rust-lang","name":"A-codegen"}
{"_id":{"$oid":"539f75c3bd3543290604b2d7"},"repo":"rust","owner":"rust-lang","name":"A-lint"}
{"_id":{"$oid":"539f75c3bd3543290604b2d8"},"repo":"rust","owner":"rust-lang","name":"A-syntaxext"}
{"_id":{"$oid":"539f75c3bd3543290604b2d9"},"repo":"rust","owner":"rust-lang","name":"B-reproduce"}
{"_id":{"$oid":"539f75c3bd3543290604b2da"},"repo":"rust","owner":"rust-lang","name":"A-grammar"}
{"_id":{"$oid":"539f75c3bd3543290604b2db"},"repo":"rust","owner":"rust-lang","name":"A-diagnostics"}
{"_id":{"$oid":"539f75c3bd3543290604b2dc"},"repo":"rust","owner":"rust-lang","name":"A-resolve"}
{"_id":{"$oid":"539f75c3bd3543290604b2dd"},"repo":"rust","owner":"rust-lang","name":"I-wishlist"}
{"_id":{"$oid":"539f75c3bd3543290604b2de"},"repo":"rust","owner":"rust-lang","name":"A-lifetimes"}
{"_id":{"$oid":"539f75c3bd3543290604b2df"},"repo":"rust","owner":"rust-lang","name":"I-ICE"}
{"_id":{"$oid":"539f75c3bd3543290604b2e0"},"repo":"rust","owner":"rust-lang","name":"A-concurrency"}
{"_id":{"$oid":"539f75c3bd3543290604b2e1"},"repo":"rust","owner":"rust-lang","name":"A-metadata"}
{"_id":{"$oid":"539f75c3bd3543290604b2e2"},"repo":"rust","owner":"rust-lang","name":"A-versioning"}
{"_id":{"$oid":"539f75c3bd3543290604b2e3"},"repo":"rust","owner":"rust-lang","name":"A-traits"}
{"_id":{"$oid":"539f75c3bd3543290604b2e4"},"repo":"rust","owner":"rust-lang","name":"A-an-interesting-project"}
{"_id":{"$oid":"539f75c3bd3543290604b2e5"},"repo":"rust","owner":"rust-lang","name":"A-android"}
{"_id":{"$oid":"539f75c3bd3543290604b2e6"},"repo":"rust","owner":"rust-lang","name":"A-parser"}
{"_id":{"$oid":"539f75c3bd3543290604b2e7"},"repo":"rust","owner":"rust-lang","name":"A-tools"}
{"_id":{"$oid":"539f75c3bd3543290604b2e8"},"repo":"rust","owner":"rust-lang","name":"A-infrastructure"}
{"_id":{"$oid":"539f75c3bd3543290604b2e9"},"repo":"rust","owner":"rust-lang","name":"I-nominated"}
{"_id":{"$oid":"539f75c3bd3543290604b2ea"},"repo":"rust","owner":"rust-lang","name":"metabug"}
{"_id":{"$oid":"539f75c3bd3543290604b2eb"},"repo":"rust","owner":"rust-lang","name":"A-iOS"}
{"_id":{"$oid":"539f75c3bd3543290604b2ec"},"repo":"rust","owner":"rust-lang","name":"A-instrumentation"}
{"_id":{"$oid":"539f75c3bd3543290604b2ed"},"repo":"rust","owner":"rust-lang","name":"A-destructors"}
{"_id":{"$oid":"539f75c3bd3543290604b2ee"},"repo":"rust","owner":"rust-lang","name":"A-ffi"}
{"_id":{"$oid":"539f75c3bd3543290604b2ef"},"repo":"rust","owner":"rust-lang","name":"A-unicode"}
{"_id":{"$oid":"539f75c3bd3543290604b2f0"},"repo":"rust","owner":"rust-lang","name":"E-needstest"}
{"_id":{"$oid":"539f75c3bd3543290604b2f1"},"repo":"rust","owner":"rust-lang","name":"A-io"}
{"_id":{"$oid":"539f75c3bd3543290604b2f2"},"repo":"rust","owner":"rust-lang","name":"A-reflect"}
{"_id":{"$oid":"539f75c3bd3543290604b2f3"},"repo":"rust","owner":"rust-lang","name":"A-ARM"}
{"_id":{"$oid":"539f75c3bd3543290604b2f4"},"repo":"rust","owner":"rust-lang","name":"A-x86"}
{"_id":{"$oid":"539f75c3bd3543290604b2f5"},"repo":"rust","owner":"rust-lang","name":"A-x86_64"}
{"_id":{"$oid":"539f75c3bd3543290604b2f6"},"repo":"rust","owner":"rust-lang","name":"P-low"}
{"_id":{"$oid":"539f75c3bd3543290604b2f7"},"repo":"rust","owner":"rust-lang","name":"P-high"}
{"_id":{"$oid":"539f75c3bd3543290604b2f8"},"repo":"rust","owner":"rust-lang","name":"P-backcompat-lang"}
{"_id":{"$oid":"539f75c3bd3543290604b2f9"},"repo":"rust","owner":"rust-lang","name":"P-backcompat-libs"}
{"_id":{"$oid":"539f75c3bd3543290604b2fa"},"repo":"rust","owner":"rust-lang","name":"A-benchmarks"}
{"_id":{"$oid":"539f75c3bd3543290604b2fb"},"repo":"rust","owner":"rust-lang","name":"A-freestanding"}
{"_id":{"$oid":"539f75c3bd3543290604b2fc"},"repo":"rust","owner":"rust-lang","name":"I-compiletime"}
{"_id":{"$oid":"539f75c3bd3543290604b2fd"},"repo":"rust","owner":"rust-lang","name":"A-visibility"}
{"_id":{"$oid":"539f75c3bd3543290604b2fe"},"repo":"rust","owner":"rust-lang","name":"E-mentor"}
{"_id":{"$oid":"539f75c3bd3543290604b2ff"},"repo":"rust","owner":"rust-lang","name":"E-tedious"}
{"_id":{"$oid":"539f75c3bd3543290604b300"},"repo":"rust","owner":"rust-lang","name":"B-RFC-approved"}
{"_id":{"$oid":"539f75c3bd3543290604b301"},"repo":"rust","owner":"rust-lang","name":"A-inline-assembly"}
{"_id":{"$oid":"539f75c3bd3543290604b302"},"repo":"rust","owner":"rust-lang","name":"A-mips"}
{"_id":{"$oid":"53c03f56bd354350b9011c33"},"repo":"rust","owner":"rust-lang","name":"A-plugin"}
{"_id":{"$oid":"53edc3abbd3543a409039a91"},"repo":"rust","owner":"rust-lang","name":"A-security"}
{"_id":{"$oid":"53f2fc42bd354384990068ac"},"repo":"rust","owner":"rust-lang","name":"A-closures"}
{"_id":{"$oid":"541e083fbd3543108c00f357"},"repo":"rust","owner":"rust-lang","name":"A-dst"}
{"_id":{"$oid":"5423b103bd3543692901b758"},"repo":"rust","owner":"rust-lang","name":"B-notabug"}
{"_id":{"$oid":"5423b103bd3543692901b759"},"repo":"rust","owner":"rust-lang","name":"A-allocators"}
{"_id":{"$oid":"54247e0dbd3543682a021cdf"},"repo":"rust","owner":"rust-lang","name":"A-servo"}
{"_id":{"$oid":"542b51c0bd354359ef004eaa"},"repo":"rust","owner":"rust-lang","name":"A-macros"}
{"_id":{"$oid":"5434196cbd35436182069e45"},"repo":"rust","owner":"rust-lang","name":"A-amusing"}
{"_id":{"$oid":"546ebdb4bd3543c04c019d84"},"repo":"rust","owner":"rust-lang","name":"B-upstream"}
{"_id":{"$oid":"546ebdb4bd3543c04c019d85"},"repo":"rust","owner":"rust-lang","name":"I-regression"}
{"_id":{"$oid":"546ebdb4bd3543c04c019d86"},"repo":"rust","owner":"rust-lang","name":"A-associated-items"}
{"_id":{"$oid":"54baa4b0bd3543fd3a0167e4"},"repo":"rust","owner":"rust-lang","name":"A-sugar"}
{"_id":{"$oid":"54baa4b0bd3543fd3a0167e5"},"repo":"rust","owner":"rust-lang","name":"A-collections"}
{"_id":{"$oid":"54bb25b6bd3543ede0014a1a"},"repo":"rust","owner":"rust-lang","name":"A-iterators"}
{"_id":{"$oid":"54bb25b6bd3543ede0014a1b"},"repo":"rust","owner":"rust-lang","name":"A-threads"}
{"_id":{"$oid":"54bb25b6bd3543ede0014a1c"},"repo":"rust","owner":"rust-lang","name":"A-cross"}
{"_id":{"$oid":"54cf5bb8bd3543541e00d403"},"repo":"rust","owner":"rust-lang","name":"A-optimization"}
{"_id":{"$oid":"54cf5bb8bd3543541e00d404"},"repo":"rust","owner":"rust-lang","name":"A-borrow-checker"}
{"_id":{"$oid":"54d06d93bd3543738d00163f"},"repo":"rust","owner":"rust-lang","name":"A-book"}
{"_id":{"$oid":"54ed0decbd3543f6ce002f6c"},"repo":"rust","owner":"rust-lang","name":"A-globs"}
{"_id":{"$oid":"54ed0decbd3543f6ce002f6d"},"repo":"rust","owner":"rust-lang","name":"I-needs-decision"}
{"_id":{"$oid":"54ed0decbd3543f6ce002f6e"},"repo":"rust","owner":"rust-lang","name":"A-rustbook"}
{"_id":{"$oid":"553ac794bd35431d92006374"},"repo":"rust","owner":"rust-lang","name":"A-bsd"}
{"_id":{"$oid":"553ac794bd35431d92006375"},"repo":"rust","owner":"rust-lang","name":"P-medium"}
{"_id":{"$oid":"554b9fa7bd354361a10081b6"},"repo":"rust","owner":"rust-lang","name":"A-stability"}
{"_id":{"$oid":"554b9fa7bd354361a10081b7"},"repo":"rust","owner":"rust-lang","name":"beta-nominated"}
{"_id":{"$oid":"555b81fdbd3543fd0c01ea66"},"repo":"rust","owner":"rust-lang","name":"beta-accepted"}
{"_id":{"$oid":"555b81fdbd3543fd0c01ea67"},"repo":"rust","owner":"rust-lang","name":"doc-backport"}
{"_id":{"$oid":"555b81fdbd3543fd0c01ea68"},"repo":"rust","owner":"rust-lang","name":"T-lang"}
{"_id":{"$oid":"555b81febd3543fd0c01ea69"},"repo":"rust","owner":"rust-lang","name":"T-libs"}
{"_id":{"$oid":"556850ebbd35439f9a001e0f"},"repo":"rust","owner":"rust-lang","name":"I-stable-regression"}
{"_id":{"$oid":"556850ebbd35439f9a001e10"},"repo":"rust","owner":"rust-lang","name":"T-tools"}
{"_id":{"$oid":"556a62d4bd3543bef40090eb"},"repo":"rust","owner":"rust-lang","name":"T-compiler"}
