{"_id":{"$oid":"539f6fd1bd35432906049729"},"repo":"rust","owner":"rust-lang","login":"FlaPer87","id":13816}
{"_id":{"$oid":"539f6fd1bd35432906049722"},"repo":"rust","owner":"rust-lang","login":"alexcrichton","id":64996}
{"_id":{"$oid":"539f6fd1bd35432906049723"},"repo":"rust","owner":"rust-lang","login":"aturon","id":709807}
{"_id":{"$oid":"539f6fd1bd35432906049724"},"repo":"rust","owner":"rust-lang","login":"bjz","id":695077}
{"_id":{"$oid":"539f6fd1bd35432906049725"},"repo":"rust","owner":"rust-lang","login":"bors","id":3372342}
{"_id":{"$oid":"539f6fd1bd35432906049726"},"repo":"rust","owner":"rust-lang","login":"brson","id":147214}
{"_id":{"$oid":"539f6fd1bd35432906049727"},"repo":"rust","owner":"rust-lang","login":"cmr","id":704250}
{"_id":{"$oid":"539f6fd1bd35432906049728"},"repo":"rust","owner":"rust-lang","login":"erickt","id":84711}
{"_id":{"$oid":"539f6fd1bd3543290604972a"},"repo":"rust","owner":"rust-lang","login":"huonw","id":1203825}
{"_id":{"$oid":"539f6fd1bd3543290604972b"},"repo":"rust","owner":"rust-lang","login":"kballard","id":714}
{"_id":{"$oid":"539f6fd1bd3543290604972c"},"repo":"rust","owner":"rust-lang","login":"luqmana","id":287063}
{"_id":{"$oid":"539f6fd1bd3543290604972d"},"repo":"rust","owner":"rust-lang","login":"michaelwoerister","id":1825894}
{"_id":{"$oid":"539f6fd1bd3543290604972e"},"repo":"rust","owner":"rust-lang","login":"nick29581","id":762626}
{"_id":{"$oid":"539f6fd1bd3543290604972f"},"repo":"rust","owner":"rust-lang","login":"nikomatsakis","id":155238}
{"_id":{"$oid":"539f6fd1bd35432906049730"},"repo":"rust","owner":"rust-lang","login":"pcwalton","id":157897}
{"_id":{"$oid":"539f6fd1bd35432906049731"},"repo":"rust","owner":"rust-lang","login":"pnkfelix","id":173127}
{"_id":{"$oid":"539f6fd1bd35432906049732"},"repo":"rust","owner":"rust-lang","login":"sfackler","id":1455697}
{"_id":{"$oid":"539f6fd1bd35432906049733"},"repo":"rust","owner":"rust-lang","login":"thestinger","id":1505226}
