{"_id":{"$oid":"525bdfb2bd3543ff5d0002c4"},"repo":"Ghost","owner":"TryGhost","name":"bug"}
{"_id":{"$oid":"525bdfb2bd3543ff5d0002c5"},"repo":"Ghost","owner":"TryGhost","name":"enhancement"}
{"_id":{"$oid":"525bdfb2bd3543ff5d0002c6"},"repo":"Ghost","owner":"TryGhost","name":"mobile"}
{"_id":{"$oid":"525bdfb2bd3543ff5d0002c7"},"repo":"Ghost","owner":"TryGhost","name":"i18n"}
{"_id":{"$oid":"525bdfb2bd3543ff5d0002c8"},"repo":"Ghost","owner":"TryGhost","name":"styles"}
{"_id":{"$oid":"525bdfb2bd3543ff5d0002c9"},"repo":"Ghost","owner":"TryGhost","name":"interactions"}
{"_id":{"$oid":"525bdfb2bd3543ff5d0002ca"},"repo":"Ghost","owner":"TryGhost","name":"docs"}
{"_id":{"$oid":"525bdfb2bd3543ff5d0002cb"},"repo":"Ghost","owner":"TryGhost","name":"feature"}
{"_id":{"$oid":"525bdfb2bd3543ff5d0002cc"},"repo":"Ghost","owner":"TryGhost","name":"themes"}
{"_id":{"$oid":"525bdfb2bd3543ff5d0002cd"},"repo":"Ghost","owner":"TryGhost","name":"plugins"}
{"_id":{"$oid":"525bdfb2bd3543ff5d0002ce"},"repo":"Ghost","owner":"TryGhost","name":"TOP PRIORITY"}
{"_id":{"$oid":"525bdfb2bd3543ff5d0002cf"},"repo":"Ghost","owner":"TryGhost","name":"epic"}
{"_id":{"$oid":"525bdfb2bd3543ff5d0002d0"},"repo":"Ghost","owner":"TryGhost","name":"media"}
{"_id":{"$oid":"525bdfb2bd3543ff5d0002d1"},"repo":"Ghost","owner":"TryGhost","name":"schema"}
{"_id":{"$oid":"525bdfb2bd3543ff5d0002d2"},"repo":"Ghost","owner":"TryGhost","name":"QA"}
{"_id":{"$oid":"525bdfb2bd3543ff5d0002d3"},"repo":"Ghost","owner":"TryGhost","name":"editor"}
{"_id":{"$oid":"5270f45dbd35432a850006fc"},"repo":"Ghost","owner":"TryGhost","name":"awaiting-update"}
{"_id":{"$oid":"5270f45dbd35432a850006fd"},"repo":"Ghost","owner":"TryGhost","name":"infra"}
{"_id":{"$oid":"52765beebd3543c17800008e"},"repo":"Ghost","owner":"TryGhost","name":"database"}
{"_id":{"$oid":"52765beebd3543c17800008f"},"repo":"Ghost","owner":"TryGhost","name":"architecture"}
{"_id":{"$oid":"52838967bd3543531d00009d"},"repo":"Ghost","owner":"TryGhost","name":"data"}
{"_id":{"$oid":"52838967bd3543531d00009e"},"repo":"Ghost","owner":"TryGhost","name":"installation"}
{"_id":{"$oid":"5284038bbd354385e90002d4"},"repo":"Ghost","owner":"TryGhost","name":"apps"}
{"_id":{"$oid":"52e53541bd3543bc1d0aa3d3"},"repo":"Ghost","owner":"TryGhost","name":"users"}
{"_id":{"$oid":"52e53541bd3543bc1d0aa3d4"},"repo":"Ghost","owner":"TryGhost","name":"settings"}
{"_id":{"$oid":"52e53541bd3543bc280ab9b4"},"repo":"Ghost","owner":"TryGhost","name":"has-pr"}
{"_id":{"$oid":"52e53541bd3543bc280ab9b5"},"repo":"Ghost","owner":"TryGhost","name":"users"}
{"_id":{"$oid":"52e53541bd3543bc280ab9b6"},"repo":"Ghost","owner":"TryGhost","name":"settings"}
{"_id":{"$oid":"52e53541bd3543bc560a58a4"},"repo":"Ghost","owner":"TryGhost","name":"settings"}
{"_id":{"$oid":"52ea5140bd3543029700afba"},"repo":"Ghost","owner":"TryGhost","name":"importer"}
{"_id":{"$oid":"52ea5140bd3543029700afbb"},"repo":"Ghost","owner":"TryGhost","name":"maybe0.5"}
{"_id":{"$oid":"53065dfdbd3543abef001018"},"repo":"Ghost","owner":"TryGhost","name":"beginner"}
{"_id":{"$oid":"530e2c0fbd35437a1a001a5a"},"repo":"Ghost","owner":"TryGhost","name":"client"}
{"_id":{"$oid":"530e2c0fbd35437a1a001a5b"},"repo":"Ghost","owner":"TryGhost","name":"server"}
{"_id":{"$oid":"530e2c0fbd35437a1a001a5c"},"repo":"Ghost","owner":"TryGhost","name":"tests"}
{"_id":{"$oid":"530e2c0fbd35437a1a001a5d"},"repo":"Ghost","owner":"TryGhost","name":"ghost-ui"}
{"_id":{"$oid":"53110018bd354379b7013e9a"},"repo":"Ghost","owner":"TryGhost","name":"api"}
{"_id":{"$oid":"5377b723bd35439e3e004551"},"repo":"Ghost","owner":"TryGhost","name":"help wanted"}
{"_id":{"$oid":"538209d8bd35433191000b2c"},"repo":"Ghost","owner":"TryGhost","name":"ember"}
{"_id":{"$oid":"53dcc388bd354334c0035a82"},"repo":"Ghost","owner":"TryGhost","name":"notifications"}
{"_id":{"$oid":"53e29870bd3543a346000802"},"repo":"Ghost","owner":"TryGhost","name":"tags"}
{"_id":{"$oid":"53ecaa22bd3543a49e03fdbc"},"repo":"Ghost","owner":"TryGhost","name":"next"}
{"_id":{"$oid":"54207508bd35436804003d4d"},"repo":"Ghost","owner":"TryGhost","name":"design"}
{"_id":{"$oid":"54207508bd35436804003d4e"},"repo":"Ghost","owner":"TryGhost","name":"css"}
{"_id":{"$oid":"542359a0bd354368440172f8"},"repo":"Ghost","owner":"TryGhost","name":"blocker"}
{"_id":{"$oid":"54589412bd3543e38d013384"},"repo":"Ghost","owner":"TryGhost","name":"OAuth"}
{"_id":{"$oid":"558d3cb6bd3543f03a012995"},"repo":"Ghost","owner":"TryGhost","name":"later"}
