{"_id":{"$oid":"51b726a81b66c0aa9c000014"},"repo":"rails","owner":"rails","name":"Identity Map"}
{"_id":{"$oid":"520a0456bd3543dffd0019cf"},"repo":"rails","owner":"rails","name":"bug"}
{"_id":{"$oid":"520a0456bd3543dffd0019d0"},"repo":"rails","owner":"rails","name":"regression"}
{"_id":{"$oid":"520a0456bd3543dffd0019d1"},"repo":"rails","owner":"rails","name":"enhancement"}
{"_id":{"$oid":"520a0456bd3543dffd0019d2"},"repo":"rails","owner":"rails","name":"actionmailer"}
{"_id":{"$oid":"520a0456bd3543dffd0019d3"},"repo":"rails","owner":"rails","name":"actionpack"}
{"_id":{"$oid":"520a0456bd3543dffd0019d4"},"repo":"rails","owner":"rails","name":"activemodel"}
{"_id":{"$oid":"520a0456bd3543dffd0019d5"},"repo":"rails","owner":"rails","name":"activerecord"}
{"_id":{"$oid":"520a0456bd3543dffd0019d6"},"repo":"rails","owner":"rails","name":"activesupport"}
{"_id":{"$oid":"520a0456bd3543dffd0019d7"},"repo":"rails","owner":"rails","name":"railties"}
{"_id":{"$oid":"520a0456bd3543dffd0019d8"},"repo":"rails","owner":"rails","name":"reviewed"}
{"_id":{"$oid":"520a0456bd3543dffd0019d9"},"repo":"rails","owner":"rails","name":"needs feedback"}
{"_id":{"$oid":"520a0456bd3543dffd0019da"},"repo":"rails","owner":"rails","name":"asset pipeline"}
{"_id":{"$oid":"520a0456bd3543dffd0019db"},"repo":"rails","owner":"rails","name":"3-1-stable"}
{"_id":{"$oid":"520a0456bd3543dffd0019dc"},"repo":"rails","owner":"rails","name":"3-0-stable"}
{"_id":{"$oid":"520a0456bd3543dffd0019dd"},"repo":"rails","owner":"rails","name":"third party issue"}
{"_id":{"$oid":"520a0456bd3543dffd0019de"},"repo":"rails","owner":"rails","name":"docs"}
{"_id":{"$oid":"520a0456bd3543dffd0019df"},"repo":"rails","owner":"rails","name":"i18n"}
{"_id":{"$oid":"520a0456bd3543dffd0019e0"},"repo":"rails","owner":"rails","name":"3-2-stable"}
{"_id":{"$oid":"520a0456bd3543dffd0019e1"},"repo":"rails","owner":"rails","name":"2-3-stable"}
{"_id":{"$oid":"520a0456bd3543dffd0019e2"},"repo":"rails","owner":"rails","name":"actionview"}
{"_id":{"$oid":"520a0456bd3543dffd0019e3"},"repo":"rails","owner":"rails","name":"discussion "}
{"_id":{"$oid":"520a0456bd3543dffd0019e4"},"repo":"rails","owner":"rails","name":"Important"}
{"_id":{"$oid":"520a0456bd3543dffd0019e5"},"repo":"rails","owner":"rails","name":"oracle"}
{"_id":{"$oid":"520a0456bd3543dffd0019e6"},"repo":"rails","owner":"rails","name":"engines"}
{"_id":{"$oid":"520a0456bd3543dffd0019e7"},"repo":"rails","owner":"rails","name":"onhold"}
{"_id":{"$oid":"520a0456bd3543dffd0019e8"},"repo":"rails","owner":"rails","name":"JRuby"}
{"_id":{"$oid":"520a0456bd3543dffd0019e9"},"repo":"rails","owner":"rails","name":"stale"}
{"_id":{"$oid":"520a0456bd3543dffd0019ea"},"repo":"rails","owner":"rails","name":"rack-head"}
{"_id":{"$oid":"520a0456bd3543dffd0019eb"},"repo":"rails","owner":"rails","name":"jobs"}
{"_id":{"$oid":"520a0456bd3543dffd0019ec"},"repo":"rails","owner":"rails","name":"routing"}
{"_id":{"$oid":"520a0456bd3543dffd0019ed"},"repo":"rails","owner":"rails","name":"4-0-stable"}
{"_id":{"$oid":"520a0456bd3543dffd0019ee"},"repo":"rails","owner":"rails","name":"master"}
{"_id":{"$oid":"520a0456bd3543dffd0019ef"},"repo":"rails","owner":"rails","name":"attached PR"}
{"_id":{"$oid":"520a0456bd3543dffd0019f0"},"repo":"rails","owner":"rails","name":"Level:Easy"}
{"_id":{"$oid":"520a0456bd3543dffd0019f1"},"repo":"rails","owner":"rails","name":"Level:Intermediary"}
{"_id":{"$oid":"52a9cc29bd3543c19a0002b6"},"repo":"rails","owner":"rails","name":"rubinius"}
{"_id":{"$oid":"52a9cc29bd3543c19a0002b7"},"repo":"rails","owner":"rails","name":"deep_munge"}
{"_id":{"$oid":"52a9cc29bd3543c19a0002b8"},"repo":"rails","owner":"rails","name":"PostgreSQL"}
{"_id":{"$oid":"52f62b82bd3543900101ee00"},"repo":"rails","owner":"rails","name":"openacademy"}
{"_id":{"$oid":"53424545bd3543ee1b020081"},"repo":"rails","owner":"rails","name":"last call"}
{"_id":{"$oid":"53424545bd3543ee1b020082"},"repo":"rails","owner":"rails","name":"4-1-stable"}
{"_id":{"$oid":"541d67f8bd35430e4000a8cb"},"repo":"rails","owner":"rails","name":"security"}
{"_id":{"$oid":"541d67f8bd35430e4000a8cc"},"repo":"rails","owner":"rails","name":"GSoC"}
{"_id":{"$oid":"541d67f8bd35430e4000a8cd"},"repo":"rails","owner":"rails","name":"activejob"}
{"_id":{"$oid":"541d67f8bd35430e4000a8ce"},"repo":"rails","owner":"rails","name":"release blocker"}
{"_id":{"$oid":"5420ee3fbd3543689100c202"},"repo":"rails","owner":"rails","name":"enum"}
{"_id":{"$oid":"5421b9b4bd3543685000e4e3"},"repo":"rails","owner":"rails","name":"With reproduction steps"}
{"_id":{"$oid":"546e4ce6bd3543bff001a303"},"repo":"rails","owner":"rails","name":"pinned"}
