{"_id":{"$oid":"50ad7199edecb574a3010f9e"},"repo":"rails","owner":"rails","login":"NZKoz","id":197}
{"_id":{"$oid":"510a98d3bd35431b51000921"},"repo":"rails","owner":"rails","login":"amatsuda","id":11493}
{"_id":{"$oid":"50ad7199edecb574a3010f9f"},"repo":"rails","owner":"rails","login":"arunagw","id":3948}
{"_id":{"$oid":"50ad7199edecb574a3010fa0"},"repo":"rails","owner":"rails","login":"carllerche","id":6180}
{"_id":{"$oid":"50ad7199edecb574a3010fa1"},"repo":"rails","owner":"rails","login":"carlosantoniodasilva","id":26328}
{"_id":{"$oid":"52af1c89bd354312b5000085"},"repo":"rails","owner":"rails","login":"chancancode","id":55829}
{"_id":{"$oid":"50ad7199edecb574a3010fa2"},"repo":"rails","owner":"rails","login":"dhh","id":2741}
{"_id":{"$oid":"52af1c89bd354312b5000086"},"repo":"rails","owner":"rails","login":"dmathieu","id":9347}
{"_id":{"$oid":"50ad7199edecb574a3010fa3"},"repo":"rails","owner":"rails","login":"drogus","id":5004}
{"_id":{"$oid":"50ad7199edecb574a3010fa4"},"repo":"rails","owner":"rails","login":"frodsan","id":840464}
{"_id":{"$oid":"50ad7199edecb574a3010fa5"},"repo":"rails","owner":"rails","login":"fxn","id":3387}
{"_id":{"$oid":"50ad7199edecb574a3010fa6"},"repo":"rails","owner":"rails","login":"gbuesing","id":6653}
{"_id":{"$oid":"50ad7199edecb574a3010fa7"},"repo":"rails","owner":"rails","login":"guilleiguaran","id":160941}
{"_id":{"$oid":"50ad7199edecb574a3010fa8"},"repo":"rails","owner":"rails","login":"jamis","id":1627}
{"_id":{"$oid":"50ad7199edecb574a3010fa9"},"repo":"rails","owner":"rails","login":"jeremy","id":199}
{"_id":{"$oid":"50ad7199edecb574a3010faa"},"repo":"rails","owner":"rails","login":"jonleighton","id":1979}
{"_id":{"$oid":"50ad7199edecb574a3010fab"},"repo":"rails","owner":"rails","login":"josevalim","id":9582}
{"_id":{"$oid":"510a98d3bd35431b51000922"},"repo":"rails","owner":"rails","login":"josh","id":137}
{"_id":{"$oid":"50ad7199edecb574a3010fac"},"repo":"rails","owner":"rails","login":"kennyj","id":13426}
{"_id":{"$oid":"52af1c89bd354312b5000087"},"repo":"rails","owner":"rails","login":"laurocaetano","id":611891}
{"_id":{"$oid":"50ad7199edecb574a3010fad"},"repo":"rails","owner":"rails","login":"lifo","id":91}
{"_id":{"$oid":"50ad7199edecb574a3010fae"},"repo":"rails","owner":"rails","login":"mikel","id":3366}
{"_id":{"$oid":"519c8767bd3543e6740216c7"},"repo":"rails","owner":"rails","login":"neerajdotname","id":6399}
{"_id":{"$oid":"50ad7199edecb574a3010faf"},"repo":"rails","owner":"rails","login":"pixeltrix","id":6321}
{"_id":{"$oid":"50ad7199edecb574a3010fb0"},"repo":"rails","owner":"rails","login":"rafaelfranca","id":47848}
{"_id":{"$oid":"52af1c89bd354312b5000088"},"repo":"rails","owner":"rails","login":"robin850","id":354185}
{"_id":{"$oid":"519c8767bd3543e6740216c8"},"repo":"rails","owner":"rails","login":"schneems","id":59744}
{"_id":{"$oid":"50bdc80cedecb510b700096f"},"repo":"rails","owner":"rails","login":"senny","id":5402}
{"_id":{"$oid":"50ad7199edecb574a3010fb1"},"repo":"rails","owner":"rails","login":"sikachu","id":4912}
{"_id":{"$oid":"50ad7199edecb574a3010fb2"},"repo":"rails","owner":"rails","login":"spastorino","id":52642}
{"_id":{"$oid":"510a98d3bd35431b51000923"},"repo":"rails","owner":"rails","login":"sstephenson","id":2603}
{"_id":{"$oid":"50ad7199edecb574a3010fb3"},"repo":"rails","owner":"rails","login":"steveklabnik","id":27786}
{"_id":{"$oid":"52af1c89bd354312b5000089"},"repo":"rails","owner":"rails","login":"strzalek","id":11562}
{"_id":{"$oid":"50ad7199edecb574a3010fb4"},"repo":"rails","owner":"rails","login":"tenderlove","id":3124}
{"_id":{"$oid":"50ad7199edecb574a3010fb5"},"repo":"rails","owner":"rails","login":"tobi","id":347}
{"_id":{"$oid":"50ad7199edecb574a3010fb6"},"repo":"rails","owner":"rails","login":"vijaydev","id":146214}
{"_id":{"$oid":"50ad7199edecb574a3010fb7"},"repo":"rails","owner":"rails","login":"wycats","id":4}
