{"_id":{"$oid":"51bf5c34bd35432b2b000296"},"repo":"react","owner":"facebook","name":"bug"}
{"_id":{"$oid":"51bf5c34bd35432b2b000297"},"repo":"react","owner":"facebook","name":"duplicate"}
{"_id":{"$oid":"51bf5c34bd35432b2b000298"},"repo":"react","owner":"facebook","name":"enhancement"}
{"_id":{"$oid":"51bf5c34bd35432b2b000299"},"repo":"react","owner":"facebook","name":"invalid"}
{"_id":{"$oid":"51bf5c35bd35432b2b00029a"},"repo":"react","owner":"facebook","name":"question"}
{"_id":{"$oid":"51bf5c35bd35432b2b00029b"},"repo":"react","owner":"facebook","name":"wontfix"}
{"_id":{"$oid":"51d8f76d4681246a6a000035"},"repo":"react","owner":"facebook","name":"documentation"}
{"_id":{"$oid":"520c152fbd3543a339000031"},"repo":"react","owner":"facebook","name":"good first bug"}
{"_id":{"$oid":"527d8a7abd354373e5000011"},"repo":"react","owner":"facebook","name":"0 - Backlog"}
{"_id":{"$oid":"527d8a7abd354373e5000012"},"repo":"react","owner":"facebook","name":"1 - Ready"}
{"_id":{"$oid":"527d8a7abd354373e5000013"},"repo":"react","owner":"facebook","name":"2 - Working"}
{"_id":{"$oid":"527d8a7abd354373e5000014"},"repo":"react","owner":"facebook","name":"3 - Done"}
{"_id":{"$oid":"52a860ecbd35431e5c000557"},"repo":"react","owner":"facebook","name":"Safari"}
{"_id":{"$oid":"52a860ecbd35431e5c000558"},"repo":"react","owner":"facebook","name":"IE"}
{"_id":{"$oid":"52b4ae2abd354315d401f66d"},"repo":"react","owner":"facebook","name":"website"}
{"_id":{"$oid":"52b4ae2abd354315d401f66e"},"repo":"react","owner":"facebook","name":"build/tooling"}
{"_id":{"$oid":"52cf0e52bd3543bc6d009295"},"repo":"react","owner":"facebook","name":"addons"}
{"_id":{"$oid":"52cf0e52bd3543bc6d009296"},"repo":"react","owner":"facebook","name":"wishlist"}
{"_id":{"$oid":"52d47556bd3543bcfe04ead3"},"repo":"react","owner":"facebook","name":"release"}
{"_id":{"$oid":"5303ba90bd3543f5d7007155"},"repo":"react","owner":"facebook","name":"CLA signed"}
{"_id":{"$oid":"5303ba90bd3543f5d7007156"},"repo":"react","owner":"facebook","name":"CLA needed"}
{"_id":{"$oid":"5303ba90bd3543f5d7007157"},"repo":"react","owner":"facebook","name":"Internal diff needed"}
{"_id":{"$oid":"5303ba90bd3543f5d7007158"},"repo":"react","owner":"facebook","name":"Internal diff created"}
{"_id":{"$oid":"5303ba90bd3543f5d7007159"},"repo":"react","owner":"facebook","name":"Internal diff accepted"}
{"_id":{"$oid":"5303ba90bd3543f5d700715a"},"repo":"react","owner":"facebook","name":"Internal diff N/A"}
{"_id":{"$oid":"53f2a428bd35438458000a52"},"repo":"react","owner":"facebook","name":"Flux"}
{"_id":{"$oid":"53f2a428bd35438458000a53"},"repo":"react","owner":"facebook","name":"reconsider-for-1.0"}
{"_id":{"$oid":"53f2a428bd35438458000a54"},"repo":"react","owner":"facebook","name":"needs-revision"}
{"_id":{"$oid":"53f2a428bd35438458000a55"},"repo":"react","owner":"facebook","name":"feature request"}
{"_id":{"$oid":"53f2a428bd35438458000a56"},"repo":"react","owner":"facebook","name":"JSXTransformer"}
{"_id":{"$oid":"5421e2a6bd3543677900eff5"},"repo":"react","owner":"facebook","name":"GH Review: needs-revision"}
{"_id":{"$oid":"5421e2a6bd3543677900eff6"},"repo":"react","owner":"facebook","name":"SVG"}
{"_id":{"$oid":"5435ae9dbd3543ffb6006510"},"repo":"react","owner":"facebook","name":"DOM elements/attributes"}
{"_id":{"$oid":"5445a5debd3543a1c40361d4"},"repo":"react","owner":"facebook","name":"Browser: Safari"}
{"_id":{"$oid":"5445a5debd3543a1c40361d5"},"repo":"react","owner":"facebook","name":"Browser: IE"}
{"_id":{"$oid":"5445a5debd3543a1c40361d6"},"repo":"react","owner":"facebook","name":"Component: JSXTransformer"}
{"_id":{"$oid":"5445a5debd3543a1c40361d7"},"repo":"react","owner":"facebook","name":"GH Review: review-needed"}
{"_id":{"$oid":"5445a5debd3543a1c40361d8"},"repo":"react","owner":"facebook","name":"GH Review: accepted"}
{"_id":{"$oid":"5445a5debd3543a1c40361d9"},"repo":"react","owner":"facebook","name":"GH Review: merge-now"}
{"_id":{"$oid":"5445a5debd3543a1c40361da"},"repo":"react","owner":"facebook","name":"Component: Addons / ReactLink"}
{"_id":{"$oid":"5445a5debd3543a1c40361db"},"repo":"react","owner":"facebook","name":"JSX (React Flavored)"}
{"_id":{"$oid":"545194bbbd3543a1f106470b"},"repo":"react","owner":"facebook","name":"GH Review: shipped"}
{"_id":{"$oid":"545194bbbd3543a1f106470c"},"repo":"react","owner":"facebook","name":"Component: Addons / Update"}
{"_id":{"$oid":"5480adb8bd35435d410059ef"},"repo":"react","owner":"facebook","name":"Component: Addons / TransitionGroup"}
{"_id":{"$oid":"5480adb8bd35435d410059f0"},"repo":"react","owner":"facebook","name":"Component: Core"}
{"_id":{"$oid":"5487ffc0bd3543903f003ff0"},"repo":"react","owner":"facebook","name":"Type: Bug"}
{"_id":{"$oid":"5487ffc0bd3543903f003ff1"},"repo":"react","owner":"facebook","name":"Resolution: Duplicate"}
{"_id":{"$oid":"5487ffc0bd3543903f003ff2"},"repo":"react","owner":"facebook","name":"Type: Enhancement"}
{"_id":{"$oid":"5488d215bd354329ec00063c"},"repo":"react","owner":"facebook","name":"Resolution: Invalid"}
{"_id":{"$oid":"5488d215bd354329ec00063d"},"repo":"react","owner":"facebook","name":"Type: Question"}
{"_id":{"$oid":"5488d215bd354329ec00063e"},"repo":"react","owner":"facebook","name":"Resolution: Wontfix"}
{"_id":{"$oid":"5488d215bd354329ec00063f"},"repo":"react","owner":"facebook","name":"Component: Documentation \u0026 Website"}
{"_id":{"$oid":"5488d215bd354329ec000640"},"repo":"react","owner":"facebook","name":"Component: Build \u0026 Tooling"}
{"_id":{"$oid":"5488d215bd354329ec000641"},"repo":"react","owner":"facebook","name":"CLA: Signed"}
{"_id":{"$oid":"5488d215bd354329ec000642"},"repo":"react","owner":"facebook","name":"CLA: Needed"}
{"_id":{"$oid":"5488d215bd354329ec000643"},"repo":"react","owner":"facebook","name":"Internal Diff: Needed"}
{"_id":{"$oid":"5488d215bd354329ec000644"},"repo":"react","owner":"facebook","name":"Internal Diff: Created"}
{"_id":{"$oid":"5488d215bd354329ec000645"},"repo":"react","owner":"facebook","name":"Internal Diff: Accepted"}
{"_id":{"$oid":"5488d215bd354329ec000646"},"repo":"react","owner":"facebook","name":"Internal Diff: N/A"}
{"_id":{"$oid":"5488d215bd354329ec000647"},"repo":"react","owner":"facebook","name":"Type: Feature Request"}
{"_id":{"$oid":"5488e1a6bd354339dd00099e"},"repo":"react","owner":"facebook","name":"Component: DOM (elements \u0026 attributes)"}
{"_id":{"$oid":"5488e1a6bd354339dd00099f"},"repo":"react","owner":"facebook","name":"Component: Addons / TestUtils"}
{"_id":{"$oid":"5488e1a6bd354339dd0009a0"},"repo":"react","owner":"facebook","name":"Component: Events"}
{"_id":{"$oid":"5488e1a6bd354339dd0009a1"},"repo":"react","owner":"facebook","name":"Component: Controlled Components"}
{"_id":{"$oid":"5488e1a6bd354339dd0009a2"},"repo":"react","owner":"facebook","name":"Component: Addons / Perf"}
{"_id":{"$oid":"5488e1a6bd354339dd0009a3"},"repo":"react","owner":"facebook","name":"Status: Unconfirmed"}
{"_id":{"$oid":"5488e1a6bd354339dd0009a4"},"repo":"react","owner":"facebook","name":"Status: New"}
{"_id":{"$oid":"5488e1a6bd354339dd0009a5"},"repo":"react","owner":"facebook","name":"Component: DOM (general issues)"}
{"_id":{"$oid":"5488e1a6bd354339dd0009a6"},"repo":"react","owner":"facebook","name":"Component: Server Rendering"}
{"_id":{"$oid":"54e677b7bd35437f09017cff"},"repo":"react","owner":"facebook","name":"Component: ReactTools"}
{"_id":{"$oid":"54e677b7bd35437f09017d00"},"repo":"react","owner":"facebook","name":"Type: Regression"}
{"_id":{"$oid":"5553ccf2bd3543fd680036c8"},"repo":"react","owner":"facebook","name":"Component: NPM ReactTools"}
{"_id":{"$oid":"5553ccf2bd3543fd680036c9"},"repo":"react","owner":"facebook","name":"Component: Optimizing Compiler"}
{"_id":{"$oid":"5553ccf2bd3543fd680036ca"},"repo":"react","owner":"facebook","name":"Documentation: needs merge to stable"}
{"_id":{"$oid":"5553ccf2bd3543fd680036cb"},"repo":"react","owner":"facebook","name":"CLA Signed"}
{"_id":{"$oid":"5553ccf3bd3543fd680036cc"},"repo":"react","owner":"facebook","name":"Component: Addons / TestUtils / Shallow Render"}
{"_id":{"$oid":"5553ccf3bd3543fd680036cd"},"repo":"react","owner":"facebook","name":"Component: NPM React"}
{"_id":{"$oid":"5553ccf3bd3543fd680036ce"},"repo":"react","owner":"facebook","name":"Component: Classic"}
