{"_id":{"$oid":"54ba4bc7bd3543143d003605"},"created_at":"2014-06-30T04:12:56Z","actor":{"login":"vinta","id":652070},"event":"referenced","repo":"awesome-python","issue_id":1,"owner":"vinta","id":136354348}
{"_id":{"$oid":"54ba4bc7bd3543143d003606"},"created_at":"2014-06-30T04:12:56Z","actor":{"login":"vinta","id":652070},"event":"merged","repo":"awesome-python","issue_id":1,"owner":"vinta","id":136354349}
{"_id":{"$oid":"54ba4bc7bd3543143d003607"},"created_at":"2014-06-30T04:12:56Z","actor":{"login":"vinta","id":652070},"event":"closed","repo":"awesome-python","issue_id":1,"owner":"vinta","id":136354350}
{"_id":{"$oid":"54ba4bc7bd3543143d003608"},"created_at":"2014-09-23T15:03:57Z","actor":{"login":"dahlia","id":12431},"event":"referenced","repo":"awesome-python","issue_id":1,"owner":"vinta","id":169062931}
{"_id":{"$oid":"54ba4bd4bd3543143d003609"},"created_at":"2014-06-30T14:22:17Z","actor":{"login":"vinta","id":652070},"event":"referenced","repo":"awesome-python","issue_id":2,"owner":"vinta","id":136523323}
{"_id":{"$oid":"54ba4bd4bd3543143d00360a"},"created_at":"2014-06-30T14:22:17Z","actor":{"login":"vinta","id":652070},"event":"merged","repo":"awesome-python","issue_id":2,"owner":"vinta","id":136523324}
{"_id":{"$oid":"54ba4bd4bd3543143d00360b"},"created_at":"2014-06-30T14:22:17Z","actor":{"login":"vinta","id":652070},"event":"closed","repo":"awesome-python","issue_id":2,"owner":"vinta","id":136523326}
{"_id":{"$oid":"54ba4bd4bd3543143d00360c"},"created_at":"2014-09-23T15:03:57Z","actor":{"login":"dahlia","id":12431},"event":"referenced","repo":"awesome-python","issue_id":2,"owner":"vinta","id":169062933}
{"_id":{"$oid":"54ba4be3bd3543143d00360d"},"created_at":"2014-06-30T14:42:09Z","actor":{"login":"vinta","id":652070},"event":"closed","repo":"awesome-python","issue_id":3,"owner":"vinta","id":136532721}
{"_id":{"$oid":"54ba4be3bd3543143d00360e"},"created_at":"2014-09-23T15:03:57Z","actor":{"login":"dahlia","id":12431},"event":"referenced","repo":"awesome-python","issue_id":3,"owner":"vinta","id":169062935}
{"_id":{"$oid":"54ba4bf2bd3543143d00360f"},"created_at":"2014-06-30T15:41:19Z","actor":{"login":"vinta","id":652070},"event":"referenced","repo":"awesome-python","issue_id":4,"owner":"vinta","id":136562493}
{"_id":{"$oid":"54ba4bf2bd3543143d003610"},"created_at":"2014-06-30T15:41:19Z","actor":{"login":"vinta","id":652070},"event":"merged","repo":"awesome-python","issue_id":4,"owner":"vinta","id":136562494}
{"_id":{"$oid":"54ba4bf2bd3543143d003611"},"created_at":"2014-06-30T15:41:19Z","actor":{"login":"vinta","id":652070},"event":"closed","repo":"awesome-python","issue_id":4,"owner":"vinta","id":136562495}
{"_id":{"$oid":"54ba4bf2bd3543143d003612"},"created_at":"2014-09-23T15:03:57Z","actor":{"login":"dahlia","id":12431},"event":"referenced","repo":"awesome-python","issue_id":4,"owner":"vinta","id":169062938}
{"_id":{"$oid":"54ba4c01bd3543143d003613"},"created_at":"2014-06-30T15:41:31Z","actor":{"login":"vinta","id":652070},"event":"referenced","repo":"awesome-python","issue_id":5,"owner":"vinta","id":136562571}
{"_id":{"$oid":"54ba4c01bd3543143d003614"},"created_at":"2014-06-30T15:41:31Z","actor":{"login":"vinta","id":652070},"event":"merged","repo":"awesome-python","issue_id":5,"owner":"vinta","id":136562572}
{"_id":{"$oid":"54ba4c01bd3543143d003615"},"created_at":"2014-06-30T15:41:31Z","actor":{"login":"vinta","id":652070},"event":"closed","repo":"awesome-python","issue_id":5,"owner":"vinta","id":136562574}
{"_id":{"$oid":"54ba4c01bd3543143d003616"},"created_at":"2014-06-30T15:45:12Z","actor":{"login":"JoseRoman","id":4240075},"event":"head_ref_deleted","repo":"awesome-python","issue_id":5,"owner":"vinta","id":136564632}
{"_id":{"$oid":"54ba4c01bd3543143d003617"},"created_at":"2014-06-30T15:45:18Z","actor":{"login":"JoseRoman","id":4240075},"event":"head_ref_restored","repo":"awesome-python","issue_id":5,"owner":"vinta","id":136564685}
{"_id":{"$oid":"54ba4c10bd3543143d003618"},"created_at":"2014-06-30T16:45:51Z","actor":{"login":"vinta","id":652070},"event":"referenced","repo":"awesome-python","issue_id":6,"owner":"vinta","id":136590558}
{"_id":{"$oid":"54ba4c10bd3543143d003619"},"created_at":"2014-06-30T16:45:51Z","actor":{"login":"vinta","id":652070},"event":"merged","repo":"awesome-python","issue_id":6,"owner":"vinta","id":136590559}
{"_id":{"$oid":"54ba4c10bd3543143d00361a"},"created_at":"2014-06-30T16:45:51Z","actor":{"login":"vinta","id":652070},"event":"closed","repo":"awesome-python","issue_id":6,"owner":"vinta","id":136590560}
{"_id":{"$oid":"54ba4c10bd3543143d00361b"},"created_at":"2014-09-23T15:03:57Z","actor":{"login":"dahlia","id":12431},"event":"referenced","repo":"awesome-python","issue_id":6,"owner":"vinta","id":169062937}
{"_id":{"$oid":"54ba4c1fbd3543143d00361c"},"created_at":"2014-06-30T16:54:58Z","actor":{"login":"vinta","id":652070},"event":"merged","repo":"awesome-python","issue_id":7,"owner":"vinta","id":136594711}
{"_id":{"$oid":"54ba4c1fbd3543143d00361d"},"created_at":"2014-06-30T16:54:58Z","actor":{"login":"vinta","id":652070},"event":"closed","repo":"awesome-python","issue_id":7,"owner":"vinta","id":136594712}
{"_id":{"$oid":"54ba4c2abd3543143d00361e"},"created_at":"2014-06-30T17:24:05Z","actor":{"login":"vinta","id":652070},"event":"referenced","repo":"awesome-python","issue_id":8,"owner":"vinta","id":136607231}
{"_id":{"$oid":"54ba4c2abd3543143d00361f"},"created_at":"2014-06-30T17:24:05Z","actor":{"login":"vinta","id":652070},"event":"merged","repo":"awesome-python","issue_id":8,"owner":"vinta","id":136607232}
{"_id":{"$oid":"54ba4c2abd3543143d003620"},"created_at":"2014-06-30T17:24:06Z","actor":{"login":"vinta","id":652070},"event":"closed","repo":"awesome-python","issue_id":8,"owner":"vinta","id":136607233}
{"_id":{"$oid":"54ba4c2abd3543143d003621"},"created_at":"2014-09-23T15:03:57Z","actor":{"login":"dahlia","id":12431},"event":"referenced","repo":"awesome-python","issue_id":8,"owner":"vinta","id":169062939}
{"_id":{"$oid":"54ba4c38bd3543143d003622"},"created_at":"2014-06-30T17:47:15Z","actor":{"login":"vinta","id":652070},"event":"referenced","repo":"awesome-python","issue_id":9,"owner":"vinta","id":136617063}
{"_id":{"$oid":"54ba4c38bd3543143d003623"},"created_at":"2014-06-30T17:47:15Z","actor":{"login":"vinta","id":652070},"event":"merged","repo":"awesome-python","issue_id":9,"owner":"vinta","id":136617064}
{"_id":{"$oid":"54ba4c38bd3543143d003624"},"created_at":"2014-06-30T17:47:15Z","actor":{"login":"vinta","id":652070},"event":"closed","repo":"awesome-python","issue_id":9,"owner":"vinta","id":136617065}
{"_id":{"$oid":"54ba4c39bd3543143d003625"},"created_at":"2014-09-23T15:03:57Z","actor":{"login":"dahlia","id":12431},"event":"referenced","repo":"awesome-python","issue_id":9,"owner":"vinta","id":169062940}
{"_id":{"$oid":"54ba4c4dbd3543143d003626"},"created_at":"2014-06-30T18:07:15Z","actor":{"login":"vndmtrx","id":596651},"event":"closed","repo":"awesome-python","issue_id":10,"owner":"vinta","id":136626089}
{"_id":{"$oid":"54ba4c57bd3543143d003627"},"created_at":"2014-07-01T03:19:01Z","actor":{"login":"vinta","id":652070},"event":"referenced","repo":"awesome-python","issue_id":11,"owner":"vinta","id":136801505}
{"_id":{"$oid":"54ba4c57bd3543143d003628"},"created_at":"2014-07-01T03:19:01Z","actor":{"login":"vinta","id":652070},"event":"merged","repo":"awesome-python","issue_id":11,"owner":"vinta","id":136801506}
{"_id":{"$oid":"54ba4c57bd3543143d003629"},"created_at":"2014-07-01T03:19:01Z","actor":{"login":"vinta","id":652070},"event":"closed","repo":"awesome-python","issue_id":11,"owner":"vinta","id":136801507}
{"_id":{"$oid":"54ba4c68bd3543143d00362a"},"created_at":"2014-06-30T20:12:58Z","actor":{"login":"vndmtrx","id":596651},"event":"renamed","repo":"awesome-python","issue_id":12,"owner":"vinta","id":136683057}
{"_id":{"$oid":"54ba4c68bd3543143d00362b"},"created_at":"2014-07-01T03:26:07Z","actor":{"login":"vinta","id":652070},"event":"referenced","repo":"awesome-python","issue_id":12,"owner":"vinta","id":136802696}
{"_id":{"$oid":"54ba4c68bd3543143d00362c"},"created_at":"2014-07-01T03:26:07Z","actor":{"login":"vinta","id":652070},"event":"merged","repo":"awesome-python","issue_id":12,"owner":"vinta","id":136802697}
{"_id":{"$oid":"54ba4c68bd3543143d00362d"},"created_at":"2014-07-01T03:26:07Z","actor":{"login":"vinta","id":652070},"event":"closed","repo":"awesome-python","issue_id":12,"owner":"vinta","id":136802698}
{"_id":{"$oid":"53b2f157bd3543acf7031a42"},"created_at":"2014-07-01T17:33:56Z","actor":{"login":"xethorn","id":1835927},"event":"closed","repo":"awesome-python","issue_id":24,"owner":"vinta","id":137076571}
{"_id":{"$oid":"53c13610bd35435078015e51"},"created_at":"2014-07-12T13:20:09Z","actor":{"login":"vinta","id":652070},"event":"closed","repo":"awesome-python","issue_id":48,"owner":"vinta","id":140918955}
{"_id":{"$oid":"53b64637bd3543478500410d"},"created_at":"2014-07-04T06:14:14Z","actor":{"login":"vinta","id":652070},"event":"closed","repo":"awesome-python","issue_id":70,"owner":"vinta","id":138198686}
{"_id":{"$oid":"53be296cbd354355cf006593"},"created_at":"2014-07-10T05:49:17Z","actor":{"login":"vinta","id":652070},"event":"closed","repo":"awesome-python","issue_id":103,"owner":"vinta","id":140038820}
{"_id":{"$oid":"53ddd90ebd354334c0038671"},"created_at":"2014-08-03T06:39:04Z","actor":{"login":"vinta","id":652070},"event":"closed","repo":"awesome-python","issue_id":136,"owner":"vinta","id":148505871}
{"_id":{"$oid":"53ceede0bd3543214d00368b"},"created_at":"2014-07-22T23:03:47Z","actor":{"login":"vinta","id":652070},"event":"closed","repo":"awesome-python","issue_id":159,"owner":"vinta","id":144429098}
{"_id":{"$oid":"53d2d1cfbd35432edf0016fd"},"created_at":"2014-07-25T05:39:54Z","actor":{"login":"vinta","id":652070},"event":"closed","repo":"awesome-python","issue_id":164,"owner":"vinta","id":145457897}
{"_id":{"$oid":"53d615b2bd35432dda0142d5"},"created_at":"2014-07-28T09:19:41Z","actor":{"login":"vinta","id":652070},"event":"closed","repo":"awesome-python","issue_id":169,"owner":"vinta","id":146147651}
{"_id":{"$oid":"5487df74bd35439034003661"},"created_at":"2014-12-08T16:07:26Z","actor":{"login":"vinta","id":652070},"event":"closed","repo":"awesome-python","issue_id":257,"owner":"vinta","id":204271842}
{"_id":{"$oid":"54ba542cbd3543143d00362e"},"created_at":"2015-01-06T03:22:31Z","actor":{"login":"vinta","id":652070},"event":"referenced","repo":"awesome-python","issue_id":294,"owner":"vinta","id":214486063}
{"_id":{"$oid":"54ba542cbd3543143d00362f"},"created_at":"2015-01-06T03:22:31Z","actor":{"login":"vinta","id":652070},"event":"merged","repo":"awesome-python","issue_id":294,"owner":"vinta","id":214486064}
{"_id":{"$oid":"54ba542cbd3543143d003630"},"created_at":"2015-01-06T03:22:31Z","actor":{"login":"vinta","id":652070},"event":"closed","repo":"awesome-python","issue_id":294,"owner":"vinta","id":214486065}
{"_id":{"$oid":"54ba544cbd3543143d003631"},"created_at":"2015-01-14T10:10:23Z","actor":{"login":"nestorsalceda","id":310141},"event":"mentioned","repo":"awesome-python","issue_id":297,"owner":"vinta","id":218650256}
{"_id":{"$oid":"54ba544cbd3543143d003632"},"created_at":"2015-01-14T10:10:23Z","actor":{"login":"nestorsalceda","id":310141},"event":"subscribed","repo":"awesome-python","issue_id":297,"owner":"vinta","id":218650257}
{"_id":{"$oid":"54ba544cbd3543143d003633"},"created_at":"2015-01-14T10:20:01Z","actor":{"login":"ecarreras","id":294235},"event":"mentioned","repo":"awesome-python","issue_id":297,"owner":"vinta","id":218654626}
{"_id":{"$oid":"54ba544cbd3543143d003634"},"created_at":"2015-01-14T10:20:01Z","actor":{"login":"ecarreras","id":294235},"event":"subscribed","repo":"awesome-python","issue_id":297,"owner":"vinta","id":218654627}
{"_id":{"$oid":"550db1b3bd35434baf00eeb2"},"created_at":"2015-03-21T18:00:15Z","actor":{"login":"vinta","id":652070},"event":"closed","repo":"awesome-python","issue_id":328,"owner":"vinta","id":261250393}
{"_id":{"$oid":"55772924bd35431e0e001545"},"created_at":"2015-06-09T17:57:35Z","actor":{"login":"vinta","id":652070},"event":"closed","repo":"awesome-python","issue_id":375,"owner":"vinta","id":326585111}
{"_id":{"$oid":"55766aa6bd35435f1f00dbfb"},"created_at":"2015-06-09T04:25:04Z","actor":{"login":"vinta","id":652070},"event":"closed","repo":"awesome-python","issue_id":385,"owner":"vinta","id":325932830}
{"_id":{"$oid":"557a7753bd3543e640003f39"},"created_at":"2015-06-09T15:19:30Z","actor":{"login":"sobolevn","id":4660275},"event":"mentioned","repo":"awesome-python","issue_id":394,"owner":"vinta","id":326428195}
{"_id":{"$oid":"557a7753bd3543e640003f3a"},"created_at":"2015-06-09T15:19:30Z","actor":{"login":"sobolevn","id":4660275},"event":"subscribed","repo":"awesome-python","issue_id":394,"owner":"vinta","id":326428197}
{"_id":{"$oid":"557a7753bd3543e640003f3b"},"created_at":"2015-06-12T06:08:07Z","actor":{"login":"sobolevn","id":4660275},"event":"mentioned","repo":"awesome-python","issue_id":394,"owner":"vinta","id":329221024}
{"_id":{"$oid":"557a7753bd3543e640003f3c"},"created_at":"2015-06-12T06:08:07Z","actor":{"login":"sobolevn","id":4660275},"event":"subscribed","repo":"awesome-python","issue_id":394,"owner":"vinta","id":329221025}
{"_id":{"$oid":"557a7753bd3543e640003f3d"},"created_at":"2015-06-12T06:08:07Z","actor":{"login":"dhamaniasad","id":4560482},"event":"mentioned","repo":"awesome-python","issue_id":394,"owner":"vinta","id":329221026}
{"_id":{"$oid":"557a7753bd3543e640003f3e"},"created_at":"2015-06-12T06:08:07Z","actor":{"login":"dhamaniasad","id":4560482},"event":"subscribed","repo":"awesome-python","issue_id":394,"owner":"vinta","id":329221027}
{"_id":{"$oid":"557a7753bd3543e640003f3f"},"created_at":"2015-06-12T06:08:08Z","actor":{"login":"vinta","id":652070},"event":"closed","repo":"awesome-python","issue_id":394,"owner":"vinta","id":329221028}
