{"_id":{"$oid":"5436a8a9bd3543f8ed00c960"},"commit_id":"f779c794a6edb5ae8e8247fb386e1a63a81b5959","created_at":"2014-10-09T15:13:44Z","updated_at":"2014-10-09T15:23:00Z","repo":"awesome-python","user":{"login":"sposs","id":772003},"owner":"vinta","id":18651399}
{"_id":{"$oid":"5436a8a9bd3543f8ed00c961"},"commit_id":"f779c794a6edb5ae8e8247fb386e1a63a81b5959","created_at":"2014-10-09T15:13:58Z","updated_at":"2014-10-09T15:23:00Z","repo":"awesome-python","user":{"login":"sposs","id":772003},"owner":"vinta","id":18651415}
