{"_id":{"$oid":"53addc55bd3543adba02431d"},"repo":"awesome-python","owner":"vinta","name":"bug"}
{"_id":{"$oid":"53addc55bd3543adba02431e"},"repo":"awesome-python","owner":"vinta","name":"duplicate"}
{"_id":{"$oid":"53addc55bd3543adba02431f"},"repo":"awesome-python","owner":"vinta","name":"enhancement"}
{"_id":{"$oid":"53addc55bd3543adba024320"},"repo":"awesome-python","owner":"vinta","name":"help wanted"}
{"_id":{"$oid":"53addc55bd3543adba024321"},"repo":"awesome-python","owner":"vinta","name":"invalid"}
{"_id":{"$oid":"53addc55bd3543adba024322"},"repo":"awesome-python","owner":"vinta","name":"question"}
{"_id":{"$oid":"53addc55bd3543adba024323"},"repo":"awesome-python","owner":"vinta","name":"wontfix"}
