{"_id":{"$oid":"54ba4bc3bd3543143d003604"},"created_at":"2014-06-30T02:22:27Z","updated_at":"2014-06-30T04:12:56Z","repo":"awesome-python","state":"closed","user":{"login":"wronglink","id":668115},"owner":"vinta","closed_at":"2014-06-30T04:12:56Z","id":36764810}
{"_id":{"$oid":"54ba4bc3bd3543143d003603"},"created_at":"2014-06-30T13:52:25Z","updated_at":"2014-06-30T14:22:17Z","repo":"awesome-python","state":"closed","user":{"login":"rochacbruno","id":458654},"owner":"vinta","closed_at":"2014-06-30T14:22:17Z","id":36799048}
{"_id":{"$oid":"53b17744bd3543ad0302bc04"},"created_at":"2014-06-30T13:59:52Z","updated_at":"2014-06-30T14:42:09Z","repo":"awesome-python","state":"closed","user":{"login":"matheuscas","id":4574315},"owner":"vinta","closed_at":"2014-06-30T14:42:09Z","id":36799704}
{"_id":{"$oid":"53b17743bd3543ad0302bc03"},"created_at":"2014-06-30T14:27:44Z","updated_at":"2014-06-30T14:27:44Z","repo":"awesome-python","state":"open","user":{"login":"hjupadhyay","id":215633},"owner":"vinta","closed_at":null,"id":36802279}
{"_id":{"$oid":"53b17743bd3543ad0302bc02"},"created_at":"2014-06-30T14:34:27Z","updated_at":"2014-06-30T14:34:27Z","repo":"awesome-python","state":"open","user":{"login":"JoseRoman","id":4240075},"owner":"vinta","closed_at":null,"id":36802904}
{"_id":{"$oid":"54ba4bc3bd3543143d003602"},"created_at":"2014-06-30T14:46:22Z","updated_at":"2014-06-30T16:45:51Z","repo":"awesome-python","state":"closed","user":{"login":"JoseRoman","id":4240075},"owner":"vinta","closed_at":"2014-06-30T16:45:51Z","id":36804021}
{"_id":{"$oid":"54ba4bc3bd3543143d003601"},"created_at":"2014-06-30T16:35:16Z","updated_at":"2014-06-30T16:54:58Z","repo":"awesome-python","state":"closed","user":{"login":"ellisonleao","id":178641},"owner":"vinta","closed_at":"2014-06-30T16:54:58Z","id":36814369}
{"_id":{"$oid":"54ba4bc3bd3543143d003600"},"created_at":"2014-06-30T17:05:57Z","updated_at":"2014-06-30T17:24:06Z","repo":"awesome-python","state":"closed","user":{"login":"ellisonleao","id":178641},"owner":"vinta","closed_at":"2014-06-30T17:24:06Z","id":36816909}
{"_id":{"$oid":"53b19e8dbd3543ae7102f07e"},"created_at":"2014-06-30T17:27:02Z","updated_at":"2014-06-30T17:29:44Z","repo":"awesome-python","state":"open","user":{"login":"melignus","id":584820},"owner":"vinta","closed_at":null,"id":36818628}
{"_id":{"$oid":"54ba4bc3bd3543143d0035ff"},"created_at":"2014-06-30T17:47:03Z","updated_at":"2014-06-30T18:07:15Z","repo":"awesome-python","state":"closed","user":{"login":"vndmtrx","id":596651},"owner":"vinta","closed_at":"2014-06-30T18:07:15Z","id":36820291}
{"_id":{"$oid":"53b228b2bd3543ad5f02b7f8"},"created_at":"2014-06-30T18:05:24Z","updated_at":"2014-07-01T03:19:10Z","repo":"awesome-python","state":"closed","user":{"login":"melignus","id":584820},"owner":"vinta","closed_at":"2014-07-01T03:19:01Z","id":36821919}
{"_id":{"$oid":"53b228b0bd3543ad5f02b7f7"},"created_at":"2014-06-30T18:08:04Z","updated_at":"2014-06-30T20:12:58Z","repo":"awesome-python","state":"open","user":{"login":"vndmtrx","id":596651},"owner":"vinta","closed_at":null,"id":36822178}
{"_id":{"$oid":"53b228b0bd3543ad5f02b7f6"},"created_at":"2014-06-30T19:59:25Z","updated_at":"2014-06-30T19:59:25Z","repo":"awesome-python","state":"open","user":{"login":"morgotth","id":609185},"owner":"vinta","closed_at":null,"id":36833124}
{"_id":{"$oid":"53b1cebabd3543ada302abac"},"created_at":"2014-06-30T20:55:20Z","updated_at":"2014-06-30T20:55:20Z","repo":"awesome-python","state":"open","user":{"login":"melignus","id":584820},"owner":"vinta","closed_at":null,"id":36837799}
{"_id":{"$oid":"53b228b0bd3543ad5f02b7f5"},"created_at":"2014-06-30T23:22:55Z","updated_at":"2014-06-30T23:22:55Z","repo":"awesome-python","state":"open","user":{"login":"henriquebastos","id":12066},"owner":"vinta","closed_at":null,"id":36848809}
{"_id":{"$oid":"53b228b0bd3543ad5f02b7f4"},"created_at":"2014-07-01T01:56:55Z","updated_at":"2014-07-01T01:56:55Z","repo":"awesome-python","state":"open","user":{"login":"johngoodleaf","id":4070631},"owner":"vinta","closed_at":null,"id":36856029}
{"_id":{"$oid":"54ba4bc3bd3543143d0035fe"},"created_at":"2014-07-01T04:08:12Z","updated_at":"2014-07-01T13:36:27Z","repo":"awesome-python","state":"closed","user":{"login":"checkcheckzz","id":5798774},"owner":"vinta","closed_at":"2014-07-01T13:36:27Z","id":36860896}
{"_id":{"$oid":"53b495b8bd3543ae470352e0"},"created_at":"2014-07-01T05:05:10Z","updated_at":"2014-07-01T05:05:10Z","repo":"awesome-python","state":"open","user":{"login":"nealrs","id":1568188},"owner":"vinta","closed_at":null,"id":36862676}
{"_id":{"$oid":"54ba4bc3bd3543143d0035fd"},"created_at":"2014-07-01T07:16:55Z","updated_at":"2014-07-01T13:55:35Z","repo":"awesome-python","state":"closed","user":{"login":"shivam5992","id":4301965},"owner":"vinta","closed_at":"2014-07-01T13:55:35Z","id":36867830}
{"_id":{"$oid":"53b495b8bd3543ae470352df"},"created_at":"2014-07-01T07:49:54Z","updated_at":"2014-07-01T07:49:54Z","repo":"awesome-python","state":"open","user":{"login":"DTVD","id":479796},"owner":"vinta","closed_at":null,"id":36869618}
{"_id":{"$oid":"54ba4bc3bd3543143d0035fc"},"created_at":"2014-07-01T08:42:16Z","updated_at":"2014-07-01T13:59:08Z","repo":"awesome-python","state":"closed","user":{"login":"pasku","id":449748},"owner":"vinta","closed_at":"2014-07-01T13:59:08Z","id":36872769}
{"_id":{"$oid":"54ba4bc3bd3543143d0035fb"},"created_at":"2014-07-01T10:51:09Z","updated_at":"2014-07-01T14:50:27Z","repo":"awesome-python","state":"closed","user":{"login":"agroszer","id":350912},"owner":"vinta","closed_at":"2014-07-01T14:50:27Z","id":36881459}
{"_id":{"$oid":"53b2b4b7bd3543ad5f02d882"},"created_at":"2014-07-01T13:01:19Z","updated_at":"2014-07-01T13:05:35Z","repo":"awesome-python","state":"open","user":{"login":"vndmtrx","id":596651},"owner":"vinta","closed_at":null,"id":36889942}
{"_id":{"$oid":"53b2b306bd3543ac8502fb5f"},"created_at":"2014-07-01T13:07:26Z","updated_at":"2014-07-01T13:07:26Z","repo":"awesome-python","state":"open","user":{"login":"xethorn","id":1835927},"owner":"vinta","closed_at":null,"id":36890402}
{"_id":{"$oid":"54ba4bc2bd3543143d0035fa"},"created_at":"2014-07-01T13:52:29Z","updated_at":"2014-07-01T14:31:55Z","repo":"awesome-python","state":"closed","user":{"login":"emijrp","id":422046},"owner":"vinta","closed_at":"2014-07-01T14:31:55Z","id":36894341}
{"_id":{"$oid":"54ba4bc2bd3543143d0035f9"},"created_at":"2014-07-01T14:53:20Z","updated_at":"2014-07-01T15:04:28Z","repo":"awesome-python","state":"closed","user":{"login":"checkcheckzz","id":5798774},"owner":"vinta","closed_at":"2014-07-01T15:04:28Z","id":36900155}
{"_id":{"$oid":"54ba4bc2bd3543143d0035f8"},"created_at":"2014-07-01T16:21:24Z","updated_at":"2014-07-01T18:40:50Z","repo":"awesome-python","state":"closed","user":{"login":"ellisonleao","id":178641},"owner":"vinta","closed_at":"2014-07-01T18:40:50Z","id":36908738}
{"_id":{"$oid":"53b495b8bd3543ae470352de"},"created_at":"2014-07-01T18:38:56Z","updated_at":"2014-07-02T01:53:26Z","repo":"awesome-python","state":"open","user":{"login":"dvro","id":511783},"owner":"vinta","closed_at":null,"id":36919985}
{"_id":{"$oid":"53b3cf4cbd3543ad1d032097"},"created_at":"2014-07-01T18:59:58Z","updated_at":"2014-07-02T09:22:18Z","repo":"awesome-python","state":"open","user":{"login":"ivankravets","id":1760209},"owner":"vinta","closed_at":null,"id":36921826}
{"_id":{"$oid":"54ba4bc2bd3543143d0035f7"},"created_at":"2014-07-01T20:00:33Z","updated_at":"2014-07-02T01:51:36Z","repo":"awesome-python","state":"closed","user":{"login":"vaal-","id":632771},"owner":"vinta","closed_at":"2014-07-02T01:51:36Z","id":36926614}
{"_id":{"$oid":"54ba4bc2bd3543143d0035f6"},"created_at":"2014-07-01T21:20:44Z","updated_at":"2014-07-02T01:53:32Z","repo":"awesome-python","state":"closed","user":{"login":"wyattanderson","id":492216},"owner":"vinta","closed_at":"2014-07-02T01:53:32Z","id":36932761}
{"_id":{"$oid":"54ba4bc1bd3543143d0035f5"},"created_at":"2014-07-01T21:36:47Z","updated_at":"2014-07-02T01:54:42Z","repo":"awesome-python","state":"closed","user":{"login":"jgnog","id":5520890},"owner":"vinta","closed_at":"2014-07-02T01:54:06Z","id":36933870}
{"_id":{"$oid":"53d925d6bd35432e660243dc"},"created_at":"2014-07-01T21:39:30Z","updated_at":"2014-07-30T17:05:19Z","repo":"awesome-python","state":"closed","user":{"login":"westurner","id":50891},"owner":"vinta","closed_at":"2014-07-02T01:54:58Z","id":36934060}
{"_id":{"$oid":"53d925d1bd35432eb2025c05"},"created_at":"2014-07-01T21:41:15Z","updated_at":"2014-07-30T17:05:09Z","repo":"awesome-python","state":"closed","user":{"login":"westurner","id":50891},"owner":"vinta","closed_at":"2014-07-02T01:55:08Z","id":36934174}
{"_id":{"$oid":"53d925d1bd35432eb2025c04"},"created_at":"2014-07-01T21:47:36Z","updated_at":"2014-07-02T02:08:52Z","repo":"awesome-python","state":"closed","user":{"login":"westurner","id":50891},"owner":"vinta","closed_at":"2014-07-02T02:08:52Z","id":36934643}
{"_id":{"$oid":"53d925d1bd35432eb2025c03"},"created_at":"2014-07-01T22:31:03Z","updated_at":"2014-07-02T01:55:24Z","repo":"awesome-python","state":"closed","user":{"login":"amcgregor","id":76750},"owner":"vinta","closed_at":"2014-07-02T01:55:24Z","id":36937151}
{"_id":{"$oid":"53b3cf4cbd3543ad1d032096"},"created_at":"2014-07-02T06:28:34Z","updated_at":"2014-07-02T06:28:34Z","repo":"awesome-python","state":"open","user":{"login":"ergo","id":33021},"owner":"vinta","closed_at":null,"id":36955278}
{"_id":{"$oid":"53d925d1bd35432eb2025c02"},"created_at":"2014-07-02T06:30:35Z","updated_at":"2014-07-02T06:48:51Z","repo":"awesome-python","state":"closed","user":{"login":"demophoon","id":1445303},"owner":"vinta","closed_at":"2014-07-02T06:48:51Z","id":36955361}
{"_id":{"$oid":"53b3cf4cbd3543ad1d032095"},"created_at":"2014-07-02T06:50:21Z","updated_at":"2014-07-02T06:50:32Z","repo":"awesome-python","state":"open","user":{"login":"lepture","id":290496},"owner":"vinta","closed_at":null,"id":36956198}
{"_id":{"$oid":"53b3cf4cbd3543ad1d032094"},"created_at":"2014-07-02T07:19:02Z","updated_at":"2014-07-02T07:19:02Z","repo":"awesome-python","state":"open","user":{"login":"pennersr","id":201022},"owner":"vinta","closed_at":null,"id":36957587}
{"_id":{"$oid":"53b3cf4cbd3543ad1d032093"},"created_at":"2014-07-02T07:53:06Z","updated_at":"2014-07-02T07:53:06Z","repo":"awesome-python","state":"open","user":{"login":"msund","id":5034604},"owner":"vinta","closed_at":null,"id":36959317}
{"_id":{"$oid":"53b3cf4cbd3543ad1d032092"},"created_at":"2014-07-02T08:43:01Z","updated_at":"2014-07-02T08:43:01Z","repo":"awesome-python","state":"open","user":{"login":"benjamin-hodgson","id":3857587},"owner":"vinta","closed_at":null,"id":36962238}
{"_id":{"$oid":"53b3d4b2bd3543ad56035d27"},"created_at":"2014-07-02T09:45:19Z","updated_at":"2014-07-02T09:45:19Z","repo":"awesome-python","state":"open","user":{"login":"kmonsoor","id":1219418},"owner":"vinta","closed_at":null,"id":36966469}
{"_id":{"$oid":"53d925d1bd35432eb2025c01"},"created_at":"2014-07-02T11:44:29Z","updated_at":"2014-07-02T13:23:52Z","repo":"awesome-python","state":"closed","user":{"login":"Ayrx","id":1937160},"owner":"vinta","closed_at":"2014-07-02T13:23:52Z","id":36974191}
{"_id":{"$oid":"53d925d1bd35432eb2025c00"},"created_at":"2014-07-02T13:38:26Z","updated_at":"2014-07-02T13:44:04Z","repo":"awesome-python","state":"closed","user":{"login":"remyroy","id":303593},"owner":"vinta","closed_at":"2014-07-02T13:44:04Z","id":36982358}
{"_id":{"$oid":"53d925d1bd35432eb2025bff"},"created_at":"2014-07-02T13:42:09Z","updated_at":"2014-07-02T13:43:56Z","repo":"awesome-python","state":"closed","user":{"login":"petebachant","id":4604869},"owner":"vinta","closed_at":"2014-07-02T13:43:56Z","id":36982714}
{"_id":{"$oid":"53b495b8bd3543ae470352dd"},"created_at":"2014-07-02T14:42:06Z","updated_at":"2014-07-02T14:42:06Z","repo":"awesome-python","state":"open","user":{"login":"faustocarrera","id":788338},"owner":"vinta","closed_at":null,"id":36988634}
{"_id":{"$oid":"53b495b8bd3543ae470352dc"},"created_at":"2014-07-02T15:14:21Z","updated_at":"2014-07-02T15:14:21Z","repo":"awesome-python","state":"open","user":{"login":"asmeurer","id":71486},"owner":"vinta","closed_at":null,"id":36992039}
{"_id":{"$oid":"53b495b8bd3543ae470352db"},"created_at":"2014-07-02T16:20:43Z","updated_at":"2014-07-02T16:20:43Z","repo":"awesome-python","state":"open","user":{"login":"vortec","id":864772},"owner":"vinta","closed_at":null,"id":36998497}
{"_id":{"$oid":"53d925d1bd35432eb2025bfe"},"created_at":"2014-07-02T17:04:36Z","updated_at":"2014-07-02T20:04:04Z","repo":"awesome-python","state":"closed","user":{"login":"AWegnerGitHub","id":6462439},"owner":"vinta","closed_at":"2014-07-02T20:04:04Z","id":37002916}
{"_id":{"$oid":"53d925d1bd35432eb2025bfd"},"created_at":"2014-07-02T17:13:21Z","updated_at":"2014-07-02T20:06:09Z","repo":"awesome-python","state":"closed","user":{"login":"AWegnerGitHub","id":6462439},"owner":"vinta","closed_at":"2014-07-02T20:06:09Z","id":37003634}
{"_id":{"$oid":"53b495b9bd3543ae470352e1"},"created_at":"2014-07-02T17:21:52Z","updated_at":"2014-07-02T20:05:14Z","repo":"awesome-python","state":"closed","user":{"login":"dhagrow","id":987294},"owner":"vinta","closed_at":"2014-07-02T20:05:14Z","id":37004362}
{"_id":{"$oid":"53b495b8bd3543ae470352da"},"created_at":"2014-07-02T20:04:37Z","updated_at":"2014-07-02T20:04:37Z","repo":"awesome-python","state":"open","user":{"login":"kmonsoor","id":1219418},"owner":"vinta","closed_at":null,"id":37018931}
{"_id":{"$oid":"53b495b8bd3543ae470352d9"},"created_at":"2014-07-02T22:45:20Z","updated_at":"2014-07-02T22:45:20Z","repo":"awesome-python","state":"open","user":{"login":"AhmedAKZM","id":3790258},"owner":"vinta","closed_at":null,"id":37032040}
{"_id":{"$oid":"53b9fb25bd35434c4500e7ee"},"created_at":"2014-07-02T23:46:47Z","updated_at":"2014-07-05T14:16:37Z","repo":"awesome-python","state":"open","user":{"login":"Alir3z4","id":591113},"owner":"vinta","closed_at":null,"id":37035342}
{"_id":{"$oid":"53d925d1bd35432eb2025bfc"},"created_at":"2014-07-02T23:51:01Z","updated_at":"2014-07-03T05:35:01Z","repo":"awesome-python","state":"closed","user":{"login":"Alir3z4","id":591113},"owner":"vinta","closed_at":"2014-07-03T05:35:01Z","id":37035532}
{"_id":{"$oid":"53b4a847bd3543adf0034736"},"created_at":"2014-07-03T00:48:01Z","updated_at":"2014-07-03T00:48:01Z","repo":"awesome-python","state":"open","user":{"login":"aaronschif","id":2258953},"owner":"vinta","closed_at":null,"id":37038221}
{"_id":{"$oid":"53d925d1bd35432eb2025bfb"},"created_at":"2014-07-03T00:53:17Z","updated_at":"2014-07-03T07:44:58Z","repo":"awesome-python","state":"closed","user":{"login":"mkcor","id":2227806},"owner":"vinta","closed_at":"2014-07-03T07:44:58Z","id":37038432}
{"_id":{"$oid":"53d925d1bd35432eb2025bfa"},"created_at":"2014-07-03T03:23:27Z","updated_at":"2014-07-03T05:36:38Z","repo":"awesome-python","state":"closed","user":{"login":"marselester","id":823099},"owner":"vinta","closed_at":"2014-07-03T05:36:38Z","id":37043837}
{"_id":{"$oid":"53d925d1bd35432eb2025bf9"},"created_at":"2014-07-03T09:32:54Z","updated_at":"2014-07-03T10:58:15Z","repo":"awesome-python","state":"closed","user":{"login":"uranusjr","id":605277},"owner":"vinta","closed_at":"2014-07-03T10:58:15Z","id":37060692}
{"_id":{"$oid":"53d925d0bd35432eb2025bf8"},"created_at":"2014-07-03T10:06:30Z","updated_at":"2014-07-03T10:58:22Z","repo":"awesome-python","state":"closed","user":{"login":"checkcheckzz","id":5798774},"owner":"vinta","closed_at":"2014-07-03T10:58:22Z","id":37063091}
{"_id":{"$oid":"53d925d0bd35432eb2025bf7"},"created_at":"2014-07-03T11:42:05Z","updated_at":"2014-07-03T14:16:27Z","repo":"awesome-python","state":"closed","user":{"login":"sangeeths","id":992671},"owner":"vinta","closed_at":"2014-07-03T14:16:27Z","id":37069132}
{"_id":{"$oid":"53d925d0bd35432eb2025bf6"},"created_at":"2014-07-03T12:07:15Z","updated_at":"2014-07-03T14:17:04Z","repo":"awesome-python","state":"closed","user":{"login":"dreispt","id":1246629},"owner":"vinta","closed_at":"2014-07-03T14:17:04Z","id":37070617}
{"_id":{"$oid":"53b9fb25bd35434c4500e7ed"},"created_at":"2014-07-03T13:25:49Z","updated_at":"2014-07-03T13:25:49Z","repo":"awesome-python","state":"open","user":{"login":"emijrp","id":422046},"owner":"vinta","closed_at":null,"id":37081321}
{"_id":{"$oid":"53b9fb25bd35434c4500e7ec"},"created_at":"2014-07-03T17:28:03Z","updated_at":"2014-07-03T17:28:03Z","repo":"awesome-python","state":"open","user":{"login":"ivankravets","id":1760209},"owner":"vinta","closed_at":null,"id":37103957}
{"_id":{"$oid":"53d925d0bd35432eb2025bf5"},"created_at":"2014-07-03T18:29:42Z","updated_at":"2014-07-04T06:08:10Z","repo":"awesome-python","state":"closed","user":{"login":"kmonsoor","id":1219418},"owner":"vinta","closed_at":"2014-07-04T06:08:10Z","id":37109561}
{"_id":{"$oid":"53b9fb25bd35434c4500e7eb"},"created_at":"2014-07-03T18:44:36Z","updated_at":"2014-07-03T18:44:36Z","repo":"awesome-python","state":"open","user":{"login":"kmonsoor","id":1219418},"owner":"vinta","closed_at":null,"id":37111624}
{"_id":{"$oid":"53d925d0bd35432eb2025bf4"},"created_at":"2014-07-03T20:07:20Z","updated_at":"2014-07-04T06:01:01Z","repo":"awesome-python","state":"closed","user":{"login":"ellisonleao","id":178641},"owner":"vinta","closed_at":"2014-07-04T06:01:01Z","id":37119713}
{"_id":{"$oid":"53b9fb25bd35434c4500e7ea"},"created_at":"2014-07-03T22:33:40Z","updated_at":"2014-07-03T22:33:40Z","repo":"awesome-python","state":"open","user":{"login":"neuman","id":875835},"owner":"vinta","closed_at":null,"id":37129659}
{"_id":{"$oid":"53b60038bd354347dd0033b4"},"created_at":"2014-07-04T01:15:28Z","updated_at":"2014-07-04T01:15:28Z","repo":"awesome-python","state":"open","user":{"login":"RockLi","id":3444662},"owner":"vinta","closed_at":null,"id":37136070}
{"_id":{"$oid":"53d925d0bd35432eb2025bf3"},"created_at":"2014-07-04T09:28:20Z","updated_at":"2014-07-04T17:43:19Z","repo":"awesome-python","state":"closed","user":{"login":"radoslawc","id":316302},"owner":"vinta","closed_at":"2014-07-04T17:43:19Z","id":37153896}
{"_id":{"$oid":"53d925d0bd35432eb2025bf2"},"created_at":"2014-07-04T22:25:15Z","updated_at":"2014-07-05T14:23:07Z","repo":"awesome-python","state":"closed","user":{"login":"zed","id":24753},"owner":"vinta","closed_at":"2014-07-05T14:23:07Z","id":37187865}
{"_id":{"$oid":"53d925d0bd35432eb2025bf1"},"created_at":"2014-07-04T22:28:18Z","updated_at":"2014-07-05T14:22:15Z","repo":"awesome-python","state":"closed","user":{"login":"Vye","id":361779},"owner":"vinta","closed_at":"2014-07-05T14:22:15Z","id":37187923}
{"_id":{"$oid":"53d925d0bd35432eb2025bf0"},"created_at":"2014-07-04T23:03:56Z","updated_at":"2014-07-05T14:21:47Z","repo":"awesome-python","state":"closed","user":{"login":"joshuapassos","id":4204396},"owner":"vinta","closed_at":"2014-07-05T14:21:47Z","id":37188637}
{"_id":{"$oid":"53d925d0bd35432eb2025bef"},"created_at":"2014-07-05T01:01:40Z","updated_at":"2014-07-05T14:52:08Z","repo":"awesome-python","state":"closed","user":{"login":"rockymeza","id":21784},"owner":"vinta","closed_at":"2014-07-05T14:52:08Z","id":37190298}
{"_id":{"$oid":"53d925d0bd35432eb2025bee"},"created_at":"2014-07-05T05:36:20Z","updated_at":"2014-07-05T14:31:19Z","repo":"awesome-python","state":"closed","user":{"login":"sangeeths","id":992671},"owner":"vinta","closed_at":"2014-07-05T14:31:19Z","id":37192886}
{"_id":{"$oid":"53b9fb25bd35434c4500e7e9"},"created_at":"2014-07-05T06:14:40Z","updated_at":"2014-07-05T06:14:40Z","repo":"awesome-python","state":"open","user":{"login":"harlowja","id":970458},"owner":"vinta","closed_at":null,"id":37193241}
{"_id":{"$oid":"53d925d0bd35432eb2025bed"},"created_at":"2014-07-05T14:00:52Z","updated_at":"2014-07-05T14:19:05Z","repo":"awesome-python","state":"closed","user":{"login":"dnet","id":163115},"owner":"vinta","closed_at":"2014-07-05T14:19:05Z","id":37199364}
{"_id":{"$oid":"53d925d0bd35432eb2025bec"},"created_at":"2014-07-05T17:48:24Z","updated_at":"2014-07-07T01:09:33Z","repo":"awesome-python","state":"closed","user":{"login":"Desiderata","id":556290},"owner":"vinta","closed_at":"2014-07-07T01:09:33Z","id":37203135}
{"_id":{"$oid":"53b9fb27bd35434c4500e7f9"},"created_at":"2014-07-05T19:19:49Z","updated_at":"2014-07-07T01:42:57Z","repo":"awesome-python","state":"closed","user":{"login":"karthikrev","id":1799988},"owner":"vinta","closed_at":"2014-07-07T01:42:57Z","id":37204681}
{"_id":{"$oid":"53b9fb27bd35434c4500e7f8"},"created_at":"2014-07-05T21:09:34Z","updated_at":"2014-07-07T01:11:07Z","repo":"awesome-python","state":"closed","user":{"login":"demianbrecht","id":1422155},"owner":"vinta","closed_at":"2014-07-07T01:11:07Z","id":37206357}
{"_id":{"$oid":"53b9fb27bd35434c4500e7f7"},"created_at":"2014-07-05T23:52:46Z","updated_at":"2014-07-07T01:11:23Z","repo":"awesome-python","state":"closed","user":{"login":"yankuangshi","id":6958904},"owner":"vinta","closed_at":"2014-07-07T01:11:23Z","id":37208463}
{"_id":{"$oid":"53b9fb27bd35434c4500e7f6"},"created_at":"2014-07-06T02:29:10Z","updated_at":"2014-07-07T01:11:41Z","repo":"awesome-python","state":"closed","user":{"login":"stchris","id":217554},"owner":"vinta","closed_at":"2014-07-07T01:11:41Z","id":37210236}
{"_id":{"$oid":"53b9fb27bd35434c4500e7f5"},"created_at":"2014-07-06T06:46:32Z","updated_at":"2014-07-07T01:42:36Z","repo":"awesome-python","state":"closed","user":{"login":"avelino","id":31996},"owner":"vinta","closed_at":"2014-07-07T01:42:36Z","id":37212974}
{"_id":{"$oid":"53b9fb27bd35434c4500e7f4"},"created_at":"2014-07-06T10:16:47Z","updated_at":"2014-07-07T01:13:12Z","repo":"awesome-python","state":"closed","user":{"login":"kvser","id":839563},"owner":"vinta","closed_at":"2014-07-07T01:13:12Z","id":37215660}
{"_id":{"$oid":"53b9fb27bd35434c4500e7f3"},"created_at":"2014-07-06T13:34:21Z","updated_at":"2014-07-07T01:13:33Z","repo":"awesome-python","state":"closed","user":{"login":"avelino","id":31996},"owner":"vinta","closed_at":"2014-07-07T01:13:33Z","id":37219393}
{"_id":{"$oid":"53b9fb27bd35434c4500e7f2"},"created_at":"2014-07-06T14:51:51Z","updated_at":"2014-07-07T01:02:29Z","repo":"awesome-python","state":"closed","user":{"login":"geerk","id":723297},"owner":"vinta","closed_at":"2014-07-07T01:02:29Z","id":37220695}
{"_id":{"$oid":"53b9fb27bd35434c4500e7f1"},"created_at":"2014-07-06T17:40:13Z","updated_at":"2014-07-07T01:14:02Z","repo":"awesome-python","state":"closed","user":{"login":"ColtonProvias","id":272926},"owner":"vinta","closed_at":"2014-07-07T01:14:02Z","id":37223656}
{"_id":{"$oid":"53b9fb27bd35434c4500e7f0"},"created_at":"2014-07-06T19:12:21Z","updated_at":"2014-07-07T01:41:55Z","repo":"awesome-python","state":"closed","user":{"login":"dvro","id":511783},"owner":"vinta","closed_at":"2014-07-07T01:41:55Z","id":37225275}
{"_id":{"$oid":"53b9fb27bd35434c4500e7ef"},"created_at":"2014-07-06T19:23:18Z","updated_at":"2014-07-07T01:15:52Z","repo":"awesome-python","state":"closed","user":{"login":"klen","id":90699},"owner":"vinta","closed_at":"2014-07-07T01:15:52Z","id":37225633}
{"_id":{"$oid":"53b9c35ebd3543473801007b"},"created_at":"2014-07-06T20:15:26Z","updated_at":"2014-07-06T21:44:58Z","repo":"awesome-python","state":"open","user":{"login":"avelino","id":31996},"owner":"vinta","closed_at":null,"id":37226969}
{"_id":{"$oid":"53d925d0bd35432eb2025beb"},"created_at":"2014-07-07T02:00:00Z","updated_at":"2014-07-07T02:01:52Z","repo":"awesome-python","state":"closed","user":{"login":"talumbau","id":1891418},"owner":"vinta","closed_at":"2014-07-07T02:01:52Z","id":37234251}
{"_id":{"$oid":"53d925d0bd35432eb2025bea"},"created_at":"2014-07-07T04:34:35Z","updated_at":"2014-07-07T06:49:40Z","repo":"awesome-python","state":"closed","user":{"login":"Curita","id":213781},"owner":"vinta","closed_at":"2014-07-07T06:49:40Z","id":37238869}
{"_id":{"$oid":"53d925d0bd35432eb2025be9"},"created_at":"2014-07-07T04:34:45Z","updated_at":"2014-07-07T06:51:20Z","repo":"awesome-python","state":"closed","user":{"login":"Curita","id":213781},"owner":"vinta","closed_at":"2014-07-07T06:51:20Z","id":37238877}
{"_id":{"$oid":"53d925d0bd35432eb2025be8"},"created_at":"2014-07-07T08:18:09Z","updated_at":"2014-07-08T02:05:05Z","repo":"awesome-python","state":"closed","user":{"login":"theskumar","id":236356},"owner":"vinta","closed_at":"2014-07-08T02:05:05Z","id":37247611}
{"_id":{"$oid":"53bb5c42bd354347d101620c"},"created_at":"2014-07-07T09:17:39Z","updated_at":"2014-07-08T02:49:30Z","repo":"awesome-python","state":"closed","user":{"login":"fengsp","id":2986070},"owner":"vinta","closed_at":"2014-07-08T01:35:35Z","id":37251614}
{"_id":{"$oid":"53bb5c42bd354347d101620b"},"created_at":"2014-07-07T13:31:45Z","updated_at":"2014-07-08T01:32:02Z","repo":"awesome-python","state":"closed","user":{"login":"yomguy","id":135213},"owner":"vinta","closed_at":"2014-07-08T01:32:02Z","id":37268438}
{"_id":{"$oid":"53bb5c42bd354347d101620a"},"created_at":"2014-07-07T14:57:48Z","updated_at":"2014-07-08T01:30:11Z","repo":"awesome-python","state":"closed","user":{"login":"mjhea0","id":2018167},"owner":"vinta","closed_at":"2014-07-08T01:30:11Z","id":37276511}
{"_id":{"$oid":"53bab8cebd3543478f01278b"},"created_at":"2014-07-07T15:12:05Z","updated_at":"2014-07-07T15:12:05Z","repo":"awesome-python","state":"open","user":{"login":"DavidJFelix","id":263432},"owner":"vinta","closed_at":null,"id":37277915}
{"_id":{"$oid":"53bb5c42bd354347d1016209"},"created_at":"2014-07-07T18:30:12Z","updated_at":"2014-07-08T01:34:22Z","repo":"awesome-python","state":"closed","user":{"login":"mgill25","id":1311924},"owner":"vinta","closed_at":"2014-07-08T01:34:22Z","id":37296444}
{"_id":{"$oid":"53bb5c42bd354347d1016208"},"created_at":"2014-07-07T19:28:37Z","updated_at":"2014-07-08T01:31:10Z","repo":"awesome-python","state":"closed","user":{"login":"juanriaza","id":554079},"owner":"vinta","closed_at":"2014-07-08T01:31:10Z","id":37301838}
{"_id":{"$oid":"53bbb287bd354347ab018882"},"created_at":"2014-07-08T08:57:27Z","updated_at":"2014-07-08T08:57:27Z","repo":"awesome-python","state":"open","user":{"login":"efazati","id":1132647},"owner":"vinta","closed_at":null,"id":37345829}
{"_id":{"$oid":"53bd4775bd354350b9001494"},"created_at":"2014-07-08T16:03:59Z","updated_at":"2014-07-08T16:03:59Z","repo":"awesome-python","state":"open","user":{"login":"lericson","id":46901},"owner":"vinta","closed_at":null,"id":37385734}
{"_id":{"$oid":"53bd4775bd354350b9001493"},"created_at":"2014-07-08T16:25:16Z","updated_at":"2014-07-08T16:25:16Z","repo":"awesome-python","state":"open","user":{"login":"jpatel3","id":1363884},"owner":"vinta","closed_at":null,"id":37387722}
{"_id":{"$oid":"53d925d0bd35432eb2025be7"},"created_at":"2014-07-08T21:02:16Z","updated_at":"2014-07-09T04:47:32Z","repo":"awesome-python","state":"closed","user":{"login":"ldong","id":5491695},"owner":"vinta","closed_at":"2014-07-09T04:47:32Z","id":37411713}
{"_id":{"$oid":"53d925d0bd35432eb2025be6"},"created_at":"2014-07-08T21:21:11Z","updated_at":"2014-07-09T04:48:53Z","repo":"awesome-python","state":"closed","user":{"login":"grigouze","id":375575},"owner":"vinta","closed_at":"2014-07-09T04:48:53Z","id":37413185}
{"_id":{"$oid":"53bd4775bd354350b9001492"},"created_at":"2014-07-08T21:26:08Z","updated_at":"2014-07-08T21:26:08Z","repo":"awesome-python","state":"open","user":{"login":"grigouze","id":375575},"owner":"vinta","closed_at":null,"id":37413573}
{"_id":{"$oid":"53bd4774bd354350b9001491"},"created_at":"2014-07-09T01:30:06Z","updated_at":"2014-07-09T01:30:06Z","repo":"awesome-python","state":"open","user":{"login":"dahlia","id":12431},"owner":"vinta","closed_at":null,"id":37426849}
{"_id":{"$oid":"53bd4774bd354350b9001490"},"created_at":"2014-07-09T07:43:02Z","updated_at":"2014-07-09T07:43:02Z","repo":"awesome-python","state":"open","user":{"login":"mgill25","id":1311924},"owner":"vinta","closed_at":null,"id":37440826}
{"_id":{"$oid":"53bd4774bd354350b900148f"},"created_at":"2014-07-09T07:59:17Z","updated_at":"2014-07-09T07:59:17Z","repo":"awesome-python","state":"open","user":{"login":"DTVD","id":479796},"owner":"vinta","closed_at":null,"id":37441718}
{"_id":{"$oid":"53bddccbbd354350780049fc"},"created_at":"2014-07-09T08:10:46Z","updated_at":"2014-07-09T11:25:18Z","repo":"awesome-python","state":"closed","user":{"login":"shvechikov","id":12324},"owner":"vinta","closed_at":"2014-07-09T11:25:18Z","id":37442396}
{"_id":{"$oid":"53bddccbbd354350780049fb"},"created_at":"2014-07-09T11:10:37Z","updated_at":"2014-07-09T11:22:54Z","repo":"awesome-python","state":"closed","user":{"login":"lundberg","id":137268},"owner":"vinta","closed_at":"2014-07-09T11:22:54Z","id":37454417}
{"_id":{"$oid":"53bd4774bd354350b900148e"},"created_at":"2014-07-09T11:24:42Z","updated_at":"2014-07-09T11:24:42Z","repo":"awesome-python","state":"open","user":{"login":"lundberg","id":137268},"owner":"vinta","closed_at":null,"id":37455320}
{"_id":{"$oid":"53bd4774bd354350b900148d"},"created_at":"2014-07-09T11:25:22Z","updated_at":"2014-07-09T11:25:22Z","repo":"awesome-python","state":"open","user":{"login":"lundberg","id":137268},"owner":"vinta","closed_at":null,"id":37455360}
{"_id":{"$oid":"53bd4774bd354350b900148c"},"created_at":"2014-07-09T11:32:15Z","updated_at":"2014-07-09T11:32:15Z","repo":"awesome-python","state":"open","user":{"login":"lundberg","id":137268},"owner":"vinta","closed_at":null,"id":37455814}
{"_id":{"$oid":"53bddcc9bd354350780049fa"},"created_at":"2014-07-09T17:11:36Z","updated_at":"2014-07-09T17:11:36Z","repo":"awesome-python","state":"open","user":{"login":"mjhea0","id":2018167},"owner":"vinta","closed_at":null,"id":37487591}
{"_id":{"$oid":"53bddcc9bd354350780049f9"},"created_at":"2014-07-09T19:15:19Z","updated_at":"2014-07-09T19:15:56Z","repo":"awesome-python","state":"open","user":{"login":"andrej2704","id":1634247},"owner":"vinta","closed_at":null,"id":37498878}
{"_id":{"$oid":"53bddcc9bd354350780049f8"},"created_at":"2014-07-09T19:36:37Z","updated_at":"2014-07-09T19:36:37Z","repo":"awesome-python","state":"open","user":{"login":"vndmtrx","id":596651},"owner":"vinta","closed_at":null,"id":37500757}
{"_id":{"$oid":"53bddcc9bd354350780049f7"},"created_at":"2014-07-09T19:44:16Z","updated_at":"2014-07-09T19:44:16Z","repo":"awesome-python","state":"open","user":{"login":"satanowski","id":74849},"owner":"vinta","closed_at":null,"id":37501342}
{"_id":{"$oid":"53d925d0bd35432eb2025be5"},"created_at":"2014-07-10T05:38:41Z","updated_at":"2014-07-12T13:19:03Z","repo":"awesome-python","state":"closed","user":{"login":"bayandin","id":864213},"owner":"vinta","closed_at":"2014-07-12T13:19:03Z","id":37533261}
{"_id":{"$oid":"53be2e3cbd35435091005a84"},"created_at":"2014-07-10T06:09:38Z","updated_at":"2014-07-10T06:09:38Z","repo":"awesome-python","state":"open","user":{"login":"ionutvmi","id":3531898},"owner":"vinta","closed_at":null,"id":37534478}
{"_id":{"$oid":"53d925d0bd35432eb2025be4"},"created_at":"2014-07-10T08:17:18Z","updated_at":"2014-07-12T12:52:35Z","repo":"awesome-python","state":"closed","user":{"login":"peterhudec","id":2333157},"owner":"vinta","closed_at":"2014-07-12T12:52:35Z","id":37540867}
{"_id":{"$oid":"53d925d0bd35432eb2025be3"},"created_at":"2014-07-10T09:25:15Z","updated_at":"2014-07-12T12:53:04Z","repo":"awesome-python","state":"closed","user":{"login":"joamag","id":25441},"owner":"vinta","closed_at":"2014-07-12T12:53:04Z","id":37545522}
{"_id":{"$oid":"53d925d0bd35432eb2025be2"},"created_at":"2014-07-10T10:49:12Z","updated_at":"2014-07-12T12:53:13Z","repo":"awesome-python","state":"closed","user":{"login":"WoLpH","id":270571},"owner":"vinta","closed_at":"2014-07-12T12:53:13Z","id":37551296}
{"_id":{"$oid":"53c53845bd354350db020b11"},"created_at":"2014-07-10T10:52:42Z","updated_at":"2014-07-10T10:52:42Z","repo":"awesome-python","state":"open","user":{"login":"WoLpH","id":270571},"owner":"vinta","closed_at":null,"id":37551531}
{"_id":{"$oid":"53d925d0bd35432eb2025be1"},"created_at":"2014-07-10T12:44:34Z","updated_at":"2014-07-12T12:58:34Z","repo":"awesome-python","state":"closed","user":{"login":"makaimc","id":305282},"owner":"vinta","closed_at":"2014-07-12T12:58:34Z","id":37558395}
{"_id":{"$oid":"53d925d0bd35432eb2025be0"},"created_at":"2014-07-10T13:43:30Z","updated_at":"2014-07-12T12:59:24Z","repo":"awesome-python","state":"closed","user":{"login":"petrushev","id":353166},"owner":"vinta","closed_at":"2014-07-12T12:59:24Z","id":37563349}
{"_id":{"$oid":"53d925d0bd35432eb2025bdf"},"created_at":"2014-07-10T13:55:24Z","updated_at":"2014-07-12T13:06:42Z","repo":"awesome-python","state":"closed","user":{"login":"petrushev","id":353166},"owner":"vinta","closed_at":"2014-07-12T13:06:42Z","id":37564442}
{"_id":{"$oid":"53d925d0bd35432eb2025bde"},"created_at":"2014-07-10T16:55:58Z","updated_at":"2014-07-12T13:00:28Z","repo":"awesome-python","state":"closed","user":{"login":"pydanny","id":62857},"owner":"vinta","closed_at":"2014-07-12T13:00:28Z","id":37582421}
{"_id":{"$oid":"53d925d0bd35432eb2025bdd"},"created_at":"2014-07-10T18:42:48Z","updated_at":"2014-07-10T18:57:51Z","repo":"awesome-python","state":"closed","user":{"login":"matthieugrieger","id":821841},"owner":"vinta","closed_at":"2014-07-10T18:57:51Z","id":37592087}
{"_id":{"$oid":"53d925d0bd35432eb2025bdc"},"created_at":"2014-07-12T06:58:57Z","updated_at":"2014-07-12T13:10:38Z","repo":"awesome-python","state":"closed","user":{"login":"teoliphant","id":254880},"owner":"vinta","closed_at":"2014-07-12T13:10:38Z","id":37714368}
{"_id":{"$oid":"53c53845bd354350db020b10"},"created_at":"2014-07-12T08:52:19Z","updated_at":"2014-07-12T08:52:19Z","repo":"awesome-python","state":"open","user":{"login":"sindresorhus","id":170270},"owner":"vinta","closed_at":null,"id":37715806}
{"_id":{"$oid":"53d925d0bd35432eb2025bdb"},"created_at":"2014-07-12T10:38:58Z","updated_at":"2014-07-12T13:07:20Z","repo":"awesome-python","state":"closed","user":{"login":"hassaanaliw","id":6737701},"owner":"vinta","closed_at":"2014-07-12T13:07:20Z","id":37717240}
{"_id":{"$oid":"53d925d0bd35432eb2025bda"},"created_at":"2014-07-12T16:10:35Z","updated_at":"2014-07-13T15:52:32Z","repo":"awesome-python","state":"closed","user":{"login":"jhermann","id":1068245},"owner":"vinta","closed_at":"2014-07-13T15:52:32Z","id":37722775}
{"_id":{"$oid":"53c53845bd354350db020b0f"},"created_at":"2014-07-13T06:35:01Z","updated_at":"2014-07-13T06:35:01Z","repo":"awesome-python","state":"open","user":{"login":"aquynh","id":5965536},"owner":"vinta","closed_at":null,"id":37735854}
{"_id":{"$oid":"53c2b4e0bd3543502101aab8"},"created_at":"2014-07-13T16:33:27Z","updated_at":"2014-07-13T16:33:27Z","repo":"awesome-python","state":"open","user":{"login":"vinta","id":652070},"owner":"vinta","closed_at":null,"id":37744637}
{"_id":{"$oid":"53c2b7bebd3543573a01a83b"},"created_at":"2014-07-13T16:45:47Z","updated_at":"2014-07-13T16:45:47Z","repo":"awesome-python","state":"open","user":{"login":"vinta","id":652070},"owner":"vinta","closed_at":null,"id":37744856}
{"_id":{"$oid":"53d925d0bd35432eb2025bd9"},"created_at":"2014-07-14T06:35:08Z","updated_at":"2014-07-14T14:12:14Z","repo":"awesome-python","state":"closed","user":{"login":"methane","id":199592},"owner":"vinta","closed_at":"2014-07-14T14:12:14Z","id":37762279}
{"_id":{"$oid":"53d925d0bd35432eb2025bd8"},"created_at":"2014-07-14T08:12:28Z","updated_at":"2014-07-14T14:11:39Z","repo":"awesome-python","state":"closed","user":{"login":"sposs","id":772003},"owner":"vinta","closed_at":"2014-07-14T14:11:39Z","id":37766645}
{"_id":{"$oid":"53d925d0bd35432eb2025bd7"},"created_at":"2014-07-14T14:31:30Z","updated_at":"2014-07-14T14:42:40Z","repo":"awesome-python","state":"closed","user":{"login":"sposs","id":772003},"owner":"vinta","closed_at":"2014-07-14T14:42:40Z","id":37791428}
{"_id":{"$oid":"53c53845bd354350db020b0e"},"created_at":"2014-07-14T15:31:49Z","updated_at":"2014-07-14T15:31:49Z","repo":"awesome-python","state":"open","user":{"login":"emijrp","id":422046},"owner":"vinta","closed_at":null,"id":37797236}
{"_id":{"$oid":"53c53848bd354350db020b13"},"created_at":"2014-07-14T17:51:44Z","updated_at":"2014-07-15T14:18:40Z","repo":"awesome-python","state":"closed","user":{"login":"pyner","id":3522272},"owner":"vinta","closed_at":"2014-07-15T14:18:40Z","id":37809611}
{"_id":{"$oid":"53c53848bd354350db020b12"},"created_at":"2014-07-15T08:01:03Z","updated_at":"2014-07-15T14:14:09Z","repo":"awesome-python","state":"closed","user":{"login":"augustusdsouza","id":3384391},"owner":"vinta","closed_at":"2014-07-15T14:14:09Z","id":37859565}
{"_id":{"$oid":"53d2d1ccbd35432edf0016f9"},"created_at":"2014-07-16T20:24:28Z","updated_at":"2014-07-16T20:24:28Z","repo":"awesome-python","state":"open","user":{"login":"mrafayaleem","id":2166151},"owner":"vinta","closed_at":null,"id":38021078}
{"_id":{"$oid":"53d925d0bd35432eb2025bd6"},"created_at":"2014-07-16T21:51:54Z","updated_at":"2014-07-17T21:29:18Z","repo":"awesome-python","state":"closed","user":{"login":"petrushev","id":353166},"owner":"vinta","closed_at":"2014-07-17T21:29:18Z","id":38028887}
{"_id":{"$oid":"53d925d0bd35432eb2025bd5"},"created_at":"2014-07-17T05:39:27Z","updated_at":"2014-07-17T21:30:42Z","repo":"awesome-python","state":"closed","user":{"login":"Parbhat","id":4817493},"owner":"vinta","closed_at":"2014-07-17T21:30:42Z","id":38049313}
{"_id":{"$oid":"53d925d0bd35432eb2025bd4"},"created_at":"2014-07-17T16:24:00Z","updated_at":"2014-07-17T21:30:55Z","repo":"awesome-python","state":"closed","user":{"login":"jhautefeuille","id":4523848},"owner":"vinta","closed_at":"2014-07-17T21:30:55Z","id":38100202}
{"_id":{"$oid":"53d925d0bd35432eb2025bd3"},"created_at":"2014-07-17T19:19:08Z","updated_at":"2014-07-17T21:31:22Z","repo":"awesome-python","state":"closed","user":{"login":"alanhamlett","id":522344},"owner":"vinta","closed_at":"2014-07-17T21:31:22Z","id":38115662}
{"_id":{"$oid":"53d925d0bd35432eb2025bd2"},"created_at":"2014-07-17T19:21:49Z","updated_at":"2014-07-17T21:31:41Z","repo":"awesome-python","state":"closed","user":{"login":"alanhamlett","id":522344},"owner":"vinta","closed_at":"2014-07-17T21:31:41Z","id":38115882}
{"_id":{"$oid":"53d925d0bd35432eb2025bd1"},"created_at":"2014-07-17T20:26:52Z","updated_at":"2014-07-17T21:32:17Z","repo":"awesome-python","state":"closed","user":{"login":"akestner","id":3409228},"owner":"vinta","closed_at":"2014-07-17T21:32:17Z","id":38122452}
{"_id":{"$oid":"53d925d0bd35432eb2025bd0"},"created_at":"2014-07-18T08:31:02Z","updated_at":"2014-07-18T11:25:28Z","repo":"awesome-python","state":"closed","user":{"login":"marjinal1st","id":2733591},"owner":"vinta","closed_at":"2014-07-18T11:25:28Z","id":38157219}
{"_id":{"$oid":"53d925d0bd35432eb2025bcf"},"created_at":"2014-07-19T10:06:55Z","updated_at":"2014-07-19T15:41:38Z","repo":"awesome-python","state":"closed","user":{"login":"famousgarkin","id":144425},"owner":"vinta","closed_at":"2014-07-19T15:41:38Z","id":38230612}
{"_id":{"$oid":"53cbfb04bd354350e606db8e"},"created_at":"2014-07-20T17:23:10Z","updated_at":"2014-07-20T17:23:10Z","repo":"awesome-python","state":"open","user":{"login":"jkw","id":388872},"owner":"vinta","closed_at":null,"id":38262203}
{"_id":{"$oid":"53d925d0bd35432eb2025bce"},"created_at":"2014-07-21T13:40:18Z","updated_at":"2014-07-21T22:04:22Z","repo":"awesome-python","state":"closed","user":{"login":"Xuefeng-Zhu","id":5875315},"owner":"vinta","closed_at":"2014-07-21T22:04:22Z","id":38303364}
{"_id":{"$oid":"53d925d0bd35432eb2025bcd"},"created_at":"2014-07-22T06:26:47Z","updated_at":"2014-07-25T06:34:03Z","repo":"awesome-python","state":"closed","user":{"login":"jvrplmlmn","id":1429460},"owner":"vinta","closed_at":"2014-07-25T06:34:03Z","id":38372427}
{"_id":{"$oid":"53d925d0bd35432eb2025bcc"},"created_at":"2014-07-22T09:07:41Z","updated_at":"2014-07-25T06:26:42Z","repo":"awesome-python","state":"closed","user":{"login":"thewhitetulip","id":6261877},"owner":"vinta","closed_at":"2014-07-25T06:26:42Z","id":38381488}
{"_id":{"$oid":"53d925d0bd35432eb2025bcb"},"created_at":"2014-07-22T11:12:23Z","updated_at":"2014-07-25T05:37:47Z","repo":"awesome-python","state":"closed","user":{"login":"kmonsoor","id":1219418},"owner":"vinta","closed_at":"2014-07-25T05:37:47Z","id":38390067}
{"_id":{"$oid":"53d925d0bd35432eb2025bca"},"created_at":"2014-07-22T11:22:10Z","updated_at":"2014-07-22T23:11:42Z","repo":"awesome-python","state":"closed","user":{"login":"kmonsoor","id":1219418},"owner":"vinta","closed_at":"2014-07-22T23:11:42Z","id":38390691}
{"_id":{"$oid":"53ce58b6bd3543509f04ff8c"},"created_at":"2014-07-22T12:27:28Z","updated_at":"2014-07-22T12:27:28Z","repo":"awesome-python","state":"open","user":{"login":"OlegWock","id":7430438},"owner":"vinta","closed_at":null,"id":38394967}
{"_id":{"$oid":"53d925d0bd35432eb2025bc9"},"created_at":"2014-07-22T16:17:28Z","updated_at":"2014-07-22T16:56:15Z","repo":"awesome-python","state":"closed","user":{"login":"pydanny","id":62857},"owner":"vinta","closed_at":"2014-07-22T16:56:15Z","id":38416451}
{"_id":{"$oid":"53d925d0bd35432eb2025bc8"},"created_at":"2014-07-22T17:21:08Z","updated_at":"2014-07-22T23:00:17Z","repo":"awesome-python","state":"closed","user":{"login":"jhautefeuille","id":4523848},"owner":"vinta","closed_at":"2014-07-22T23:00:17Z","id":38422577}
{"_id":{"$oid":"53d925d0bd35432eb2025bc7"},"created_at":"2014-07-22T19:10:47Z","updated_at":"2014-07-22T23:12:36Z","repo":"awesome-python","state":"closed","user":{"login":"Xuefeng-Zhu","id":5875315},"owner":"vinta","closed_at":"2014-07-22T23:12:36Z","id":38433220}
{"_id":{"$oid":"53d925d0bd35432eb2025bc6"},"created_at":"2014-07-24T09:11:47Z","updated_at":"2014-07-25T04:00:51Z","repo":"awesome-python","state":"closed","user":{"login":"jsmolina","id":447481},"owner":"vinta","closed_at":"2014-07-25T04:00:51Z","id":38610455}
{"_id":{"$oid":"53d2d1cfbd35432edf0016fc"},"created_at":"2014-07-24T15:23:07Z","updated_at":"2014-07-25T05:39:54Z","repo":"awesome-python","state":"closed","user":{"login":"Who8MyLunch","id":283921},"owner":"vinta","closed_at":"2014-07-25T05:39:54Z","id":38642436}
{"_id":{"$oid":"53d2d1ccbd35432edf0016f8"},"created_at":"2014-07-24T17:18:25Z","updated_at":"2014-07-24T17:21:35Z","repo":"awesome-python","state":"open","user":{"login":"StevenPG","id":7944136},"owner":"vinta","closed_at":null,"id":38653752}
{"_id":{"$oid":"53d2d1cfbd35432edf0016fb"},"created_at":"2014-07-24T19:10:41Z","updated_at":"2014-07-25T05:37:47Z","repo":"awesome-python","state":"closed","user":{"login":"ilam","id":533049},"owner":"vinta","closed_at":"2014-07-25T05:37:47Z","id":38664099}
{"_id":{"$oid":"53d2d1cfbd35432edf0016fa"},"created_at":"2014-07-24T22:28:10Z","updated_at":"2014-07-25T03:52:43Z","repo":"awesome-python","state":"closed","user":{"login":"vndmtrx","id":596651},"owner":"vinta","closed_at":"2014-07-25T03:52:43Z","id":38680695}
{"_id":{"$oid":"53d2d1ccbd35432edf0016f7"},"created_at":"2014-07-25T16:58:54Z","updated_at":"2014-07-25T16:58:54Z","repo":"awesome-python","state":"open","user":{"login":"skhaz","id":46259},"owner":"vinta","closed_at":null,"id":38750084}
{"_id":{"$oid":"53d2d1ccbd35432edf0016f6"},"created_at":"2014-07-25T21:48:34Z","updated_at":"2014-07-25T21:48:34Z","repo":"awesome-python","state":"open","user":{"login":"Xuefeng-Zhu","id":5875315},"owner":"vinta","closed_at":null,"id":38773541}
{"_id":{"$oid":"53d925d0bd35432eb2025bc5"},"created_at":"2014-07-26T05:37:01Z","updated_at":"2014-07-26T10:39:07Z","repo":"awesome-python","state":"closed","user":{"login":"houjunchen","id":5383325},"owner":"vinta","closed_at":"2014-07-26T10:39:07Z","id":38806332}
{"_id":{"$oid":"53d925d0bd35432eb2025bc4"},"created_at":"2014-07-26T11:00:32Z","updated_at":"2014-07-28T09:22:12Z","repo":"awesome-python","state":"closed","user":{"login":"webus","id":252404},"owner":"vinta","closed_at":"2014-07-28T09:22:12Z","id":38815451}
{"_id":{"$oid":"53d925cdbd35432eb2025bc3"},"created_at":"2014-07-29T21:28:39Z","updated_at":"2014-07-29T21:28:39Z","repo":"awesome-python","state":"open","user":{"login":"erichideki","id":3321214},"owner":"vinta","closed_at":null,"id":39037624}
{"_id":{"$oid":"53d925cdbd35432eb2025bc2"},"created_at":"2014-07-30T04:02:17Z","updated_at":"2014-07-30T04:02:17Z","repo":"awesome-python","state":"open","user":{"login":"denilsonsa","id":121676},"owner":"vinta","closed_at":null,"id":39058503}
{"_id":{"$oid":"53d925cdbd35432eb2025bc1"},"created_at":"2014-07-30T04:11:02Z","updated_at":"2014-07-30T04:11:02Z","repo":"awesome-python","state":"open","user":{"login":"denilsonsa","id":121676},"owner":"vinta","closed_at":null,"id":39058805}
{"_id":{"$oid":"53d925cdbd35432eb2025bc0"},"created_at":"2014-07-30T04:44:44Z","updated_at":"2014-07-30T04:55:39Z","repo":"awesome-python","state":"open","user":{"login":"keitheis","id":226879},"owner":"vinta","closed_at":null,"id":39059913}
{"_id":{"$oid":"53d925cdbd35432eb2025bbf"},"created_at":"2014-07-30T04:52:09Z","updated_at":"2014-07-30T04:52:09Z","repo":"awesome-python","state":"open","user":{"login":"Curita","id":213781},"owner":"vinta","closed_at":null,"id":39060141}
{"_id":{"$oid":"54ba4bbfbd3543143d0035f4"},"created_at":"2014-07-31T07:16:36Z","updated_at":"2014-07-31T20:16:17Z","repo":"awesome-python","state":"closed","user":{"login":"geerk","id":723297},"owner":"vinta","closed_at":"2014-07-31T20:16:17Z","id":39168666}
{"_id":{"$oid":"54ba4bbfbd3543143d0035f3"},"created_at":"2014-07-31T18:58:59Z","updated_at":"2014-07-31T20:15:21Z","repo":"awesome-python","state":"closed","user":{"login":"vndmtrx","id":596651},"owner":"vinta","closed_at":"2014-07-31T20:15:21Z","id":39226092}
{"_id":{"$oid":"54ba4bbfbd3543143d0035f2"},"created_at":"2014-08-02T04:11:16Z","updated_at":"2014-08-02T11:56:22Z","repo":"awesome-python","state":"closed","user":{"login":"theskumar","id":236356},"owner":"vinta","closed_at":"2014-08-02T11:56:22Z","id":39341683}
{"_id":{"$oid":"54ba4bbfbd3543143d0035f1"},"created_at":"2014-08-03T09:24:44Z","updated_at":"2014-08-04T12:17:40Z","repo":"awesome-python","state":"closed","user":{"login":"gsakkis","id":291289},"owner":"vinta","closed_at":"2014-08-04T12:17:40Z","id":39366856}
{"_id":{"$oid":"54ba4bbfbd3543143d0035f0"},"created_at":"2014-08-05T20:02:07Z","updated_at":"2014-08-07T01:47:37Z","repo":"awesome-python","state":"closed","user":{"login":"andrej2704","id":1634247},"owner":"vinta","closed_at":"2014-08-07T01:47:37Z","id":39559126}
{"_id":{"$oid":"54ba4bbfbd3543143d0035ef"},"created_at":"2014-08-06T00:38:59Z","updated_at":"2014-08-07T01:41:46Z","repo":"awesome-python","state":"closed","user":{"login":"kimiamania","id":2695598},"owner":"vinta","closed_at":"2014-08-07T01:41:46Z","id":39579793}
{"_id":{"$oid":"53e543f0bd3543a30a008c8a"},"created_at":"2014-08-07T20:44:49Z","updated_at":"2014-08-08T16:59:35Z","repo":"awesome-python","state":"closed","user":{"login":"vaal-","id":632771},"owner":"vinta","closed_at":"2014-08-08T16:59:35Z","id":39766310}
{"_id":{"$oid":"53e543f0bd3543a30a008c89"},"created_at":"2014-08-07T23:03:29Z","updated_at":"2014-08-08T01:47:18Z","repo":"awesome-python","state":"closed","user":{"login":"mmilkin","id":1923059},"owner":"vinta","closed_at":"2014-08-08T01:47:18Z","id":39777321}
{"_id":{"$oid":"53e543f0bd3543a30a008c88"},"created_at":"2014-08-08T00:12:55Z","updated_at":"2014-08-08T01:48:43Z","repo":"awesome-python","state":"closed","user":{"login":"paolodina","id":1157401},"owner":"vinta","closed_at":"2014-08-08T01:48:43Z","id":39781064}
{"_id":{"$oid":"53e543f0bd3543a30a008c87"},"created_at":"2014-08-08T03:18:36Z","updated_at":"2014-08-08T16:58:47Z","repo":"awesome-python","state":"closed","user":{"login":"marclave","id":6176314},"owner":"vinta","closed_at":"2014-08-08T16:58:47Z","id":39789319}
{"_id":{"$oid":"53e543edbd3543a30a008c86"},"created_at":"2014-08-08T08:46:20Z","updated_at":"2014-08-08T08:46:20Z","repo":"awesome-python","state":"open","user":{"login":"urielha","id":5815603},"owner":"vinta","closed_at":null,"id":39803618}
{"_id":{"$oid":"54ba4bbfbd3543143d0035ee"},"created_at":"2014-08-09T03:31:29Z","updated_at":"2014-08-09T07:19:39Z","repo":"awesome-python","state":"closed","user":{"login":"skyline75489","id":4710575},"owner":"vinta","closed_at":"2014-08-09T07:19:39Z","id":39877298}
{"_id":{"$oid":"54ba4bbfbd3543143d0035ed"},"created_at":"2014-08-09T12:02:36Z","updated_at":"2014-08-13T14:09:33Z","repo":"awesome-python","state":"closed","user":{"login":"khaledmdiab","id":1372364},"owner":"vinta","closed_at":"2014-08-13T14:09:33Z","id":39884124}
{"_id":{"$oid":"54ba4bbfbd3543143d0035ec"},"created_at":"2014-08-09T13:54:23Z","updated_at":"2014-08-13T14:30:45Z","repo":"awesome-python","state":"closed","user":{"login":"clebio","id":811175},"owner":"vinta","closed_at":"2014-08-13T14:30:45Z","id":39885837}
{"_id":{"$oid":"54ba4bbfbd3543143d0035eb"},"created_at":"2014-08-10T04:52:03Z","updated_at":"2014-08-13T14:25:19Z","repo":"awesome-python","state":"closed","user":{"login":"marclave","id":6176314},"owner":"vinta","closed_at":"2014-08-13T14:25:19Z","id":39900996}
{"_id":{"$oid":"54ba4bbfbd3543143d0035ea"},"created_at":"2014-08-13T06:28:34Z","updated_at":"2014-08-13T14:25:19Z","repo":"awesome-python","state":"closed","user":{"login":"andrej2704","id":1634247},"owner":"vinta","closed_at":"2014-08-13T14:25:19Z","id":40126570}
{"_id":{"$oid":"54ba4bbebd3543143d0035e9"},"created_at":"2014-08-13T07:30:12Z","updated_at":"2014-08-13T14:15:03Z","repo":"awesome-python","state":"closed","user":{"login":"wal1ybot","id":7974976},"owner":"vinta","closed_at":"2014-08-13T14:15:03Z","id":40129537}
{"_id":{"$oid":"53ebbf61bd3543a4a3027260"},"created_at":"2014-08-13T15:05:43Z","updated_at":"2014-08-13T19:41:08Z","repo":"awesome-python","state":"closed","user":{"login":"wbolster","id":748944},"owner":"vinta","closed_at":"2014-08-13T15:14:08Z","id":40163795}
{"_id":{"$oid":"541cb453bd354307d7001905"},"created_at":"2014-08-14T23:08:58Z","updated_at":"2014-08-14T23:08:58Z","repo":"awesome-python","state":"open","user":{"login":"jaylenw","id":6505395},"owner":"vinta","closed_at":null,"id":40309352}
{"_id":{"$oid":"54ba4bbebd3543143d0035e8"},"created_at":"2014-08-18T08:30:50Z","updated_at":"2014-08-18T09:44:05Z","repo":"awesome-python","state":"closed","user":{"login":"ouiliame","id":990030},"owner":"vinta","closed_at":"2014-08-18T09:44:05Z","id":40465631}
{"_id":{"$oid":"54ba4bbebd3543143d0035e7"},"created_at":"2014-08-18T10:32:55Z","updated_at":"2014-08-23T10:44:32Z","repo":"awesome-python","state":"closed","user":{"login":"probar","id":6962657},"owner":"vinta","closed_at":"2014-08-23T10:44:32Z","id":40474262}
{"_id":{"$oid":"53f1da1ebd354385a0000a86"},"created_at":"2014-08-18T10:44:56Z","updated_at":"2014-08-18T10:44:56Z","repo":"awesome-python","state":"open","user":{"login":"probar","id":6962657},"owner":"vinta","closed_at":null,"id":40475311}
{"_id":{"$oid":"54ba4bbebd3543143d0035e6"},"created_at":"2014-08-18T16:38:13Z","updated_at":"2014-08-23T10:36:40Z","repo":"awesome-python","state":"closed","user":{"login":"probar","id":6962657},"owner":"vinta","closed_at":"2014-08-23T10:36:40Z","id":40507145}
{"_id":{"$oid":"54ba4bbebd3543143d0035e5"},"created_at":"2014-08-19T01:54:40Z","updated_at":"2014-08-23T09:59:12Z","repo":"awesome-python","state":"closed","user":{"login":"corpix","id":747362},"owner":"vinta","closed_at":"2014-08-23T09:59:12Z","id":40551196}
{"_id":{"$oid":"541cb453bd354307d7001904"},"created_at":"2014-08-19T07:26:30Z","updated_at":"2014-08-19T07:26:30Z","repo":"awesome-python","state":"open","user":{"login":"rubik","id":238549},"owner":"vinta","closed_at":null,"id":40564653}
{"_id":{"$oid":"541cb453bd354307d7001903"},"created_at":"2014-08-19T07:29:15Z","updated_at":"2014-08-19T07:29:15Z","repo":"awesome-python","state":"open","user":{"login":"rubik","id":238549},"owner":"vinta","closed_at":null,"id":40564797}
{"_id":{"$oid":"54ba4bbebd3543143d0035e4"},"created_at":"2014-08-20T15:51:29Z","updated_at":"2014-08-23T10:33:38Z","repo":"awesome-python","state":"closed","user":{"login":"jhermann","id":1068245},"owner":"vinta","closed_at":"2014-08-23T10:33:38Z","id":40713053}
{"_id":{"$oid":"53f5e418bd354386830182e6"},"created_at":"2014-08-21T10:52:09Z","updated_at":"2014-08-21T12:20:14Z","repo":"awesome-python","state":"open","user":{"login":"pahaz","id":1394025},"owner":"vinta","closed_at":null,"id":40792868}
{"_id":{"$oid":"541cb453bd354307d7001902"},"created_at":"2014-08-22T07:12:44Z","updated_at":"2014-08-22T07:12:44Z","repo":"awesome-python","state":"open","user":{"login":"itsnauman","id":6206210},"owner":"vinta","closed_at":null,"id":40884332}
{"_id":{"$oid":"54ba4bbebd3543143d0035e3"},"created_at":"2014-08-22T19:56:21Z","updated_at":"2014-08-23T10:25:05Z","repo":"awesome-python","state":"closed","user":{"login":"andrej2704","id":1634247},"owner":"vinta","closed_at":"2014-08-23T10:25:05Z","id":40944566}
{"_id":{"$oid":"541cb457bd354307d7001913"},"created_at":"2014-08-24T17:02:28Z","updated_at":"2014-08-26T15:08:46Z","repo":"awesome-python","state":"closed","user":{"login":"probar","id":6962657},"owner":"vinta","closed_at":"2014-08-26T15:08:46Z","id":41013932}
{"_id":{"$oid":"541cb453bd354307d7001901"},"created_at":"2014-08-25T01:54:50Z","updated_at":"2014-08-25T01:54:50Z","repo":"awesome-python","state":"open","user":{"login":"jerryling315","id":5306213},"owner":"vinta","closed_at":null,"id":41026979}
{"_id":{"$oid":"541cb457bd354307d7001912"},"created_at":"2014-08-25T09:29:52Z","updated_at":"2014-09-01T09:45:25Z","repo":"awesome-python","state":"closed","user":{"login":"samoturk","id":3465473},"owner":"vinta","closed_at":"2014-09-01T09:45:25Z","id":41046231}
{"_id":{"$oid":"541cb457bd354307d7001911"},"created_at":"2014-08-25T14:58:50Z","updated_at":"2014-09-01T09:47:09Z","repo":"awesome-python","state":"closed","user":{"login":"probar","id":6962657},"owner":"vinta","closed_at":"2014-09-01T09:47:09Z","id":41069543}
{"_id":{"$oid":"541cb457bd354307d7001910"},"created_at":"2014-08-25T15:34:59Z","updated_at":"2014-08-27T05:45:56Z","repo":"awesome-python","state":"closed","user":{"login":"syndbg","id":6031925},"owner":"vinta","closed_at":"2014-08-27T05:45:56Z","id":41073328}
{"_id":{"$oid":"541cb457bd354307d700190f"},"created_at":"2014-08-26T13:55:13Z","updated_at":"2014-08-27T05:44:39Z","repo":"awesome-python","state":"closed","user":{"login":"claytonaalves","id":415545},"owner":"vinta","closed_at":"2014-08-27T05:44:39Z","id":41174486}
{"_id":{"$oid":"541cb457bd354307d700190e"},"created_at":"2014-08-27T07:00:34Z","updated_at":"2014-09-01T09:48:23Z","repo":"awesome-python","state":"closed","user":{"login":"mischapeters","id":7456624},"owner":"vinta","closed_at":"2014-09-01T09:48:23Z","id":41254214}
{"_id":{"$oid":"541cb457bd354307d700190d"},"created_at":"2014-08-28T18:28:01Z","updated_at":"2014-09-01T09:49:16Z","repo":"awesome-python","state":"closed","user":{"login":"probar","id":6962657},"owner":"vinta","closed_at":"2014-09-01T09:49:16Z","id":41425295}
{"_id":{"$oid":"541cb457bd354307d700190c"},"created_at":"2014-08-28T19:31:19Z","updated_at":"2014-09-01T09:49:52Z","repo":"awesome-python","state":"closed","user":{"login":"Xuefeng-Zhu","id":5875315},"owner":"vinta","closed_at":"2014-09-01T09:49:52Z","id":41432249}
{"_id":{"$oid":"541cb457bd354307d700190b"},"created_at":"2014-09-01T14:43:12Z","updated_at":"2014-09-01T14:52:00Z","repo":"awesome-python","state":"closed","user":{"login":"mischapeters","id":7456624},"owner":"vinta","closed_at":"2014-09-01T14:52:00Z","id":41643102}
{"_id":{"$oid":"541cb457bd354307d700190a"},"created_at":"2014-09-02T11:04:07Z","updated_at":"2014-09-02T11:04:39Z","repo":"awesome-python","state":"closed","user":{"login":"abhijitpatkar","id":6171968},"owner":"vinta","closed_at":"2014-09-02T11:04:39Z","id":41697654}
{"_id":{"$oid":"541cb453bd354307d7001900"},"created_at":"2014-09-05T18:14:05Z","updated_at":"2014-09-05T18:14:05Z","repo":"awesome-python","state":"open","user":{"login":"shantanoo","id":853},"owner":"vinta","closed_at":null,"id":42074197}
{"_id":{"$oid":"541cb457bd354307d7001909"},"created_at":"2014-09-06T03:14:34Z","updated_at":"2014-09-10T07:49:05Z","repo":"awesome-python","state":"closed","user":{"login":"mgaitan","id":2355719},"owner":"vinta","closed_at":"2014-09-10T07:49:05Z","id":42107168}
{"_id":{"$oid":"541cb457bd354307d7001908"},"created_at":"2014-09-06T12:29:20Z","updated_at":"2014-09-10T07:54:51Z","repo":"awesome-python","state":"closed","user":{"login":"andrej2704","id":1634247},"owner":"vinta","closed_at":"2014-09-10T07:54:51Z","id":42115629}
{"_id":{"$oid":"541cb457bd354307d7001907"},"created_at":"2014-09-10T16:31:30Z","updated_at":"2014-09-11T05:10:08Z","repo":"awesome-python","state":"closed","user":{"login":"Eyjafjallajokull","id":270388},"owner":"vinta","closed_at":"2014-09-11T05:10:08Z","id":42432528}
{"_id":{"$oid":"541cb453bd354307d70018ff"},"created_at":"2014-09-11T23:53:43Z","updated_at":"2014-09-11T23:53:43Z","repo":"awesome-python","state":"open","user":{"login":"Foxboron","id":1042946},"owner":"vinta","closed_at":null,"id":42583700}
{"_id":{"$oid":"541cb453bd354307d70018fe"},"created_at":"2014-09-12T22:02:04Z","updated_at":"2014-09-12T22:02:04Z","repo":"awesome-python","state":"open","user":{"login":"delfick","id":109301},"owner":"vinta","closed_at":null,"id":42674978}
{"_id":{"$oid":"541cb453bd354307d70018fd"},"created_at":"2014-09-13T18:43:06Z","updated_at":"2014-09-13T18:43:06Z","repo":"awesome-python","state":"open","user":{"login":"lerxyz","id":8229325},"owner":"vinta","closed_at":null,"id":42702606}
{"_id":{"$oid":"541cb457bd354307d7001906"},"created_at":"2014-09-15T23:04:36Z","updated_at":"2014-09-17T16:32:42Z","repo":"awesome-python","state":"closed","user":{"login":"dhamaniasad","id":4560482},"owner":"vinta","closed_at":"2014-09-17T16:32:42Z","id":42828505}
{"_id":{"$oid":"543631fbbd354304520097d9"},"created_at":"2014-09-21T01:49:16Z","updated_at":"2014-09-21T01:49:16Z","repo":"awesome-python","state":"open","user":{"login":"adriank","id":176754},"owner":"vinta","closed_at":null,"id":43324473}
{"_id":{"$oid":"54ba4bbebd3543143d0035e2"},"created_at":"2014-09-22T21:46:39Z","updated_at":"2014-09-24T18:31:08Z","repo":"awesome-python","state":"closed","user":{"login":"camarajm","id":667453},"owner":"vinta","closed_at":"2014-09-24T18:31:08Z","id":43558407}
{"_id":{"$oid":"543631fbbd354304520097d8"},"created_at":"2014-09-23T09:54:23Z","updated_at":"2014-09-23T09:54:23Z","repo":"awesome-python","state":"open","user":{"login":"uweschmitt","id":898264},"owner":"vinta","closed_at":null,"id":43610168}
{"_id":{"$oid":"543631fbbd354304520097d7"},"created_at":"2014-09-24T17:33:34Z","updated_at":"2014-09-24T17:51:04Z","repo":"awesome-python","state":"open","user":{"login":"salilnavgire","id":3666540},"owner":"vinta","closed_at":null,"id":43792660}
{"_id":{"$oid":"54ba4bbebd3543143d0035e1"},"created_at":"2014-09-26T14:41:01Z","updated_at":"2014-09-26T22:07:14Z","repo":"awesome-python","state":"closed","user":{"login":"filinpavel","id":2696077},"owner":"vinta","closed_at":"2014-09-26T22:07:14Z","id":44068749}
{"_id":{"$oid":"54ba4bbebd3543143d0035e0"},"created_at":"2014-09-27T13:37:16Z","updated_at":"2014-10-04T02:22:21Z","repo":"awesome-python","state":"closed","user":{"login":"Alir3z4","id":591113},"owner":"vinta","closed_at":"2014-10-04T02:22:21Z","id":44172782}
{"_id":{"$oid":"543631febd354304520097da"},"created_at":"2014-09-30T19:16:54Z","updated_at":"2014-10-09T06:58:01Z","repo":"awesome-python","state":"closed","user":{"login":"kmonsoor","id":1219418},"owner":"vinta","closed_at":"2014-10-09T05:13:12Z","id":44488119}
{"_id":{"$oid":"5434d3d4bd35436182074bea"},"created_at":"2014-10-08T06:03:46Z","updated_at":"2014-10-08T06:03:58Z","repo":"awesome-python","state":"open","user":{"login":"vinta","id":652070},"owner":"vinta","closed_at":null,"id":45207530}
{"_id":{"$oid":"54364b89bd3543fcfe009ca7"},"created_at":"2014-10-09T08:36:26Z","updated_at":"2014-10-09T08:46:48Z","repo":"awesome-python","state":"closed","user":{"login":"kkc","id":129365},"owner":"vinta","closed_at":"2014-10-09T08:46:48Z","id":45340594}
{"_id":{"$oid":"54ba4bbebd3543143d0035df"},"created_at":"2014-10-09T11:34:50Z","updated_at":"2014-10-10T08:35:32Z","repo":"awesome-python","state":"closed","user":{"login":"andriykohut","id":3106616},"owner":"vinta","closed_at":"2014-10-10T08:35:32Z","id":45355614}
{"_id":{"$oid":"54ba4bbebd3543143d0035de"},"created_at":"2014-10-09T12:24:25Z","updated_at":"2014-10-10T08:19:16Z","repo":"awesome-python","state":"closed","user":{"login":"widnyana","id":937158},"owner":"vinta","closed_at":"2014-10-10T08:19:16Z","id":45359811}
{"_id":{"$oid":"5436a889bd3543f8ed00c953"},"created_at":"2014-10-09T15:09:48Z","updated_at":"2014-10-09T15:23:39Z","repo":"awesome-python","state":"open","user":{"login":"DavidJFelix","id":263432},"owner":"vinta","closed_at":null,"id":45377762}
{"_id":{"$oid":"54ba4bbdbd3543143d0035dd"},"created_at":"2014-10-13T07:59:25Z","updated_at":"2014-10-16T01:18:29Z","repo":"awesome-python","state":"closed","user":{"login":"GeonU","id":4019262},"owner":"vinta","closed_at":"2014-10-16T01:18:29Z","id":45617454}
{"_id":{"$oid":"546f0450bd3543c1660262dc"},"created_at":"2014-10-13T22:11:33Z","updated_at":"2014-10-13T22:11:33Z","repo":"awesome-python","state":"open","user":{"login":"jamespo","id":1472544},"owner":"vinta","closed_at":null,"id":45691709}
{"_id":{"$oid":"546f0450bd3543c1660262db"},"created_at":"2014-10-14T08:12:24Z","updated_at":"2014-10-14T08:12:24Z","repo":"awesome-python","state":"open","user":{"login":"yoloseem","id":249795},"owner":"vinta","closed_at":null,"id":45723051}
{"_id":{"$oid":"54ba4bbdbd3543143d0035dc"},"created_at":"2014-10-14T08:14:54Z","updated_at":"2014-10-14T09:04:50Z","repo":"awesome-python","state":"closed","user":{"login":"yoloseem","id":249795},"owner":"vinta","closed_at":"2014-10-14T09:04:50Z","id":45723274}
{"_id":{"$oid":"54ba4bbdbd3543143d0035db"},"created_at":"2014-10-15T15:26:40Z","updated_at":"2014-10-16T01:17:50Z","repo":"awesome-python","state":"closed","user":{"login":"josselex","id":8465194},"owner":"vinta","closed_at":"2014-10-16T01:17:50Z","id":45881535}
{"_id":{"$oid":"54ba4bbdbd3543143d0035da"},"created_at":"2014-10-17T17:18:59Z","updated_at":"2014-10-17T20:30:44Z","repo":"awesome-python","state":"closed","user":{"login":"kunalparmar","id":848623},"owner":"vinta","closed_at":"2014-10-17T20:30:44Z","id":46122723}
{"_id":{"$oid":"546f0450bd3543c1660262da"},"created_at":"2014-10-17T20:30:30Z","updated_at":"2014-10-17T20:30:30Z","repo":"awesome-python","state":"open","user":{"login":"kunalparmar","id":848623},"owner":"vinta","closed_at":null,"id":46140853}
{"_id":{"$oid":"546f0450bd3543c1660262d9"},"created_at":"2014-10-17T21:00:28Z","updated_at":"2014-10-17T21:00:28Z","repo":"awesome-python","state":"open","user":{"login":"kunalparmar","id":848623},"owner":"vinta","closed_at":null,"id":46143839}
{"_id":{"$oid":"546f0450bd3543c1660262d8"},"created_at":"2014-10-17T21:09:12Z","updated_at":"2014-10-17T21:09:12Z","repo":"awesome-python","state":"open","user":{"login":"kunalparmar","id":848623},"owner":"vinta","closed_at":null,"id":46144641}
{"_id":{"$oid":"546f0450bd3543c1660262d7"},"created_at":"2014-10-18T15:25:16Z","updated_at":"2014-10-18T15:25:16Z","repo":"awesome-python","state":"open","user":{"login":"dhamaniasad","id":4560482},"owner":"vinta","closed_at":null,"id":46178861}
{"_id":{"$oid":"5446c761bd3543a07004077c"},"created_at":"2014-10-21T20:38:21Z","updated_at":"2014-10-21T20:51:40Z","repo":"awesome-python","state":"open","user":{"login":"dhamaniasad","id":4560482},"owner":"vinta","closed_at":null,"id":46441728}
{"_id":{"$oid":"54ba4bbdbd3543143d0035d9"},"created_at":"2014-10-22T07:45:06Z","updated_at":"2014-10-25T05:33:38Z","repo":"awesome-python","state":"closed","user":{"login":"reubano","id":157864},"owner":"vinta","closed_at":"2014-10-25T05:33:38Z","id":46481361}
{"_id":{"$oid":"546f0450bd3543c1660262d6"},"created_at":"2014-10-23T01:32:03Z","updated_at":"2014-10-23T01:32:03Z","repo":"awesome-python","state":"open","user":{"login":"rafaels88","id":438257},"owner":"vinta","closed_at":null,"id":46579903}
{"_id":{"$oid":"546f0450bd3543c1660262d5"},"created_at":"2014-10-23T13:44:10Z","updated_at":"2014-10-23T13:44:10Z","repo":"awesome-python","state":"open","user":{"login":"malexer","id":1673746},"owner":"vinta","closed_at":null,"id":46625768}
{"_id":{"$oid":"544faa59bd3543a191054b0f"},"created_at":"2014-10-27T02:16:32Z","updated_at":"2014-10-28T14:34:05Z","repo":"awesome-python","state":"open","user":{"login":"kbknapp","id":6942134},"owner":"vinta","closed_at":null,"id":46863986}
{"_id":{"$oid":"544faa59bd3543a191054b0e"},"created_at":"2014-10-27T22:24:36Z","updated_at":"2014-10-27T22:24:36Z","repo":"awesome-python","state":"open","user":{"login":"natas333x2","id":3092265},"owner":"vinta","closed_at":null,"id":46967538}
{"_id":{"$oid":"54576d32bd3543e5ab0126a0"},"created_at":"2014-11-03T10:50:38Z","updated_at":"2014-11-03T11:55:26Z","repo":"awesome-python","state":"open","user":{"login":"drakeguan","id":41723},"owner":"vinta","closed_at":null,"id":47581652}
{"_id":{"$oid":"54ba4bbdbd3543143d0035d8"},"created_at":"2014-11-11T03:35:53Z","updated_at":"2014-11-11T06:19:47Z","repo":"awesome-python","state":"closed","user":{"login":"filinpavel","id":2696077},"owner":"vinta","closed_at":"2014-11-11T06:19:47Z","id":48344424}
{"_id":{"$oid":"54ba4bbdbd3543143d0035d7"},"created_at":"2014-11-14T06:46:21Z","updated_at":"2014-11-14T07:54:32Z","repo":"awesome-python","state":"closed","user":{"login":"GeonU","id":4019262},"owner":"vinta","closed_at":"2014-11-14T07:54:32Z","id":48741768}
{"_id":{"$oid":"54661961bd3543c20b00312d"},"created_at":"2014-11-14T08:17:18Z","updated_at":"2014-11-14T08:20:42Z","repo":"awesome-python","state":"open","user":{"login":"dhamaniasad","id":4560482},"owner":"vinta","closed_at":null,"id":48751424}
{"_id":{"$oid":"54661961bd3543c20b00312c"},"created_at":"2014-11-14T10:02:02Z","updated_at":"2014-11-14T10:03:46Z","repo":"awesome-python","state":"open","user":{"login":"molivier","id":2124293},"owner":"vinta","closed_at":null,"id":48765458}
{"_id":{"$oid":"546f0450bd3543c1660262d4"},"created_at":"2014-11-14T15:54:24Z","updated_at":"2014-11-14T15:54:24Z","repo":"awesome-python","state":"open","user":{"login":"dmcc","id":637285},"owner":"vinta","closed_at":null,"id":48804843}
{"_id":{"$oid":"546f0450bd3543c1660262d3"},"created_at":"2014-11-14T20:02:27Z","updated_at":"2014-11-20T14:20:23Z","repo":"awesome-python","state":"open","user":{"login":"kaustubhsant","id":8842035},"owner":"vinta","closed_at":null,"id":48833511}
{"_id":{"$oid":"546f0450bd3543c1660262d2"},"created_at":"2014-11-15T12:41:32Z","updated_at":"2014-11-15T12:41:32Z","repo":"awesome-python","state":"open","user":{"login":"dhamaniasad","id":4560482},"owner":"vinta","closed_at":null,"id":48902561}
{"_id":{"$oid":"5468b81bbd3543c0d800a1e6"},"created_at":"2014-11-16T10:59:47Z","updated_at":"2014-11-16T10:59:47Z","repo":"awesome-python","state":"open","user":{"login":"OlegWock","id":7430438},"owner":"vinta","closed_at":null,"id":48971194}
{"_id":{"$oid":"54ba4bbdbd3543143d0035d6"},"created_at":"2014-11-16T15:13:05Z","updated_at":"2014-11-16T21:38:13Z","repo":"awesome-python","state":"closed","user":{"login":"multikatt","id":389800},"owner":"vinta","closed_at":"2014-11-16T21:38:13Z","id":48992094}
{"_id":{"$oid":"546f0454bd3543c1660262de"},"created_at":"2014-11-18T09:34:33Z","updated_at":"2014-11-21T09:21:51Z","repo":"awesome-python","state":"closed","user":{"login":"dhamaniasad","id":4560482},"owner":"vinta","closed_at":"2014-11-19T20:47:56Z","id":49199475}
{"_id":{"$oid":"546f0454bd3543c1660262dd"},"created_at":"2014-11-19T10:25:12Z","updated_at":"2014-11-19T20:49:02Z","repo":"awesome-python","state":"closed","user":{"login":"techtonik","id":515889},"owner":"vinta","closed_at":"2014-11-19T20:49:02Z","id":49363197}
{"_id":{"$oid":"546f0450bd3543c1660262d1"},"created_at":"2014-11-19T12:47:16Z","updated_at":"2014-11-19T12:47:16Z","repo":"awesome-python","state":"open","user":{"login":"hitalex","id":1267462},"owner":"vinta","closed_at":null,"id":49383221}
{"_id":{"$oid":"54ba4bbdbd3543143d0035d5"},"created_at":"2014-11-23T05:12:03Z","updated_at":"2014-11-24T08:40:13Z","repo":"awesome-python","state":"closed","user":{"login":"akash0x53","id":1938635},"owner":"vinta","closed_at":"2014-11-24T08:40:13Z","id":49815026}
{"_id":{"$oid":"54ba4bbdbd3543143d0035d4"},"created_at":"2014-11-24T11:02:02Z","updated_at":"2014-11-24T11:48:50Z","repo":"awesome-python","state":"closed","user":{"login":"molivier","id":2124293},"owner":"vinta","closed_at":"2014-11-24T11:48:50Z","id":49877615}
{"_id":{"$oid":"547a30b7bd354316b8002569"},"created_at":"2014-11-28T12:36:53Z","updated_at":"2014-11-28T23:04:29Z","repo":"awesome-python","state":"open","user":{"login":"leogregianin","id":1684053},"owner":"vinta","closed_at":null,"id":50370348}
{"_id":{"$oid":"547a30b7bd354316b8002568"},"created_at":"2014-11-29T03:21:19Z","updated_at":"2014-11-29T03:21:19Z","repo":"awesome-python","state":"open","user":{"login":"jxnl","id":4852235},"owner":"vinta","closed_at":null,"id":50413673}
{"_id":{"$oid":"54ba4bbdbd3543143d0035d3"},"created_at":"2014-11-30T18:09:29Z","updated_at":"2014-12-02T08:36:42Z","repo":"awesome-python","state":"closed","user":{"login":"dhamaniasad","id":4560482},"owner":"vinta","closed_at":"2014-12-02T08:36:42Z","id":50465382}
{"_id":{"$oid":"547c8e01bd354317bf00ab6f"},"created_at":"2014-12-01T12:29:27Z","updated_at":"2014-12-01T14:23:57Z","repo":"awesome-python","state":"open","user":{"login":"yannik-ammann","id":8348695},"owner":"vinta","closed_at":null,"id":50518673}
{"_id":{"$oid":"54ba4bbdbd3543143d0035d2"},"created_at":"2014-12-02T08:10:14Z","updated_at":"2014-12-02T08:35:03Z","repo":"awesome-python","state":"closed","user":{"login":"avichalp","id":5305984},"owner":"vinta","closed_at":"2014-12-02T08:35:03Z","id":50622697}
{"_id":{"$oid":"548b8c8fbd35430f2b00786e"},"created_at":"2014-12-04T11:03:33Z","updated_at":"2014-12-07T19:02:05Z","repo":"awesome-python","state":"closed","user":{"login":"chhantyal","id":862941},"owner":"vinta","closed_at":"2014-12-07T19:02:05Z","id":50962330}
{"_id":{"$oid":"548b8c8dbd35430f2b00786d"},"created_at":"2014-12-04T16:14:21Z","updated_at":"2014-12-04T16:14:21Z","repo":"awesome-python","state":"open","user":{"login":"dhamaniasad","id":4560482},"owner":"vinta","closed_at":null,"id":50994349}
{"_id":{"$oid":"548b8c8dbd35430f2b00786c"},"created_at":"2014-12-05T05:49:27Z","updated_at":"2014-12-05T05:49:27Z","repo":"awesome-python","state":"open","user":{"login":"Yasumoto","id":48383},"owner":"vinta","closed_at":null,"id":51065742}
{"_id":{"$oid":"548b8c8dbd35430f2b00786b"},"created_at":"2014-12-08T09:26:08Z","updated_at":"2014-12-09T06:38:10Z","repo":"awesome-python","state":"open","user":{"login":"myd7349","id":5435649},"owner":"vinta","closed_at":null,"id":51272719}
{"_id":{"$oid":"548b8c8dbd35430f2b00786a"},"created_at":"2014-12-08T16:50:08Z","updated_at":"2014-12-08T16:50:08Z","repo":"awesome-python","state":"open","user":{"login":"rddaz2013","id":4153292},"owner":"vinta","closed_at":null,"id":51323879}
{"_id":{"$oid":"548b8c8dbd35430f2b007869"},"created_at":"2014-12-09T04:55:48Z","updated_at":"2014-12-10T12:46:54Z","repo":"awesome-python","state":"open","user":{"login":"dhamaniasad","id":4560482},"owner":"vinta","closed_at":null,"id":51388051}
{"_id":{"$oid":"548b8c8dbd35430f2b007868"},"created_at":"2014-12-09T06:30:24Z","updated_at":"2014-12-09T09:05:22Z","repo":"awesome-python","state":"open","user":{"login":"myd7349","id":5435649},"owner":"vinta","closed_at":null,"id":51392751}
{"_id":{"$oid":"548b6e6cbd354323940057df"},"created_at":"2014-12-09T11:41:42Z","updated_at":"2014-12-09T11:41:42Z","repo":"awesome-python","state":"open","user":{"login":"mpenning","id":36991},"owner":"vinta","closed_at":null,"id":51417788}
{"_id":{"$oid":"54925cbebd354331ce0018fc"},"created_at":"2014-12-18T04:48:46Z","updated_at":"2014-12-18T04:48:46Z","repo":"awesome-python","state":"open","user":{"login":"panzhangwang","id":4576051},"owner":"vinta","closed_at":null,"id":52325332}
{"_id":{"$oid":"549323eebd35431c7b005572"},"created_at":"2014-12-18T18:58:29Z","updated_at":"2014-12-18T18:58:29Z","repo":"awesome-python","state":"open","user":{"login":"tmehlinger","id":732339},"owner":"vinta","closed_at":null,"id":52402386}
{"_id":{"$oid":"54ba4bbdbd3543143d0035d1"},"created_at":"2014-12-21T14:41:35Z","updated_at":"2014-12-26T15:58:45Z","repo":"awesome-python","state":"closed","user":{"login":"0xKD","id":1314724},"owner":"vinta","closed_at":"2014-12-26T15:58:45Z","id":52596923}
{"_id":{"$oid":"54ba4bbdbd3543143d0035d0"},"created_at":"2014-12-26T11:30:54Z","updated_at":"2014-12-26T15:50:19Z","repo":"awesome-python","state":"closed","user":{"login":"andrej2704","id":1634247},"owner":"vinta","closed_at":"2014-12-26T15:50:19Z","id":52896370}
{"_id":{"$oid":"54ba4bbdbd3543143d0035cf"},"created_at":"2014-12-27T05:19:34Z","updated_at":"2014-12-27T05:50:53Z","repo":"awesome-python","state":"closed","user":{"login":"akash0x53","id":1938635},"owner":"vinta","closed_at":"2014-12-27T05:50:53Z","id":52948692}
{"_id":{"$oid":"54ba4bbdbd3543143d0035ce"},"created_at":"2014-12-29T23:32:58Z","updated_at":"2014-12-30T05:42:03Z","repo":"awesome-python","state":"closed","user":{"login":"mbra","id":641940},"owner":"vinta","closed_at":"2014-12-30T05:42:03Z","id":53081141}
{"_id":{"$oid":"54ba4bbdbd3543143d0035cd"},"created_at":"2014-12-31T10:45:56Z","updated_at":"2014-12-31T11:13:28Z","repo":"awesome-python","state":"closed","user":{"login":"melvin0008","id":5201724},"owner":"vinta","closed_at":"2014-12-31T11:13:28Z","id":53178213}
{"_id":{"$oid":"54a5fbf8bd35433a48002dbc"},"created_at":"2015-01-02T01:59:55Z","updated_at":"2015-01-02T02:01:23Z","repo":"awesome-python","state":"open","user":{"login":"dawsonbotsford","id":3408480},"owner":"vinta","closed_at":null,"id":53234407}
{"_id":{"$oid":"54ba4bbabd3543143d0035cb"},"created_at":"2015-01-02T23:17:15Z","updated_at":"2015-01-02T23:17:15Z","repo":"awesome-python","state":"open","user":{"login":"chhantyal","id":862941},"owner":"vinta","closed_at":null,"id":53285121}
{"_id":{"$oid":"54ba4bbdbd3543143d0035cc"},"created_at":"2015-01-03T20:42:33Z","updated_at":"2015-01-05T06:29:05Z","repo":"awesome-python","state":"closed","user":{"login":"pauloromeira","id":1191135},"owner":"vinta","closed_at":"2015-01-05T06:29:05Z","id":53314802}
{"_id":{"$oid":"54a9de13bd35433e8200a99f"},"created_at":"2015-01-05T00:42:54Z","updated_at":"2015-01-05T00:42:54Z","repo":"awesome-python","state":"open","user":{"login":"helambuapps","id":7665028},"owner":"vinta","closed_at":null,"id":53354923}
{"_id":{"$oid":"54ba4bb9bd3543143d0035ca"},"created_at":"2015-01-05T01:30:59Z","updated_at":"2015-01-05T01:30:59Z","repo":"awesome-python","state":"open","user":{"login":"lukasz-madon","id":1547923},"owner":"vinta","closed_at":null,"id":53356492}
{"_id":{"$oid":"54aaaf1bbd35433a2400c636"},"created_at":"2015-01-05T15:06:10Z","updated_at":"2015-01-05T15:34:41Z","repo":"awesome-python","state":"open","user":{"login":"haard","id":645326},"owner":"vinta","closed_at":null,"id":53404792}
{"_id":{"$oid":"54ba4bb9bd3543143d0035c9"},"created_at":"2015-01-06T02:04:31Z","updated_at":"2015-01-06T02:04:31Z","repo":"awesome-python","state":"open","user":{"login":"aaur0","id":1436020},"owner":"vinta","closed_at":null,"id":53472448}
{"_id":{"$oid":"54ba4bb9bd3543143d0035c8"},"created_at":"2015-01-11T19:58:29Z","updated_at":"2015-01-11T19:58:29Z","repo":"awesome-python","state":"open","user":{"login":"torwart","id":10358036},"owner":"vinta","closed_at":null,"id":54002701}
{"_id":{"$oid":"54b80c81bd35430252001640"},"created_at":"2015-01-14T10:10:23Z","updated_at":"2015-01-14T10:20:01Z","repo":"awesome-python","state":"open","user":{"login":"ecarreras","id":294235},"owner":"vinta","closed_at":null,"id":54304541}
{"_id":{"$oid":"54ba4bb9bd3543143d0035c7"},"created_at":"2015-01-15T19:12:43Z","updated_at":"2015-01-15T19:12:43Z","repo":"awesome-python","state":"open","user":{"login":"jaimegildesagredo","id":825580},"owner":"vinta","closed_at":null,"id":54490749}
{"_id":{"$oid":"54ba4612bd3543edf000e35d"},"created_at":"2015-01-17T11:22:54Z","updated_at":"2015-01-17T11:22:54Z","repo":"awesome-python","state":"open","user":{"login":"medecau","id":59870},"owner":"vinta","closed_at":null,"id":54658959}
{"_id":{"$oid":"55081ba0bd3543ceb6005890"},"created_at":"2015-01-26T13:45:31Z","updated_at":"2015-01-26T13:45:31Z","repo":"awesome-python","state":"open","user":{"login":"cugbmeow","id":608020},"owner":"vinta","closed_at":null,"id":55483557}
{"_id":{"$oid":"55081b9fbd3543ceb600588f"},"created_at":"2015-01-27T12:09:19Z","updated_at":"2015-01-27T12:10:39Z","repo":"awesome-python","state":"open","user":{"login":"amazpyel","id":7237946},"owner":"vinta","closed_at":null,"id":55610003}
{"_id":{"$oid":"55081b9fbd3543ceb600588e"},"created_at":"2015-01-30T04:41:01Z","updated_at":"2015-01-30T04:41:01Z","repo":"awesome-python","state":"open","user":{"login":"christopher-ramirez","id":1440398},"owner":"vinta","closed_at":null,"id":55994092}
{"_id":{"$oid":"55081b9fbd3543ceb600588d"},"created_at":"2015-01-30T05:15:50Z","updated_at":"2015-01-30T05:15:50Z","repo":"awesome-python","state":"open","user":{"login":"vladsimachkov","id":288338},"owner":"vinta","closed_at":null,"id":55995721}
{"_id":{"$oid":"55081b9fbd3543ceb600588c"},"created_at":"2015-01-30T08:28:14Z","updated_at":"2015-01-30T08:28:14Z","repo":"awesome-python","state":"open","user":{"login":"sixu05202004","id":1628556},"owner":"vinta","closed_at":null,"id":56006870}
{"_id":{"$oid":"55081b9fbd3543ceb600588b"},"created_at":"2015-02-04T11:33:33Z","updated_at":"2015-02-04T11:33:33Z","repo":"awesome-python","state":"open","user":{"login":"youtux","id":778703},"owner":"vinta","closed_at":null,"id":56515451}
{"_id":{"$oid":"55081b9fbd3543ceb600588a"},"created_at":"2015-02-05T14:44:47Z","updated_at":"2015-02-05T14:44:47Z","repo":"awesome-python","state":"open","user":{"login":"frgtn","id":143999},"owner":"vinta","closed_at":null,"id":56678764}
{"_id":{"$oid":"55081b9fbd3543ceb6005889"},"created_at":"2015-02-13T23:07:23Z","updated_at":"2015-02-13T23:07:23Z","repo":"awesome-python","state":"open","user":{"login":"drgarcia1986","id":5291018},"owner":"vinta","closed_at":null,"id":57666292}
{"_id":{"$oid":"55081b9fbd3543ceb6005888"},"created_at":"2015-02-14T02:06:25Z","updated_at":"2015-02-14T02:06:25Z","repo":"awesome-python","state":"open","user":{"login":"rocky","id":8851},"owner":"vinta","closed_at":null,"id":57676880}
{"_id":{"$oid":"54f4630abd35432bba000bbe"},"created_at":"2015-03-02T13:17:19Z","updated_at":"2015-03-02T13:17:58Z","repo":"awesome-python","state":"open","user":{"login":"bennynis","id":4338981},"owner":"vinta","closed_at":null,"id":59479774}
{"_id":{"$oid":"54f55d5abd3543298a003f68"},"created_at":"2015-03-03T04:04:19Z","updated_at":"2015-03-03T07:05:54Z","repo":"awesome-python","state":"open","user":{"login":"aspyatkin","id":4273812},"owner":"vinta","closed_at":null,"id":59592377}
{"_id":{"$oid":"55081b9fbd3543ceb6005887"},"created_at":"2015-03-06T03:50:19Z","updated_at":"2015-03-06T03:50:19Z","repo":"awesome-python","state":"open","user":{"login":"ameily","id":749571},"owner":"vinta","closed_at":null,"id":60055660}
{"_id":{"$oid":"55081b9ebd3543ceb6005886"},"created_at":"2015-03-08T01:28:37Z","updated_at":"2015-03-08T01:29:18Z","repo":"awesome-python","state":"open","user":{"login":"luzfcb","id":807599},"owner":"vinta","closed_at":null,"id":60235513}
{"_id":{"$oid":"54ffcb6abd3543c50f01d551"},"created_at":"2015-03-11T04:57:14Z","updated_at":"2015-03-11T04:57:14Z","repo":"awesome-python","state":"open","user":{"login":"wayne-china","id":2786694},"owner":"vinta","closed_at":null,"id":60610619}
{"_id":{"$oid":"55081b9ebd3543ceb6005885"},"created_at":"2015-03-13T09:58:33Z","updated_at":"2015-03-13T09:58:33Z","repo":"awesome-python","state":"open","user":{"login":"geekpradd","id":7867775},"owner":"vinta","closed_at":null,"id":61026419}
{"_id":{"$oid":"55081b9ebd3543ceb6005884"},"created_at":"2015-03-13T13:04:28Z","updated_at":"2015-03-13T13:04:28Z","repo":"awesome-python","state":"open","user":{"login":"1a23456789","id":10496537},"owner":"vinta","closed_at":null,"id":61059612}
{"_id":{"$oid":"55081b9ebd3543ceb6005883"},"created_at":"2015-03-14T13:59:36Z","updated_at":"2015-03-14T13:59:36Z","repo":"awesome-python","state":"open","user":{"login":"vaal-","id":632771},"owner":"vinta","closed_at":null,"id":61614896}
{"_id":{"$oid":"55081b9ebd3543ceb6005882"},"created_at":"2015-03-17T04:10:28Z","updated_at":"2015-03-17T04:10:28Z","repo":"awesome-python","state":"open","user":{"login":"aspyatkin","id":4273812},"owner":"vinta","closed_at":null,"id":62281217}
{"_id":{"$oid":"55081ba5bd3543ceb6005891"},"created_at":"2015-03-17T04:15:30Z","updated_at":"2015-03-17T05:08:10Z","repo":"awesome-python","state":"closed","user":{"login":"aspyatkin","id":4273812},"owner":"vinta","closed_at":"2015-03-17T04:58:58Z","id":62282415}
{"_id":{"$oid":"55081b9ebd3543ceb6005881"},"created_at":"2015-03-17T08:41:31Z","updated_at":"2015-03-17T08:41:31Z","repo":"awesome-python","state":"open","user":{"login":"aspyatkin","id":4273812},"owner":"vinta","closed_at":null,"id":62329761}
{"_id":{"$oid":"55081b9ebd3543ceb6005880"},"created_at":"2015-03-17T11:20:14Z","updated_at":"2015-03-17T11:20:14Z","repo":"awesome-python","state":"open","user":{"login":"linkyndy","id":319844},"owner":"vinta","closed_at":null,"id":62368352}
{"_id":{"$oid":"5549044ebd354370ea00dc01"},"created_at":"2015-03-17T18:18:51Z","updated_at":"2015-03-17T18:18:51Z","repo":"awesome-python","state":"open","user":{"login":"tvavrys","id":2259134},"owner":"vinta","closed_at":null,"id":62475952}
{"_id":{"$oid":"5549044ebd354370ea00dc00"},"created_at":"2015-03-18T10:16:43Z","updated_at":"2015-03-30T15:01:15Z","repo":"awesome-python","state":"open","user":{"login":"7kfpun","id":2672802},"owner":"vinta","closed_at":null,"id":62650220}
{"_id":{"$oid":"550c68a8bd35434c4e00b1a5"},"created_at":"2015-03-20T18:36:19Z","updated_at":"2015-03-20T18:36:19Z","repo":"awesome-python","state":"open","user":{"login":"mbrukman","id":4074659},"owner":"vinta","closed_at":null,"id":63280171}
{"_id":{"$oid":"5549044ebd354370ea00dbff"},"created_at":"2015-03-21T06:01:53Z","updated_at":"2015-03-21T06:01:53Z","repo":"awesome-python","state":"open","user":{"login":"Parkayun","id":1791297},"owner":"vinta","closed_at":null,"id":63366733}
{"_id":{"$oid":"5549044ebd354370ea00dbfe"},"created_at":"2015-03-21T15:36:10Z","updated_at":"2015-03-21T15:36:10Z","repo":"awesome-python","state":"open","user":{"login":"josericardo","id":1643580},"owner":"vinta","closed_at":null,"id":63419119}
{"_id":{"$oid":"5549044ebd354370ea00dbfd"},"created_at":"2015-03-21T15:36:18Z","updated_at":"2015-03-21T15:36:18Z","repo":"awesome-python","state":"open","user":{"login":"jlstevens","id":890576},"owner":"vinta","closed_at":null,"id":63419124}
{"_id":{"$oid":"5549044ebd354370ea00dbfc"},"created_at":"2015-03-22T11:59:18Z","updated_at":"2015-03-22T11:59:18Z","repo":"awesome-python","state":"open","user":{"login":"Devroman","id":11426003},"owner":"vinta","closed_at":null,"id":63525075}
{"_id":{"$oid":"5549044ebd354370ea00dbfb"},"created_at":"2015-03-27T18:47:46Z","updated_at":"2015-03-27T18:47:46Z","repo":"awesome-python","state":"open","user":{"login":"CleanCut","id":5838512},"owner":"vinta","closed_at":null,"id":64827739}
{"_id":{"$oid":"5549044ebd354370ea00dbfa"},"created_at":"2015-03-28T16:07:19Z","updated_at":"2015-03-28T16:07:19Z","repo":"awesome-python","state":"open","user":{"login":"sherbang","id":275015},"owner":"vinta","closed_at":null,"id":64958973}
{"_id":{"$oid":"551cebd9bd354376e1006773"},"created_at":"2015-04-01T15:04:17Z","updated_at":"2015-04-01T15:04:17Z","repo":"awesome-python","state":"open","user":{"login":"Nodd","id":506348},"owner":"vinta","closed_at":null,"id":65707203}
{"_id":{"$oid":"5529d1fcbd35436169029bc7"},"created_at":"2015-04-05T05:39:04Z","updated_at":"2015-04-12T02:01:23Z","repo":"awesome-python","state":"open","user":{"login":"atmb4u","id":769447},"owner":"vinta","closed_at":null,"id":66405709}
{"_id":{"$oid":"5529d1fcbd35436169029bc6"},"created_at":"2015-04-06T08:06:44Z","updated_at":"2015-04-06T08:06:44Z","repo":"awesome-python","state":"open","user":{"login":"no13bus","id":3690806},"owner":"vinta","closed_at":null,"id":66553554}
{"_id":{"$oid":"5529d1fcbd35436169029bc5"},"created_at":"2015-04-06T09:23:24Z","updated_at":"2015-04-06T09:23:24Z","repo":"awesome-python","state":"open","user":{"login":"NamPNQ","id":2740696},"owner":"vinta","closed_at":null,"id":66567227}
{"_id":{"$oid":"5529d1fcbd35436169029bc4"},"created_at":"2015-04-07T13:53:41Z","updated_at":"2015-04-07T13:53:41Z","repo":"awesome-python","state":"open","user":{"login":"jck","id":315886},"owner":"vinta","closed_at":null,"id":66889210}
{"_id":{"$oid":"5529d1fcbd35436169029bc3"},"created_at":"2015-04-09T06:59:48Z","updated_at":"2015-04-09T06:59:48Z","repo":"awesome-python","state":"open","user":{"login":"christiankolding","id":809602},"owner":"vinta","closed_at":null,"id":67294693}
{"_id":{"$oid":"5529d1fcbd35436169029bc2"},"created_at":"2015-04-10T00:54:03Z","updated_at":"2015-04-10T00:54:03Z","repo":"awesome-python","state":"open","user":{"login":"wtolson","id":544858},"owner":"vinta","closed_at":null,"id":67481704}
{"_id":{"$oid":"5529d1fcbd35436169029bc1"},"created_at":"2015-04-11T15:00:27Z","updated_at":"2015-04-11T15:00:27Z","repo":"awesome-python","state":"open","user":{"login":"spikergit1","id":5686650},"owner":"vinta","closed_at":null,"id":67797174}
{"_id":{"$oid":"5529d1fcbd35436169029bc0"},"created_at":"2015-04-11T15:21:53Z","updated_at":"2015-04-11T15:21:53Z","repo":"awesome-python","state":"open","user":{"login":"rickhau","id":1428231},"owner":"vinta","closed_at":null,"id":67798689}
{"_id":{"$oid":"5549044ebd354370ea00dbf9"},"created_at":"2015-04-12T20:18:31Z","updated_at":"2015-04-12T20:18:31Z","repo":"awesome-python","state":"open","user":{"login":"andrej2704","id":1634247},"owner":"vinta","closed_at":null,"id":67953240}
{"_id":{"$oid":"5549044ebd354370ea00dbf8"},"created_at":"2015-04-12T21:42:08Z","updated_at":"2015-04-12T21:42:08Z","repo":"awesome-python","state":"open","user":{"login":"andrej2704","id":1634247},"owner":"vinta","closed_at":null,"id":67963298}
{"_id":{"$oid":"5549044ebd354370ea00dbf7"},"created_at":"2015-04-13T16:22:27Z","updated_at":"2015-04-13T16:22:27Z","repo":"awesome-python","state":"open","user":{"login":"John-Lin","id":4214069},"owner":"vinta","closed_at":null,"id":68137083}
{"_id":{"$oid":"5549044ebd354370ea00dbf6"},"created_at":"2015-04-13T18:08:59Z","updated_at":"2015-04-13T18:08:59Z","repo":"awesome-python","state":"open","user":{"login":"remyroy","id":303593},"owner":"vinta","closed_at":null,"id":68158992}
{"_id":{"$oid":"5549044ebd354370ea00dbf5"},"created_at":"2015-04-15T07:28:32Z","updated_at":"2015-04-15T07:28:32Z","repo":"awesome-python","state":"open","user":{"login":"kdebowski","id":2165223},"owner":"vinta","closed_at":null,"id":68600843}
{"_id":{"$oid":"5549044ebd354370ea00dbf4"},"created_at":"2015-04-15T13:29:31Z","updated_at":"2015-04-15T13:29:31Z","repo":"awesome-python","state":"open","user":{"login":"luzfcb","id":807599},"owner":"vinta","closed_at":null,"id":68683333}
{"_id":{"$oid":"5549044ebd354370ea00dbf3"},"created_at":"2015-04-19T13:28:45Z","updated_at":"2015-04-19T13:28:45Z","repo":"awesome-python","state":"open","user":{"login":"zero323","id":1554276},"owner":"vinta","closed_at":null,"id":69425166}
{"_id":{"$oid":"5549044ebd354370ea00dbf2"},"created_at":"2015-04-20T18:12:44Z","updated_at":"2015-04-20T18:12:44Z","repo":"awesome-python","state":"open","user":{"login":"dvska","id":1125170},"owner":"vinta","closed_at":null,"id":69647033}
{"_id":{"$oid":"553ca157bd354328f90098e6"},"created_at":"2015-04-26T08:26:55Z","updated_at":"2015-04-26T08:26:55Z","repo":"awesome-python","state":"open","user":{"login":"alexmarco","id":4004996},"owner":"vinta","closed_at":null,"id":71032607}
{"_id":{"$oid":"553d55fdbd35431d1100af8b"},"created_at":"2015-04-26T21:17:41Z","updated_at":"2015-04-26T21:17:41Z","repo":"awesome-python","state":"open","user":{"login":"viveksck","id":335394},"owner":"vinta","closed_at":null,"id":71121210}
{"_id":{"$oid":"553d841ebd35431d1d00b530"},"created_at":"2015-04-27T00:33:51Z","updated_at":"2015-04-27T00:33:51Z","repo":"awesome-python","state":"open","user":{"login":"rvalenzuelar","id":6894066},"owner":"vinta","closed_at":null,"id":71141442}
{"_id":{"$oid":"5549044dbd354370ea00dbf1"},"created_at":"2015-04-27T03:00:54Z","updated_at":"2015-04-27T03:00:54Z","repo":"awesome-python","state":"open","user":{"login":"hardikvasa","id":11687083},"owner":"vinta","closed_at":null,"id":71161614}
{"_id":{"$oid":"5549044dbd354370ea00dbf0"},"created_at":"2015-04-28T02:17:50Z","updated_at":"2015-04-28T02:17:50Z","repo":"awesome-python","state":"open","user":{"login":"jmcarp","id":1633460},"owner":"vinta","closed_at":null,"id":71455123}
{"_id":{"$oid":"5549044dbd354370ea00dbef"},"created_at":"2015-05-02T18:04:08Z","updated_at":"2015-05-02T18:04:08Z","repo":"awesome-python","state":"open","user":{"login":"marcwebbie","id":2798771},"owner":"vinta","closed_at":null,"id":72677261}
{"_id":{"$oid":"5549044dbd354370ea00dbee"},"created_at":"2015-05-03T20:16:43Z","updated_at":"2015-05-03T20:16:43Z","repo":"awesome-python","state":"open","user":{"login":"jlevy","id":2058167},"owner":"vinta","closed_at":null,"id":72859145}
{"_id":{"$oid":"5549044dbd354370ea00dbed"},"created_at":"2015-05-03T20:22:21Z","updated_at":"2015-05-03T20:22:21Z","repo":"awesome-python","state":"open","user":{"login":"jlevy","id":2058167},"owner":"vinta","closed_at":null,"id":72860105}
{"_id":{"$oid":"5549044dbd354370ea00dbec"},"created_at":"2015-05-03T23:45:53Z","updated_at":"2015-05-03T23:45:53Z","repo":"awesome-python","state":"open","user":{"login":"jlevy","id":2058167},"owner":"vinta","closed_at":null,"id":72884708}
{"_id":{"$oid":"5549044dbd354370ea00dbeb"},"created_at":"2015-05-04T14:44:04Z","updated_at":"2015-05-04T14:44:04Z","repo":"awesome-python","state":"open","user":{"login":"hknust","id":3392919},"owner":"vinta","closed_at":null,"id":73040341}
{"_id":{"$oid":"55490451bd354370ea00dc02"},"created_at":"2015-05-05T09:32:03Z","updated_at":"2015-05-05T17:56:24Z","repo":"awesome-python","state":"closed","user":{"login":"dfunckt","id":130359},"owner":"vinta","closed_at":"2015-05-05T17:53:37Z","id":73260597}
{"_id":{"$oid":"5561d475bd3543f19c00a686"},"created_at":"2015-05-07T11:54:01Z","updated_at":"2015-05-07T11:54:30Z","repo":"awesome-python","state":"open","user":{"login":"hellysmile","id":1834317},"owner":"vinta","closed_at":null,"id":73957996}
{"_id":{"$oid":"5561d475bd3543f19c00a685"},"created_at":"2015-05-11T02:41:20Z","updated_at":"2015-05-11T02:41:20Z","repo":"awesome-python","state":"open","user":{"login":"DrkSephy","id":1226900},"owner":"vinta","closed_at":null,"id":75061493}
{"_id":{"$oid":"55559e17bd3543fd6500d1de"},"created_at":"2015-05-15T07:19:41Z","updated_at":"2015-05-15T07:19:41Z","repo":"awesome-python","state":"open","user":{"login":"sected","id":3480000},"owner":"vinta","closed_at":null,"id":76630021}
{"_id":{"$oid":"55559fd1bd3543fbe700a5a9"},"created_at":"2015-05-15T07:27:09Z","updated_at":"2015-05-15T07:27:09Z","repo":"awesome-python","state":"open","user":{"login":"sected","id":3480000},"owner":"vinta","closed_at":null,"id":76632137}
{"_id":{"$oid":"5561d474bd3543f19c00a684"},"created_at":"2015-05-17T15:12:54Z","updated_at":"2015-05-17T15:12:54Z","repo":"awesome-python","state":"open","user":{"login":"ElvisTheKing","id":384889},"owner":"vinta","closed_at":null,"id":77329188}
{"_id":{"$oid":"5561d474bd3543f19c00a683"},"created_at":"2015-05-18T08:56:17Z","updated_at":"2015-05-18T08:56:17Z","repo":"awesome-python","state":"open","user":{"login":"mvj3","id":22362},"owner":"vinta","closed_at":null,"id":77568907}
{"_id":{"$oid":"5561d474bd3543f19c00a682"},"created_at":"2015-05-20T00:20:35Z","updated_at":"2015-05-21T00:37:16Z","repo":"awesome-python","state":"open","user":{"login":"onemouth","id":1407503},"owner":"vinta","closed_at":null,"id":78304012}
{"_id":{"$oid":"5560369bbd3543f2340076ee"},"created_at":"2015-05-23T05:18:04Z","updated_at":"2015-05-23T08:13:10Z","repo":"awesome-python","state":"open","user":{"login":"theskumar","id":236356},"owner":"vinta","closed_at":null,"id":79735460}
{"_id":{"$oid":"5561d478bd3543f19c00a687"},"created_at":"2015-05-24T13:35:29Z","updated_at":"2015-05-24T13:38:42Z","repo":"awesome-python","state":"closed","user":{"login":"vovanz","id":1778004},"owner":"vinta","closed_at":"2015-05-24T13:38:42Z","id":80163436}
{"_id":{"$oid":"55627af5bd3543f10600c54f"},"created_at":"2015-05-25T01:29:18Z","updated_at":"2015-05-25T01:29:18Z","repo":"awesome-python","state":"open","user":{"login":"prologic","id":1290234},"owner":"vinta","closed_at":null,"id":80332851}
{"_id":{"$oid":"55651d6dbd35430c380129ca"},"created_at":"2015-05-27T01:27:03Z","updated_at":"2015-05-27T01:27:03Z","repo":"awesome-python","state":"open","user":{"login":"storax","id":8513153},"owner":"vinta","closed_at":null,"id":81215750}
{"_id":{"$oid":"5565b6f1bd3543f06d013e74"},"created_at":"2015-05-27T12:21:58Z","updated_at":"2015-05-27T12:21:58Z","repo":"awesome-python","state":"open","user":{"login":"kv-kunalvyas","id":3695491},"owner":"vinta","closed_at":null,"id":81426331}
{"_id":{"$oid":"5577627fbd35432527002d00"},"created_at":"2015-05-27T12:42:12Z","updated_at":"2015-05-27T12:42:12Z","repo":"awesome-python","state":"open","user":{"login":"tiant167","id":1917887},"owner":"vinta","closed_at":null,"id":81431886}
{"_id":{"$oid":"5577627ebd35432527002cff"},"created_at":"2015-05-27T14:54:39Z","updated_at":"2015-05-27T14:54:39Z","repo":"awesome-python","state":"open","user":{"login":"goneri","id":49379},"owner":"vinta","closed_at":null,"id":81481124}
{"_id":{"$oid":"5577627ebd35432527002cfe"},"created_at":"2015-05-29T12:44:57Z","updated_at":"2015-05-29T12:44:57Z","repo":"awesome-python","state":"open","user":{"login":"cihann","id":72394},"owner":"vinta","closed_at":null,"id":82413063}
{"_id":{"$oid":"5577627dbd35432527002cfd"},"created_at":"2015-05-30T11:05:00Z","updated_at":"2015-05-30T11:05:00Z","repo":"awesome-python","state":"open","user":{"login":"Hellseher","id":6786129},"owner":"vinta","closed_at":null,"id":82781228}
{"_id":{"$oid":"5577627dbd35432527002cfc"},"created_at":"2015-06-02T00:37:41Z","updated_at":"2015-06-02T00:37:41Z","repo":"awesome-python","state":"open","user":{"login":"ankostis","id":501585},"owner":"vinta","closed_at":null,"id":83763035}
{"_id":{"$oid":"5577627cbd35432527002cfb"},"created_at":"2015-06-03T02:14:00Z","updated_at":"2015-06-03T02:14:00Z","repo":"awesome-python","state":"open","user":{"login":"wiygn","id":1924550},"owner":"vinta","closed_at":null,"id":84312627}
{"_id":{"$oid":"5577627cbd35432527002cfa"},"created_at":"2015-06-03T02:18:38Z","updated_at":"2015-06-03T02:18:38Z","repo":"awesome-python","state":"open","user":{"login":"wiygn","id":1924550},"owner":"vinta","closed_at":null,"id":84313794}
{"_id":{"$oid":"556e9a7dbd3543b6f20130e5"},"created_at":"2015-06-03T06:11:00Z","updated_at":"2015-06-03T06:11:00Z","repo":"awesome-python","state":"open","user":{"login":"sobolevn","id":4660275},"owner":"vinta","closed_at":null,"id":84383986}
{"_id":{"$oid":"5577627bbd35432527002cf9"},"created_at":"2015-06-03T08:07:47Z","updated_at":"2015-06-03T08:07:47Z","repo":"awesome-python","state":"open","user":{"login":"dhamaniasad","id":4560482},"owner":"vinta","closed_at":null,"id":84424951}
{"_id":{"$oid":"5571370cbd35432274003154"},"created_at":"2015-06-04T20:29:38Z","updated_at":"2015-06-05T05:43:32Z","repo":"awesome-python","state":"open","user":{"login":"Newman101","id":4118513},"owner":"vinta","closed_at":null,"id":85263355}
{"_id":{"$oid":"5571370cbd35432274003153"},"created_at":"2015-06-04T21:03:20Z","updated_at":"2015-06-04T21:03:20Z","repo":"awesome-python","state":"open","user":{"login":"kv-kunalvyas","id":3695491},"owner":"vinta","closed_at":null,"id":85276261}
{"_id":{"$oid":"5577627abd35432527002cf8"},"created_at":"2015-06-09T10:56:06Z","updated_at":"2015-06-09T10:56:06Z","repo":"awesome-python","state":"open","user":{"login":"hargup","id":2477788},"owner":"vinta","closed_at":null,"id":86554201}
{"_id":{"$oid":"55776285bd35432527002d01"},"created_at":"2015-06-09T16:24:53Z","updated_at":"2015-06-09T17:57:59Z","repo":"awesome-python","state":"closed","user":{"login":"dhamaniasad","id":4560482},"owner":"vinta","closed_at":"2015-06-09T17:57:35Z","id":86656224}
{"_id":{"$oid":"55878c97bd354359290037ee"},"created_at":"2015-06-20T02:50:52Z","updated_at":"2015-06-20T02:51:10Z","repo":"awesome-python","state":"open","user":{"login":"shakna-israel","id":2098729},"owner":"vinta","closed_at":null,"id":89706631}
{"_id":{"$oid":"55878c96bd354359290037ed"},"created_at":"2015-06-20T15:28:08Z","updated_at":"2015-06-20T15:28:08Z","repo":"awesome-python","state":"open","user":{"login":"ionelmc","id":129501},"owner":"vinta","closed_at":null,"id":89782345}
