{"_id":{"$oid":"51bc6c52bd3543817200de79"},"repo":"discourse","owner":"discourse","name":"bug"}
{"_id":{"$oid":"51bc6c52bd3543817200de7a"},"repo":"discourse","owner":"discourse","name":"duplicate"}
{"_id":{"$oid":"51bc6c52bd3543817200de7b"},"repo":"discourse","owner":"discourse","name":"enhancement"}
{"_id":{"$oid":"51bc6c52bd3543817200de7c"},"repo":"discourse","owner":"discourse","name":"invalid"}
{"_id":{"$oid":"51bc6c53bd3543817200de7d"},"repo":"discourse","owner":"discourse","name":"question"}
{"_id":{"$oid":"51bc6c53bd3543817200de7e"},"repo":"discourse","owner":"discourse","name":"wontfix"}
{"_id":{"$oid":"51bc6c53bd3543817200de7f"},"repo":"discourse","owner":"discourse","name":"setup"}
