{"_id":{"$oid":"51bb4386bd35437c340028bb"},"repo":"emscripten","owner":"kripken","name":"good first bug"}
{"_id":{"$oid":"51bb4386bd35437c340028bc"},"repo":"emscripten","owner":"kripken","name":"embind"}
{"_id":{"$oid":"51bb4386bd35437c340028bd"},"repo":"emscripten","owner":"kripken","name":"windows"}
{"_id":{"$oid":"51bb4386bd35437c340028be"},"repo":"emscripten","owner":"kripken","name":"EGL"}
{"_id":{"$oid":"51bb4386bd35437c340028bf"},"repo":"emscripten","owner":"kripken","name":"OSX"}
{"_id":{"$oid":"51bb4386bd35437c340028c0"},"repo":"emscripten","owner":"kripken","name":"Important"}
{"_id":{"$oid":"51bb4387bd35437c340028c1"},"repo":"emscripten","owner":"kripken","name":"tests"}
{"_id":{"$oid":"51bb4387bd35437c340028c2"},"repo":"emscripten","owner":"kripken","name":"triaged"}
{"_id":{"$oid":"51bb4387bd35437c340028c3"},"repo":"emscripten","owner":"kripken","name":"utf"}
{"_id":{"$oid":"52327ec4bd3543fa01000ff8"},"repo":"emscripten","owner":"kripken","name":"emsdk"}
{"_id":{"$oid":"52327ec4bd3543fa01000ff9"},"repo":"emscripten","owner":"kripken","name":"cygwin"}
{"_id":{"$oid":"52bc4a05bd3543a7580087b5"},"repo":"emscripten","owner":"kripken","name":"fastcomp"}
{"_id":{"$oid":"53d2b20bbd35433667000731"},"repo":"emscripten","owner":"kripken","name":"performance"}
{"_id":{"$oid":"53d53426bd354331ca00fd7a"},"repo":"emscripten","owner":"kripken","name":"IE Support"}
{"_id":{"$oid":"53d53426bd354331ca00fd7b"},"repo":"emscripten","owner":"kripken","name":"GL"}
{"_id":{"$oid":"53d572c7bd35432f3301b879"},"repo":"emscripten","owner":"kripken","name":"SDL"}
{"_id":{"$oid":"53d5764ebd35432e4c011e5a"},"repo":"emscripten","owner":"kripken","name":"GLEW"}
{"_id":{"$oid":"53d5764ebd35432e4c011e5b"},"repo":"emscripten","owner":"kripken","name":"GLFW"}
{"_id":{"$oid":"53d65265bd35432e3c0147ee"},"repo":"emscripten","owner":"kripken","name":"OpenAL"}
{"_id":{"$oid":"53d65265bd35432e3c0147ef"},"repo":"emscripten","owner":"kripken","name":"GLUT"}
{"_id":{"$oid":"53d65265bd35432e3c0147f0"},"repo":"emscripten","owner":"kripken","name":"CMake"}
{"_id":{"$oid":"53d6b8e3bd35432e1a01f3fe"},"repo":"emscripten","owner":"kripken","name":"HTML5 API"}
{"_id":{"$oid":"53d6b8e3bd35432e1a01f3ff"},"repo":"emscripten","owner":"kripken","name":"filesystem"}
{"_id":{"$oid":"5423e737bd3543692001d6af"},"repo":"emscripten","owner":"kripken","name":"SIMD"}
{"_id":{"$oid":"54bb19ddbd35431437005ee6"},"repo":"emscripten","owner":"kripken","name":"iOS"}
{"_id":{"$oid":"556f263cbd3543bf930166a6"},"repo":"emscripten","owner":"kripken","name":"multithreading"}
