{"_id":{"$oid":"545402d1bd3543e568006cf4"},"repo":"emscripten","owner":"kripken","login":"chadaustin","id":59987}
{"_id":{"$oid":"50b2c03bedecb517ee00231a"},"repo":"emscripten","owner":"kripken","login":"ehsan","id":168508}
{"_id":{"$oid":"520147d4bd3543b42a000140"},"repo":"emscripten","owner":"kripken","login":"inolen","id":460296}
{"_id":{"$oid":"50b2c03bedecb517ee00231b"},"repo":"emscripten","owner":"kripken","login":"juj","id":225351}
{"_id":{"$oid":"50b2c03bedecb517ee002319"},"repo":"emscripten","owner":"kripken","login":"kripken","id":173661}
{"_id":{"$oid":"524ca966bd3543d8aa003288"},"repo":"emscripten","owner":"kripken","login":"modeswitch","id":304186}
{"_id":{"$oid":"5314f4c5bd35437933028b2e"},"repo":"emscripten","owner":"kripken","login":"sunfishcode","id":4503403}
