{"_id":{"$oid":"53bc6783bd354378ec00687d"},"repo":"todomvc","owner":"tastejs","login":"ColinEberhardt","id":1098110}
{"_id":{"$oid":"53bc6783bd354378ec00687c"},"repo":"todomvc","owner":"tastejs","login":"chrisprice","id":433457}
{"_id":{"$oid":"53bc6783bd354378ec00687e"},"repo":"todomvc","owner":"tastejs","login":"mrpotes","id":959542}
{"_id":{"$oid":"53bc6783bd354378ec00687f"},"repo":"todomvc","owner":"tastejs","login":"passy","id":9906}
{"_id":{"$oid":"53bc6783bd354378ec006880"},"repo":"todomvc","owner":"tastejs","login":"paulmillr","id":574696}
{"_id":{"$oid":"53bc6783bd354378ec006881"},"repo":"todomvc","owner":"tastejs","login":"stephenplusplus","id":723048}
