{"_id":{"$oid":"51ba3c80bd354394f20001f0"},"repo":"todomvc","owner":"tastejs","name":"new app"}
{"_id":{"$oid":"51ba3c80bd354394f20001f1"},"repo":"todomvc","owner":"tastejs","name":"feature request"}
{"_id":{"$oid":"51ba3c80bd354394f20001f2"},"repo":"todomvc","owner":"tastejs","name":"app update"}
{"_id":{"$oid":"51ba3c80bd354394f20001f3"},"repo":"todomvc","owner":"tastejs","name":"bug"}
{"_id":{"$oid":"51ba3c81bd354394f20001f4"},"repo":"todomvc","owner":"tastejs","name":"site"}
{"_id":{"$oid":"51ba3c81bd354394f20001f5"},"repo":"todomvc","owner":"tastejs","name":"wishlist"}
{"_id":{"$oid":"51ba3c81bd354394f20001f6"},"repo":"todomvc","owner":"tastejs","name":"wiki"}
{"_id":{"$oid":"51ba3c81bd354394f20001f7"},"repo":"todomvc","owner":"tastejs","name":"discussion"}
{"_id":{"$oid":"51ba3c81bd354394f20001f8"},"repo":"todomvc","owner":"tastejs","name":"spec update"}
{"_id":{"$oid":"52effa5bbd3543fef502afc3"},"repo":"todomvc","owner":"tastejs","name":"agilityjs"}
{"_id":{"$oid":"52effa5bbd3543fef502afc4"},"repo":"todomvc","owner":"tastejs","name":"backbone"}
{"_id":{"$oid":"52effa5bbd3543fef502afc5"},"repo":"todomvc","owner":"tastejs","name":"maria"}
{"_id":{"$oid":"52effa5bbd3543fef502afc6"},"repo":"todomvc","owner":"tastejs","name":"dojo"}
{"_id":{"$oid":"52effa5bbd3543fef502afc7"},"repo":"todomvc","owner":"tastejs","name":"atmajs"}
{"_id":{"$oid":"52effa5bbd3543fef502afc8"},"repo":"todomvc","owner":"tastejs","name":"exoskeleton"}
{"_id":{"$oid":"52effa5bbd3543fef502afc9"},"repo":"todomvc","owner":"tastejs","name":"backbone_marionette"}
{"_id":{"$oid":"52effa5bbd3543fef502afca"},"repo":"todomvc","owner":"tastejs","name":"thorax"}
{"_id":{"$oid":"52effa5bbd3543fef502afcb"},"repo":"todomvc","owner":"tastejs","name":"thorax_lumber"}
{"_id":{"$oid":"52effa5bbd3543fef502afcc"},"repo":"todomvc","owner":"tastejs","name":"troopjs_require"}
{"_id":{"$oid":"52effa5bbd3543fef502afcd"},"repo":"todomvc","owner":"tastejs","name":"backbone_require"}
{"_id":{"$oid":"52effa5bbd3543fef502afce"},"repo":"todomvc","owner":"tastejs","name":"dermis"}
{"_id":{"$oid":"52effa5bbd3543fef502afcf"},"repo":"todomvc","owner":"tastejs","name":"kendo"}
{"_id":{"$oid":"52effa5bbd3543fef502afd0"},"repo":"todomvc","owner":"tastejs","name":"serenadejs"}
{"_id":{"$oid":"52effa5bbd3543fef502afd1"},"repo":"todomvc","owner":"tastejs","name":"soma"}
{"_id":{"$oid":"52effa5bbd3543fef502afd2"},"repo":"todomvc","owner":"tastejs","name":"batman"}
{"_id":{"$oid":"52effa5bbd3543fef502afd3"},"repo":"todomvc","owner":"tastejs","name":"stapes"}
{"_id":{"$oid":"52effa5bbd3543fef502afd4"},"repo":"todomvc","owner":"tastejs","name":"spine"}
{"_id":{"$oid":"52effa5bbd3543fef502afd5"},"repo":"todomvc","owner":"tastejs","name":"closure"}
{"_id":{"$oid":"52effa5bbd3543fef502afd6"},"repo":"todomvc","owner":"tastejs","name":"jquery"}
{"_id":{"$oid":"52effa5bbd3543fef502afd7"},"repo":"todomvc","owner":"tastejs","name":"knockback"}
{"_id":{"$oid":"52effa5bbd3543fef502afd8"},"repo":"todomvc","owner":"tastejs","name":"yui"}
{"_id":{"$oid":"52effa5bbd3543fef502afd9"},"repo":"todomvc","owner":"tastejs","name":"emberjs"}
{"_id":{"$oid":"52effa5bbd3543fef502afda"},"repo":"todomvc","owner":"tastejs","name":"derby"}
{"_id":{"$oid":"52effa5bbd3543fef502afdb"},"repo":"todomvc","owner":"tastejs","name":"ariatemplates"}
{"_id":{"$oid":"52effa5bbd3543fef502afdc"},"repo":"todomvc","owner":"tastejs","name":"dijon"}
{"_id":{"$oid":"52effa5bbd3543fef502afdd"},"repo":"todomvc","owner":"tastejs","name":"duel"}
{"_id":{"$oid":"52effa5bbd3543fef502afde"},"repo":"todomvc","owner":"tastejs","name":"epitome"}
{"_id":{"$oid":"52effa5bbd3543fef502afdf"},"repo":"todomvc","owner":"tastejs","name":"extjs_deftjs"}
{"_id":{"$oid":"52f01278bd3543fed602b9af"},"repo":"todomvc","owner":"tastejs","name":"olives"}
{"_id":{"$oid":"52f01278bd3543fed602b9b0"},"repo":"todomvc","owner":"tastejs","name":"plastronjs"}
{"_id":{"$oid":"52f01278bd3543fed602b9b1"},"repo":"todomvc","owner":"tastejs","name":"puremvc"}
{"_id":{"$oid":"52f016a0bd3543febe02abe5"},"repo":"todomvc","owner":"tastejs","name":"rappidjs"}
{"_id":{"$oid":"52f016a0bd3543febe02abe6"},"repo":"todomvc","owner":"tastejs","name":"typescript-angular"}
{"_id":{"$oid":"52f016a0bd3543febe02abe7"},"repo":"todomvc","owner":"tastejs","name":"typescript-backbone"}
{"_id":{"$oid":"52f38937bd35438d42001671"},"repo":"todomvc","owner":"tastejs","name":"angularjs_require"}
{"_id":{"$oid":"52f38937bd35438d42001672"},"repo":"todomvc","owner":"tastejs","name":"backbone_marionette_require"}
{"_id":{"$oid":"52f38937bd35438d42001673"},"repo":"todomvc","owner":"tastejs","name":"flight"}
{"_id":{"$oid":"52f38937bd35438d42001674"},"repo":"todomvc","owner":"tastejs","name":"knockoutjs_require"}
{"_id":{"$oid":"52f38937bd35438d42001675"},"repo":"todomvc","owner":"tastejs","name":"somajs_require"}
{"_id":{"$oid":"52f38937bd35438d42001676"},"repo":"todomvc","owner":"tastejs","name":"stapes_require"}
{"_id":{"$oid":"52f38937bd35438d42001677"},"repo":"todomvc","owner":"tastejs","name":"sammyjs"}
{"_id":{"$oid":"52f38937bd35438d42001678"},"repo":"todomvc","owner":"tastejs","name":"durandal"}
{"_id":{"$oid":"52f38937bd35438d42001679"},"repo":"todomvc","owner":"tastejs","name":"chaplin-brunch"}
{"_id":{"$oid":"52f38937bd35438d4200167a"},"repo":"todomvc","owner":"tastejs","name":"browser-tests"}
{"_id":{"$oid":"530f0927bd35437946007248"},"repo":"todomvc","owner":"tastejs","name":"react"}
{"_id":{"$oid":"530f0928bd35437946007249"},"repo":"todomvc","owner":"tastejs","name":"knockoutjs"}
{"_id":{"$oid":"530f0928bd3543794600724a"},"repo":"todomvc","owner":"tastejs","name":"componentjs"}
{"_id":{"$oid":"530f0928bd3543794600724b"},"repo":"todomvc","owner":"tastejs","name":"lavaca_require"}
{"_id":{"$oid":"530f0928bd3543794600724c"},"repo":"todomvc","owner":"tastejs","name":"polymer"}
{"_id":{"$oid":"53a2972abd3543f7dd00c98d"},"repo":"todomvc","owner":"tastejs","name":"help wanted"}
{"_id":{"$oid":"54215f6abd354368a8013c44"},"repo":"todomvc","owner":"tastejs","name":"review"}
{"_id":{"$oid":"54ca1fe3bd354398a7000269"},"repo":"todomvc","owner":"tastejs","name":"enyo_backbone"}
{"_id":{"$oid":"54ca1fe3bd354398a700026a"},"repo":"todomvc","owner":"tastejs","name":"gwt"}
{"_id":{"$oid":"54ca1fe3bd354398a700026b"},"repo":"todomvc","owner":"tastejs","name":"failing-tests"}
